sample_id,timestamp,Label,Max_Amplitude,R1,R2,R3,R4,R5,R6,R7,R8,R9,R10,R11,R12,R13,R14,R15,R16,R17,R18,R19,R20,R21,R22,R23,R24,R25,R26,R27,R28,R29,R30,R31,R32,R33,R34,R35,R36,R37,R38,R39,R40,R41,R42,R43,R44,R45,R46,R47,R48,R49,R50,R51,R52,R53,R54,R55,R56,R57,R58,R59,R60,R61,R62,R63,R64
1,0,Fake,3370,106,208,312,384,511,607,585,803,1057,1018,1118,1202,1335,1387,1503,1614,1712,1817,1934,2002,2108,2153,2298,2412,2490,2758,2537,2803,2907,2983,3037,3216,3370,3184,3008,2933,2787,2703,2559,2460,2334,2210,2096,1997,1821,1793,1680,1605,1397,1369,1252,1151,1072,954,848,727,624,540,434,341,211,126,104,0
2,0,Fake,3263,65,117,219,321,421,528,631,729,831,935,1042,1136,1231,1330,1434,1528,1651,1744,1834,1931,2032,2137,2240,2323,2415,2509,2625,2723,2813,2918,3026,3157,3263,3097,2960,2833,2734,2613,2486,2382,2268,2176,2064,1946,1841,1731,1633,1521,1408,1306,1202,1100,989,881,778,683,577,480,378,281,185,85,0,0
3,0,Fake,3194,15,66,174,304,330,511,610,708,834,912,1020,1149,1191,1329,1407,1513,1597,1675,1821,1872,1999,1839,2192,2306,2399,2503,2643,2733,2770,2894,3001,3136,3194,3024,2940,2736,2685,2559,2452,2394,2254,2155,2039,1882,1815,1712,1621,1520,1408,1283,1230,1059,1089,848,734,701,511,462,335,250,128,48,0,0
4,0,Fake,3213,0,80,192,286,350,439,645,685,832,765,987,1095,1210,1299,1422,1499,1610,1713,1795,1907,1999,2074,2211,2445,2442,2460,2592,2682,2793,2896,2990,3115,3213,3071,2939,2802,2688,2559,2224,2367,2128,2059,2059,1834,1787,1712,1598,1487,1345,1271,1179,1083,906,805,752,649,576,435,304,268,158,15,0,0
5,0,Fake,3138,0,95,159,201,363,497,613,700,785,895,990,1096,1138,1288,1397,1456,1585,1701,1912,1890,1908,2123,2151,2261,2416,2480,2582,2659,2782,2867,2988,3109,3138,3036,2916,2780,2688,2596,2443,2315,2237,2230,2026,1904,1802,1699,1594,1471,1374,1275,1189,1054,990,828,770,681,561,399,257,230,140,42,0,0
6,0,Fake,3203,0,64,167,272,379,471,581,677,784,882,982,1087,1195,1284,1385,1488,1602,1699,1783,1883,1978,2083,2185,2264,2368,2462,2559,2672,2773,2866,2971,3081,3203,3052,2906,2778,2673,2559,2444,2337,2214,2112,2013,1904,1789,1685,1583,1472,1366,1253,1148,1045,944,835,733,635,532,432,336,228,135,37,0,0
7,0,Fake,3168,0,12,176,267,434,421,583,671,771,852,973,1056,1187,1302,1407,1481,1744,1669,1893,1872,2086,2081,2124,2291,2374,2463,2559,2651,2766,2868,2969,3102,3168,3070,2913,2970,2614,2544,2455,2320,2217,2111,1999,1912,1799,1659,1568,1425,1360,1251,1142,987,853,871,799,630,545,422,323,206,158,51,0,0
8,0,Fake,3173,0,66,150,269,372,462,571,705,778,831,964,1017,1187,1305,1435,1459,1535,1865,1779,1851,1872,2070,2166,2271,2378,2478,2555,2640,2709,2867,2960,3082,3173,3010,2839,2823,2672,2513,2435,2326,2203,2099,2065,1914,1726,1636,1591,1450,1307,1248,1040,979,862,673,715,623,511,444,299,208,116,45,0,0
9,0,Fake,3152,0,80,144,253,349,466,545,671,777,823,966,1072,1122,1243,1366,1489,1721,1776,1799,1867,1970,2069,2176,2226,2337,2469,2544,2629,2771,2843,2987,2953,3152,2992,2927,2761,2666,2544,2431,2314,2197,2106,2001,1821,1766,1662,1535,1457,1281,1184,1155,1023,922,816,726,617,527,401,298,237,113,14,0,0
10,0,Fake,3173,0,37,145,252,351,447,558,657,755,848,957,1057,1168,1265,1361,1458,1564,1674,1773,1863,1953,2054,2161,2261,2346,2439,2544,2655,2749,2846,2949,3047,3173,3024,2887,2764,2654,2526,2429,2305,2205,2096,1983,1873,1776,1663,1535,1447,1337,1237,1119,1015,912,814,711,611,498,400,305,213,112,16,0,0
11,0,Fake,3157,0,30,137,240,327,453,530,660,687,958,926,1059,1162,1248,1349,1456,1569,1655,1774,1853,1931,2079,2134,2207,2411,2349,2512,2559,2819,2831,2931,3056,3157,2995,2870,2739,2643,2538,2412,2255,2219,2033,1984,1866,1627,1658,1558,1442,1321,1230,1115,1014,927,816,698,368,500,403,289,208,84,0,0,0
12,0,Fake,3146,0,34,139,181,345,487,576,730,757,851,947,1047,1121,1285,1361,1466,1579,1648,1757,1868,1957,1968,2161,2223,2416,2410,2523,2631,2726,2834,2910,3050,3146,3018,2879,2640,2631,2441,2439,2314,2081,2082,1961,1866,1765,1638,1535,1425,1331,1223,1104,980,911,802,598,592,525,374,292,195,113,0,0,0
13,0,Fake,3151,0,29,132,234,320,489,537,648,747,828,937,1140,1112,1265,1311,1399,1562,1647,1744,1830,1939,2039,2131,2213,2318,2416,2531,2691,2809,2806,2989,3044,3151,2996,2787,2739,2601,2521,2384,2291,2180,2096,1976,1872,1728,1743,1666,1434,1318,1211,1162,1002,911,787,709,641,483,277,187,210,111,154,0,0
14,0,Fake,3161,0,26,128,237,332,436,542,649,743,842,946,1049,1150,1255,1349,1447,1558,1660,1761,1847,1943,2043,2159,2243,2320,2430,2527,2644,2737,2832,2942,3046,3161,3013,2864,2750,2640,2518,2416,2305,2191,2080,1968,1872,1767,1646,1535,1436,1332,1231,1117,1005,897,805,701,589,490,388,294,195,98,0,0,0
15,0,Fake,3141,0,0,123,231,332,411,556,639,707,848,951,1040,1189,1259,1336,1452,1499,1618,1747,1841,1941,2070,2158,2227,2291,2437,2512,2653,2717,2896,2864,3006,3141,3033,2873,2761,2672,2526,2371,2295,2228,2123,1975,1979,1745,1555,1637,1446,1147,1157,1121,1011,918,816,698,593,497,385,291,176,80,11,0,0
16,0,Fake,3171,0,0,167,222,334,431,550,653,735,839,931,1023,1136,1217,1329,1446,1534,1565,1740,1765,1909,2126,2140,2238,2333,2427,2531,2626,2715,2824,2895,3042,3171,3087,2871,2756,2559,2482,2171,2289,2185,2074,1990,1872,1772,1648,1535,1449,1297,1242,1040,928,916,832,672,592,485,384,330,167,87,17,0,0
17,0,Fake,3136,0,28,194,229,373,422,528,628,757,847,911,1040,1089,1229,1330,1535,1621,1535,1844,1845,1897,2038,2138,2307,2348,2417,2527,2623,2733,2863,2914,3030,3136,2999,2874,2808,2601,2507,2397,2310,2187,2087,1968,1867,1739,1649,1643,1348,1245,1248,1059,1072,895,790,682,654,419,341,261,187,102,41,0,0
18,0,Fake,3151,0,112,117,129,464,423,528,660,704,814,945,1034,1120,1234,1345,1424,1525,1649,1808,1535,1910,2035,2145,2230,2321,2416,2535,2661,2741,2828,2915,3042,3151,3027,2882,2767,2649,2521,2405,2282,2181,2092,1930,1890,1729,1639,1526,1456,1309,1201,1101,976,895,789,684,575,482,383,252,158,84,0,0,0
19,0,Fake,3147,0,2,125,44,288,422,527,647,718,830,913,1041,1136,1221,1390,1408,1569,1680,1727,1759,1920,2034,2128,2194,2320,2398,2528,2595,2706,2821,2890,2928,3147,2961,2844,2754,2619,2519,2389,2303,2172,2067,1968,1866,1750,1672,1526,1609,1372,1247,1135,980,888,786,681,583,464,373,291,112,78,0,0,0
20,0,Fake,3145,0,1,107,206,306,476,523,560,684,819,849,938,1092,1247,1350,1199,1535,1631,1719,1845,1945,2032,2123,2247,2316,2461,2470,2586,2671,2774,2995,3029,3145,2983,2849,2729,2640,2512,2390,2274,2185,2001,1943,1766,1712,1635,1615,1426,1293,1200,1073,983,910,783,674,570,470,387,231,243,80,0,0,0
21,0,Fake,3136,0,0,94,137,398,426,430,546,718,816,909,1034,1103,1251,1350,1423,1533,1696,1713,1833,1861,2157,2146,2213,2311,2393,2528,2631,2715,2877,2940,3024,3136,2993,2848,2686,2645,2379,2403,2253,2169,2063,1966,1849,1744,1633,1521,1424,1301,1198,1083,982,891,782,674,570,465,375,274,174,71,0,0,0
22,0,Fake,3134,0,0,95,214,308,418,561,617,683,843,983,1174,1065,1238,1335,1426,1525,1627,1659,1861,1984,2042,2133,2197,2320,2339,2484,2587,2708,2817,2915,3011,3134,2993,2854,2735,2621,2503,2422,2307,2138,2151,2137,1831,1725,1630,1521,1399,1313,1196,1082,1023,897,789,855,541,430,531,263,120,70,0,0,0
23,0,Fake,3135,0,3,104,206,382,417,447,629,845,817,922,1072,1157,1216,1280,1408,1520,1628,1657,1824,1875,2058,2149,2220,2304,2407,2515,2622,2704,2803,2913,3038,3135,2976,2837,2690,2623,2525,2325,2275,2163,2071,1923,1831,1714,1639,1502,1427,1309,1194,1067,1134,779,782,693,568,464,373,257,183,74,0,0,0
24,0,Fake,3165,0,0,130,209,336,449,507,773,721,817,908,973,1121,1239,1332,1424,1521,1623,1679,1841,1891,2000,2160,2192,2320,2399,2495,2603,2749,2809,2943,3040,3103,3165,2838,2686,2585,2512,2414,2271,2160,2064,1951,1854,1730,1620,1520,1413,1168,1206,1085,1008,912,867,688,565,467,390,266,157,106,2,0,0
25,0,Fake,3120,0,0,112,240,340,393,511,609,707,832,887,1023,1122,1227,1309,1347,1493,1585,1915,1821,1921,2010,2130,2226,2324,2403,2513,2559,2672,2768,2891,2978,3120,2829,2854,2721,2608,2512,2407,2273,2188,2017,1953,1841,1791,1660,1661,1409,1313,1206,1091,978,858,774,663,556,450,353,260,143,66,0,0,0
26,0,Fake,3097,0,0,59,205,299,390,547,590,715,784,898,1018,1102,1394,1328,1415,1509,1570,1723,1847,1908,2032,2090,2208,2287,2508,2480,2518,2716,2793,2912,3003,3097,2959,2851,2730,2608,2482,2384,2313,2155,1983,2103,1851,1659,1628,1515,1397,1277,1141,1081,976,850,752,656,574,387,305,249,240,64,0,0,0
27,0,Fake,3133,0,0,94,200,299,368,498,584,695,801,943,992,1261,1191,1169,1392,1507,1617,1728,1811,1867,2013,2103,2198,2331,2372,2450,2609,2694,2775,2816,3007,3133,2974,2825,2759,2613,2490,2398,2259,2161,2072,1842,1803,1742,1674,1503,1403,1307,1174,1072,973,875,775,657,570,436,402,182,163,48,0,0,0
28,0,Fake,3098,0,0,91,199,295,393,495,608,701,811,907,1004,1110,1213,1307,1402,1511,1616,1725,1808,1907,2005,2099,2206,2304,2397,2495,2590,2705,2798,2896,3004,3098,2979,2843,2711,2594,2481,2381,2271,2157,2046,1933,1835,1728,1610,1500,1393,1294,1188,1072,960,858,765,666,556,451,347,251,158,50,0,0,0
29,0,Fake,3103,0,0,85,286,296,393,498,625,698,811,890,1012,1130,1200,1283,1343,1502,1634,1719,1817,1908,2000,2127,2218,2311,2405,2504,2559,2704,2655,2983,3024,3103,2914,2863,2723,2608,2506,2387,2317,2171,2004,1946,1837,1680,1648,1582,1319,1250,1204,1072,972,893,783,655,562,450,366,246,351,78,9,0,0
30,0,Fake,3110,0,0,136,173,284,383,485,560,731,804,904,1022,1109,1194,1306,1421,1498,1610,1693,1994,1878,1945,1949,2192,2297,2398,2498,2613,2675,2844,2896,3008,3110,2963,2802,2698,2559,2557,2374,2258,2149,2000,1961,1819,1708,1616,1517,1405,1151,1183,1127,818,851,674,643,558,427,379,274,155,33,0,0,0
31,0,Fake,3121,0,0,86,183,214,391,485,627,709,793,962,918,1134,1214,1392,1474,1511,1604,1729,1827,1913,2029,2118,2211,2291,2383,2501,2595,2742,2806,2896,2999,3121,2965,2831,2709,2599,2497,2371,2187,2187,2066,1859,1789,1722,1621,1479,1392,1278,1165,1061,971,861,785,656,551,475,478,325,167,57,0,0,0
32,0,Fake,3156,0,0,64,226,291,392,484,597,752,805,858,1000,1104,1070,1307,1362,1502,1649,1535,1805,1904,2001,2132,2192,2297,2386,2503,2608,2678,2770,2871,2983,3156,2960,2831,2717,2602,2526,2295,2247,2153,2081,1936,1808,1725,1811,1478,1273,1287,1168,1072,959,887,772,651,546,427,358,243,160,0,0,0,0
33,0,Fake,3090,0,0,0,179,295,326,509,586,689,834,898,994,1095,1214,1303,1430,1499,1535,1727,1782,1933,2000,2095,2194,2300,2393,2517,2581,2681,2787,2752,2993,3090,2841,2835,2704,2592,2475,2361,2274,2161,2020,1922,1829,1727,1648,1503,1328,1267,1126,982,951,853,740,635,545,432,353,207,154,63,0,0,0
34,0,Fake,3071,0,0,80,192,322,375,501,624,691,811,915,1056,1115,1076,1206,1396,1501,1602,1691,1803,1916,1997,2051,2191,2293,2419,2582,2535,2723,2526,2896,2998,3071,2981,2826,2687,2598,2502,2357,2192,2128,1922,1999,1815,1732,1587,1497,1392,1283,1170,1059,886,841,753,645,497,373,333,244,321,47,0,0,0
35,0,Fake,3093,0,0,83,176,272,399,532,587,852,792,892,991,1098,1199,1296,1398,1492,1595,1702,1891,1874,1936,2105,2238,2437,2382,2480,2559,2682,2800,2877,3008,3093,2960,2722,2707,2677,2494,2320,2320,2150,2031,1922,1826,1714,1593,1490,1387,1053,1173,1085,964,871,731,660,544,445,336,222,133,49,0,0,0
36,0,Fake,3071,0,0,67,176,231,351,481,570,688,752,882,979,1097,1200,1307,1405,1519,1586,1689,1810,1879,1953,2078,2241,2269,2390,2471,2559,2685,2812,2880,2992,3071,2960,2852,2745,2453,2416,2341,2215,2166,1992,1919,1797,1698,1600,1505,1383,1276,1189,1077,889,850,798,657,563,448,343,251,145,48,0,0,0
37,0,Fake,3154,0,0,72,164,285,371,413,549,657,808,873,991,1088,1186,1259,1379,1469,1603,1709,1841,1839,1958,2060,2248,2259,2371,2489,2587,2702,2809,2883,2882,3154,2964,2817,2710,2559,2539,2286,2245,2133,2031,1926,1821,1699,1616,1476,1417,1278,1120,1056,951,807,739,672,479,507,307,234,142,45,0,0,0
38,0,Fake,3087,0,0,70,174,280,374,485,579,685,785,882,976,1090,1194,1287,1391,1494,1594,1702,1797,1889,1985,2090,2189,2283,2382,2478,2559,2685,2785,2868,2977,3087,2956,2828,2701,2559,2457,2361,2247,2137,2016,1911,1820,1705,1595,1485,1386,1268,1168,1059,947,848,747,640,533,430,336,231,142,46,0,0,0
39,0,Fake,3091,0,0,80,177,272,375,574,586,850,854,908,1288,1121,1191,1279,1392,1477,1611,1698,1805,1879,1996,2086,2207,2283,2394,2539,2556,2679,2774,2853,2985,3091,2941,2844,2687,2593,2467,2273,2215,2110,1986,1897,1813,1712,1606,1535,1376,1269,1162,1054,903,843,744,635,550,365,333,240,132,24,0,0,0
40,0,Fake,3067,0,0,64,179,256,386,487,589,659,771,781,982,1089,1276,1283,1382,1520,1611,1682,1796,1913,2067,2014,2174,2265,2384,2468,2559,2675,2800,2867,2965,3067,2951,2807,2726,2591,2376,2358,2226,2101,2021,1919,1813,1648,1599,1509,1366,1258,1136,1069,960,917,739,588,646,450,330,248,170,80,0,0,0
41,0,Fake,3086,0,0,71,147,272,381,483,561,685,789,902,973,1049,1158,1247,1371,1491,1606,1666,1810,1875,1995,2096,2173,2215,2340,2435,2607,2609,2763,2873,2992,3086,2973,2777,2687,2605,2490,2179,2223,2026,1949,1955,1857,1911,1588,1449,1360,1223,1150,1062,978,827,735,595,540,423,178,265,112,30,0,0,0
42,0,Fake,3068,0,0,39,176,286,371,540,567,638,784,848,989,1088,1182,1293,1386,1488,1598,1680,1808,1885,1995,2107,2083,2314,2388,2448,2559,2681,2761,2832,2982,3068,2999,2832,2695,2530,2553,2258,2240,2094,2013,1905,1814,1699,1616,1482,1372,1280,1212,1054,1087,922,721,741,593,422,339,223,128,43,0,0,0
43,0,Fake,3070,0,0,81,161,244,368,478,550,687,766,841,993,1020,1172,1269,1377,1518,1587,1696,1804,1937,1982,1871,2113,2479,2328,2434,2585,2656,2763,2816,2995,3070,2944,2797,2710,2592,2448,2287,2250,2128,1889,1916,1795,1692,1559,1474,1370,1245,1187,1045,1012,753,689,631,538,354,330,224,131,47,0,0,0
44,0,Fake,3014,0,0,62,270,283,320,463,576,701,782,875,989,1061,1201,1280,1371,1483,1584,1712,1766,1873,2021,1955,2224,2266,2375,2481,2559,2670,2765,2907,2983,3014,2853,2782,2690,2597,2365,2328,2234,2126,2023,1919,1811,1703,1596,1478,1440,1235,1138,1068,926,880,757,622,511,433,334,222,114,30,0,0,0
45,0,Fake,3065,0,0,64,167,266,364,463,578,663,770,871,976,1075,1181,1278,1374,1479,1585,1685,1791,1881,1970,2066,2179,2277,2371,2467,2558,2672,2774,2864,2967,3065,2944,2813,2688,2559,2455,2352,2240,2122,2015,1905,1805,1693,1580,1469,1367,1263,1158,1050,941,841,738,636,530,427,330,221,124,23,0,0,0
46,0,Fake,3066,0,0,48,143,259,464,436,581,659,769,818,973,1076,1183,1286,1370,1487,1647,1688,1787,1744,1966,2073,2187,2224,2243,2462,2559,2670,2761,2864,2977,3066,2938,2812,2650,2468,2415,2283,2195,2133,2020,1911,1804,1678,1591,1489,1392,1287,1139,1036,868,866,711,567,483,430,400,215,128,19,0,0,0
47,0,Fake,3042,0,0,109,183,279,410,511,659,660,758,872,969,1115,1174,1279,1374,1488,1506,1703,1805,1856,1972,1807,2159,2267,2374,2496,2530,2640,2759,2887,2983,3042,2908,2899,2647,2555,2455,2336,2185,2149,2022,1904,1798,1689,1594,1472,1354,1262,1171,1072,907,847,723,623,527,419,322,206,111,33,0,0,0
48,0,Fake,3067,0,0,48,157,245,290,475,628,700,747,867,976,1119,1183,1293,1384,1464,1648,1659,1771,1928,1946,2087,1899,2257,2367,2474,2559,2672,2753,2883,2992,3067,2903,2730,2870,2549,2387,2273,2228,2121,2021,1918,1774,1683,1582,1426,1367,1238,1104,1006,962,815,691,609,511,426,324,218,128,27,0,0,0
49,0,Fake,3058,0,0,76,173,290,358,471,576,624,944,892,900,1082,1179,1274,1341,1485,1535,1693,1792,1885,1966,2071,2139,2229,2373,2180,2554,2657,2779,2893,3002,3058,2925,2809,2674,2526,2462,2311,2345,2185,2017,1905,1797,1698,1577,1535,1359,1262,1146,1053,867,934,705,615,544,459,333,217,80,21,0,0,0
50,0,Fake,3024,0,0,39,191,269,276,461,491,734,823,826,967,1072,1179,1282,1391,1494,1504,1697,1791,1872,1936,2043,2190,2273,2351,2462,2558,2673,2771,2835,2971,3024,2934,2871,2679,2544,2433,2342,2204,2114,2009,1894,1762,1693,1569,1479,1253,1251,1170,1023,971,855,728,619,526,420,304,168,122,27,0,0,0
51,0,Fake,3061,0,0,0,162,251,348,375,571,720,765,870,975,1077,1163,1264,1335,1511,1623,1657,1776,1792,1898,1943,2122,2256,2361,2449,2559,2683,2769,2832,2975,3051,3061,2967,2635,2559,2403,2366,2240,2128,2021,1906,1805,1683,1659,1465,1495,1245,1146,1073,931,926,739,623,534,474,345,189,128,3,0,0,0
52,0,Fake,3057,0,0,0,75,259,350,464,501,661,751,872,978,1072,1019,1282,1375,1535,1573,1642,1777,1873,1984,2064,2181,2288,2361,2458,2473,2704,2645,3056,2953,3057,2935,2813,2672,2559,2469,2340,2239,2091,2011,1863,1785,1744,1579,1458,1328,1253,1150,1044,928,816,741,621,501,413,559,207,65,23,0,0,0
53,0,Fake,3071,0,0,33,141,240,329,446,561,659,727,803,967,1061,1104,1280,1372,1479,1573,1667,1807,1872,1982,2065,2022,2267,2529,2495,2559,2778,2758,2863,2960,3071,2929,2788,2673,2587,2455,2323,2209,2163,2000,1889,1726,1680,1575,1451,1344,1309,1158,1040,922,807,613,655,511,449,297,197,111,17,0,0,0
54,0,Fake,3031,0,0,64,149,229,368,457,594,619,864,979,947,1082,1167,1264,1378,1469,1589,1678,1725,1872,2057,2087,2222,2241,2376,2465,2559,2661,2749,2847,2954,3031,2868,2800,2670,2602,2471,2278,2222,2254,2001,1901,1792,1680,1569,1472,1371,1255,1113,1037,951,835,624,672,595,400,317,211,105,22,0,0,0
55,0,Fake,3047,0,0,43,150,256,351,453,555,659,752,865,967,1065,1168,1264,1370,1477,1578,1679,1762,1872,1972,2068,2160,2256,2369,2455,2548,2643,2750,2864,2969,3047,2918,2791,2674,2559,2453,2331,2221,2115,2011,1899,1787,1680,1573,1469,1361,1241,1141,1023,928,823,720,625,498,418,316,208,112,16,0,0,0
56,0,Fake,3111,0,71,29,154,255,342,451,549,662,754,869,960,1063,1159,1328,1379,1449,1498,1679,1783,1866,1984,2085,2174,2282,2357,2455,2773,2590,2800,2843,2896,3111,2927,2801,2703,2559,2448,2333,2167,2099,1868,1924,1869,1823,1586,1473,1362,1250,1143,1038,919,805,718,610,522,503,290,129,112,18,0,0,0
57,0,Fake,3100,0,0,48,154,245,368,432,544,656,729,894,922,994,1106,1353,1393,1515,1535,1674,1775,1874,1956,2059,2182,2211,2362,2381,2603,2768,2773,2877,2931,3100,2928,2794,2608,2557,2455,2343,2277,2111,1778,1873,1790,1634,1564,1338,1342,1251,1136,1031,945,823,737,630,511,431,309,176,117,9,0,0,0
58,0,Fake,3056,0,0,50,228,294,350,448,464,634,754,853,954,1071,1158,1259,1333,1471,1571,1678,1763,1861,2013,2066,2159,2256,2365,2449,2530,2635,2740,2854,2962,3056,2896,2845,2782,2559,2451,2333,2214,2128,2000,1894,1767,1664,1578,1461,1296,1418,1107,1142,940,824,720,607,528,405,313,188,81,65,0,0,0
59,0,Fake,3055,0,0,225,139,259,343,450,562,642,714,853,965,1071,1143,1431,1366,1494,1573,1669,1772,1835,1919,2067,2164,2234,2368,2443,2445,2796,2782,2841,2958,3055,2927,2806,2669,2555,2449,2335,2249,2147,1986,1954,1799,1707,1535,1554,1362,1251,1142,1003,923,873,677,625,506,438,247,240,110,6,0,0,0
60,0,Fake,3042,0,0,79,159,175,368,465,555,547,798,832,927,1075,1117,1250,1365,1481,1573,1664,1759,1861,2022,2043,2103,2224,2356,2446,2581,2695,2741,2861,2986,3042,2913,2817,2624,2582,2427,2338,2161,2114,2138,1918,1782,1677,1568,1463,1360,1227,1127,1035,966,623,738,741,497,415,309,207,114,3,0,0,0
61,0,Fake,3153,0,0,45,107,279,354,450,546,656,737,864,960,1075,1168,1168,1345,1468,1566,1665,1689,1856,1962,2071,2159,2242,2345,2464,2546,2661,2736,3009,3153,3066,2822,2777,2663,2549,2434,2362,2217,2102,2026,1925,1786,1681,1596,1453,1317,1245,1105,1023,935,817,704,620,501,432,313,213,80,43,0,0,0
62,0,Fake,3054,0,0,36,149,246,350,463,556,641,828,871,950,1079,1226,1264,1360,1460,1614,1662,1776,1859,1951,2068,2262,2242,2526,2448,2517,2625,2746,2847,2961,3054,2926,2782,2700,2543,2449,2368,2235,2032,1977,1772,1845,1673,1568,1430,1349,1241,1170,995,932,821,752,545,577,350,336,219,101,3,0,0,0
63,0,Fake,3052,0,0,63,150,252,353,445,540,631,671,885,962,1062,1154,1281,1347,1456,1564,1679,1795,1859,1947,2000,2186,2238,2347,2443,2501,2650,2779,2810,2943,3052,2927,2843,2674,2455,2418,2346,2218,2098,1994,1895,1819,1680,1558,1425,1344,1245,1034,1012,860,830,709,676,498,402,292,206,80,0,0,0,0
64,0,Fake,3120,0,0,15,148,244,345,450,483,645,765,872,929,1073,1165,1244,1451,1413,1570,1823,1750,1866,1965,2078,2157,2257,2344,2480,2557,2641,2737,2816,2941,3027,3120,2789,2668,2583,2458,2340,2207,2091,1984,1897,1729,1664,1633,1418,1243,1300,1125,1015,912,814,706,593,495,373,267,114,155,0,0,0,0
65,0,Fake,3050,0,0,39,138,256,351,446,574,688,710,992,935,1040,1136,1255,1293,1479,1570,1680,1778,1865,1936,2080,2162,2251,2343,2379,2480,2735,2746,2838,2946,3050,2914,2795,2670,2542,2395,2333,2202,2135,2104,1884,1757,1662,1559,1454,1348,1239,1145,1050,930,789,649,560,546,311,295,204,114,8,0,0,0
66,0,Fake,3042,0,0,30,191,214,336,495,551,656,743,849,943,1072,1168,1253,1346,1443,1589,1774,1749,1591,1950,2055,2161,2271,2339,2430,2537,2642,2756,2784,2944,3042,2897,2768,2823,2544,2431,2335,2192,2107,1984,1877,1808,1679,1584,1595,1347,1378,1137,892,912,815,713,629,494,373,314,227,100,0,0,0,0
67,0,Fake,3033,0,0,46,169,247,327,474,555,691,768,793,941,1040,1167,1246,1365,1477,1553,1667,1775,1847,1968,2015,2160,2290,2384,2448,2623,2635,2753,2815,2949,3033,2885,2775,2629,2553,2435,2205,2199,2100,2011,1886,1763,1671,1574,1439,1361,1245,1131,1057,931,748,635,642,582,397,306,201,103,0,0,0,0
68,0,Fake,3047,0,0,42,90,235,338,458,531,640,715,863,981,1023,1141,1170,1353,1466,1564,1695,1750,1849,1961,2070,2159,2249,2288,2547,2514,2623,2706,2847,2950,3047,2915,2768,2663,2555,2423,2325,2212,2096,1936,1885,1744,1680,1562,1449,1329,1273,1136,1023,915,795,816,589,492,528,385,186,95,2,0,0,0
69,0,Fake,2992,0,0,0,170,239,374,449,526,644,757,848,955,1050,1152,1249,1377,1473,1568,1658,1710,1901,1879,2091,2054,2198,2338,2434,2544,2707,2731,2848,2945,2992,2912,2758,2669,2459,2448,2469,2173,2096,1987,1874,1771,1662,1565,1472,1351,1106,1130,1124,927,790,916,598,501,394,285,209,109,19,0,0,0
70,0,Fake,3044,0,0,36,139,235,328,442,589,693,753,853,968,1085,1281,1247,1387,1535,1553,1663,1774,1878,1953,2032,2123,2258,2328,2435,2524,2716,2723,2842,2951,3044,2899,2775,2660,2544,2454,2304,2198,2260,2006,1825,1782,1680,1533,1458,1349,1245,1134,1089,912,810,706,606,493,431,374,323,105,1,0,0,0
71,0,Fake,3037,0,0,109,75,263,371,448,555,651,735,796,955,1098,1149,1243,1328,1357,1456,1674,1727,1844,1951,2058,2182,2192,2374,2441,2462,2835,2797,2864,2938,3037,2928,2759,2646,2527,2434,2322,2224,2092,2006,1885,1765,1526,1560,1535,1348,1179,1130,1005,909,833,704,592,496,373,237,195,49,16,0,0,0
72,0,Fake,3036,0,0,44,142,243,332,443,543,646,743,844,944,1053,1158,1258,1357,1458,1566,1664,1761,1844,1937,2063,2155,2245,2340,2443,2533,2642,2742,2837,2946,3036,2918,2790,2654,2544,2432,2330,2219,2101,1984,1882,1779,1675,1554,1439,1346,1232,1131,1005,897,805,707,598,498,401,295,203,100,0,0,0,0
73,0,Fake,3051,0,0,36,287,180,475,436,483,650,748,851,954,1077,1151,1248,1319,1466,1571,1690,1863,1827,1987,2098,2128,2252,2327,2405,2528,2643,2739,2833,2956,3051,2868,2736,2619,2538,2433,2333,2207,2119,1971,1887,1771,1662,1655,1445,1260,1252,1040,979,747,776,704,603,478,400,304,197,108,0,0,0,0
74,0,Fake,3041,0,0,41,161,231,338,337,578,688,757,976,923,1051,1147,1308,1346,1513,1535,1677,1776,1968,1907,2083,2145,2148,2666,2448,2535,2639,2736,2832,2961,3041,2897,2782,2595,2559,2463,2310,2172,2046,1997,1895,1779,1729,1596,1445,1365,1149,1138,1073,856,848,686,601,495,395,326,240,83,34,0,0,0
75,0,Fake,3056,0,0,16,112,256,352,460,549,677,729,848,973,1006,1168,1234,1328,1450,1565,1666,1797,1850,2053,2081,2071,2207,2338,2417,2546,2640,2739,2813,2959,3056,2883,2769,2655,2480,2455,2352,2132,2143,1984,1888,1766,1670,1569,1443,1345,1231,1119,1023,947,900,659,577,378,371,298,202,115,5,0,0,0
76,0,Fake,3056,0,0,37,133,201,352,599,565,607,722,834,947,1055,1169,1247,1344,1459,1502,1639,1711,1834,1922,2022,2305,2256,2337,2448,2559,2660,2749,2807,2945,3056,2914,2768,2715,2544,2394,2352,2207,2096,1939,1904,1750,1674,1578,1413,1351,1203,1008,1007,915,662,699,598,497,372,290,160,103,16,0,0,0
77,0,Fake,3033,0,69,36,99,229,336,437,562,644,762,837,970,1111,1244,1213,1350,1459,1692,1667,1765,1851,1947,2032,2162,2255,2396,2445,2544,2652,2740,2720,2912,3033,2687,2784,2657,2541,2423,2330,2226,2104,2032,1877,1777,1681,1576,1532,1328,1193,1126,1009,904,815,700,613,480,400,258,95,153,0,0,0,0
78,0,Fake,2977,0,0,48,160,235,334,457,511,721,816,709,955,1057,1143,1233,1345,1461,1582,1678,1757,1883,1979,2175,2121,2257,2435,2444,2543,2627,2733,2830,2935,2977,2895,2778,2700,2689,2340,2263,2189,2034,1959,1883,1765,1606,1518,1445,1298,1242,1107,1059,910,789,689,446,496,391,296,192,105,0,0,0,0
79,0,Fake,3029,0,0,26,80,151,337,433,576,661,720,848,947,1038,1059,1240,1280,1456,1493,1650,1776,1841,1951,2023,2156,2253,2314,2416,2527,2666,2749,2817,2955,3029,2880,2787,2655,2526,2414,2321,2219,2128,1966,1900,1759,1654,1510,1411,1257,1265,1136,1016,908,815,720,621,464,431,275,177,97,0,0,0,0
80,0,Fake,3057,0,0,26,139,235,349,438,555,633,746,771,1070,1100,1147,1211,1344,1495,1521,1657,1751,1863,1951,2028,2129,2229,2338,2444,2534,2586,2718,2828,3019,3057,2893,2742,2624,2544,2441,2294,2205,2096,1989,1862,1666,1584,1571,1574,1343,1221,1118,1005,909,807,709,574,447,307,382,128,93,0,0,0,0
81,0,Fake,3061,0,0,28,122,212,320,392,543,615,748,841,976,1060,1157,1242,1310,1447,1556,1654,1777,1853,1959,1990,2127,2242,2341,2430,2448,2662,2725,3061,2951,3024,2891,2757,2670,2545,2419,2305,2011,2159,1979,1809,1771,1672,1631,1443,1330,1221,1136,960,914,813,699,575,577,384,320,189,0,0,0,0,0
82,0,Fake,3024,0,0,31,139,215,423,470,449,639,709,905,931,1049,1102,1239,1360,1447,1572,1646,1745,2131,1951,2101,2156,2219,2339,2431,2541,2651,2736,2847,2930,3024,2907,2770,2644,2547,2349,2301,2160,2055,1984,1882,1776,1674,1603,1447,1344,1239,1069,969,945,807,723,592,510,391,269,199,91,0,0,0,0
83,0,Fake,3030,0,0,38,118,252,357,527,511,648,752,853,944,1055,1159,1243,1337,1348,1554,1647,1670,1862,1879,2097,2178,2221,2351,2431,2543,2624,2737,2837,2998,3030,2890,2772,2608,2652,2453,2306,2215,2107,1987,1872,1761,1639,1535,1450,1326,1249,1088,1015,881,786,706,592,497,398,327,191,80,3,0,0,0
84,0,Fake,3051,0,0,56,138,154,326,441,535,624,743,835,965,1058,1150,1219,1341,1392,1477,1699,1616,1861,1956,2059,2141,2243,2331,2452,2557,2627,2728,2887,2949,3051,2826,2780,2657,2547,2446,2349,2210,2103,1923,1889,1696,1607,1563,1470,1332,1287,1121,1008,912,822,672,560,470,399,291,175,97,0,0,0,0
85,0,Fake,3037,0,0,32,169,223,328,451,560,650,607,753,922,1023,1230,1267,1344,1456,1535,1673,1739,1850,1926,2045,2140,2219,2235,2448,2525,2629,2729,2835,2928,3037,2896,2771,2656,2514,2436,2288,2209,2009,1966,1901,1813,1648,1535,1430,1325,1243,1136,1019,900,799,702,528,571,383,272,218,94,0,0,0,0
86,0,Fake,3053,0,0,35,96,214,342,448,541,683,749,747,912,1086,1208,1244,1328,1483,1535,1647,1735,1844,1936,2064,2134,2323,2325,2423,2306,2627,2719,2830,2967,3053,2893,2692,2654,2553,2559,2296,2248,2055,1984,1904,1763,1663,1535,1441,1347,1215,1115,1008,905,789,686,619,453,313,291,185,86,0,0,0,0
87,0,Fake,3115,0,0,29,134,286,333,395,511,624,738,836,930,1077,1143,1241,1335,1438,1700,1662,1772,1842,1948,1954,2156,2243,2330,2428,2515,2635,2762,2831,2935,3024,3115,2801,2675,2479,2441,2320,2130,2098,2041,1882,1767,1662,1570,1456,1217,1182,1065,1053,721,798,699,575,496,371,291,218,342,0,0,0,0
88,0,Fake,3030,0,0,22,128,236,336,429,545,638,727,833,935,1049,1144,1239,1346,1444,1555,1651,1747,1843,1931,2042,2145,2229,2321,2426,2527,2641,2742,2831,2933,3030,2911,2778,2643,2527,2427,2319,2202,2094,1979,1870,1773,1663,1535,1427,1336,1229,1121,1003,902,803,702,595,487,387,279,189,86,0,0,0,0
89,0,Fake,3042,0,0,44,134,234,336,430,560,656,720,815,944,950,1370,1271,1342,1424,1578,1665,1750,1840,1968,2063,2131,2239,2340,2465,2524,2631,2713,2832,2950,3042,2893,2770,2667,2559,2432,2309,2165,2090,2012,1854,1717,1568,1583,1503,1343,1227,1122,992,895,797,704,592,475,451,282,208,57,0,0,0,0
90,0,Fake,3026,0,0,14,137,250,268,414,528,661,735,834,945,1045,1102,1251,1311,1432,1503,1648,1733,1831,1936,2043,2119,2239,2353,2431,2546,2640,2555,2766,3026,3022,2899,2764,2667,2542,2431,2309,2177,2096,1944,1888,1893,1515,1504,1472,1363,999,1109,1008,902,776,711,599,479,388,252,284,79,4,0,0,0
91,0,Fake,3029,0,0,20,135,235,329,433,535,636,743,842,939,1039,1138,1253,1344,1453,1535,1653,1753,1839,1936,2037,2141,2246,2342,2434,2525,2614,2739,2839,2933,3029,2891,2768,2650,2531,2428,2306,2208,2103,1969,1872,1764,1661,1558,1434,1330,1220,1127,1008,901,795,703,603,493,400,287,188,86,0,0,0,0
92,0,Fake,3038,0,0,21,0,235,334,437,611,641,720,791,946,1040,1175,1177,1456,1410,1469,1593,1746,1838,1916,2032,2134,2238,2331,2431,2523,2615,2663,2748,2977,3038,2894,2765,2590,2538,2387,2309,2219,2079,1979,1891,1850,1577,1671,1360,1348,1215,1110,938,896,810,694,605,484,373,338,212,86,0,0,0,0
93,0,Fake,3014,0,0,16,291,219,321,425,572,590,733,830,953,1044,1169,1226,1344,1488,1517,1619,1733,1841,1923,2043,2138,2237,2352,2421,2529,2624,2831,2917,2937,3014,2911,2765,2654,2451,2409,2307,2205,2081,1989,1872,1838,1857,1520,1359,1445,1221,1115,1006,877,796,703,566,483,377,221,210,86,0,0,0,0
94,0,Fake,3020,0,0,30,144,154,282,433,546,634,715,833,926,1041,1145,1234,1338,1427,1535,1648,1840,1759,1943,2041,2145,2252,2415,2428,2544,2624,2704,2798,2829,3020,2917,2762,2647,2543,2452,2288,2192,2081,1951,1865,1758,1605,1520,1369,1283,1097,1122,1007,908,788,701,636,464,384,259,191,83,0,0,0,0
95,0,Fake,3006,0,0,48,138,230,337,418,560,599,729,831,935,1095,1139,1239,1332,1444,1516,1642,1712,1829,1950,1965,2101,2162,2335,2546,2585,2640,2737,2822,2949,3006,2896,2786,2633,2500,2416,2222,2092,1969,1962,1865,1774,1665,1535,1406,1325,1261,1110,1003,816,769,878,605,495,353,281,189,75,0,0,0,0
96,0,Fake,3021,0,0,22,135,281,305,425,558,634,743,828,936,1057,1132,1227,1340,1394,1559,1587,1774,1827,1947,2033,2128,2226,2323,2427,2513,2603,2736,2820,2927,3021,2765,2779,2693,2528,2416,2313,2189,2084,1963,1888,1793,1666,1520,1434,1296,1244,1126,1003,887,793,677,601,507,393,307,177,79,0,0,0,0
97,0,Fake,3034,0,0,18,114,226,331,433,539,627,739,863,955,1040,1135,1248,1295,1408,1564,1567,1654,1843,1917,2037,2128,2224,2309,2422,2511,2624,2756,2850,2956,3034,2880,2766,2651,2634,2439,2319,2209,2087,1987,1872,1773,1680,1484,1424,1371,1107,1130,998,900,813,753,604,483,407,292,144,80,17,0,0,0
98,0,Fake,3018,0,0,2,130,225,251,426,538,634,752,841,858,1039,1259,1243,1333,1616,1531,1643,1741,1856,1924,2032,2159,2227,2342,2627,2465,2539,2759,2961,2915,3018,2893,2780,2661,2528,2413,2301,2195,2091,1991,2018,1661,1575,1477,1414,1327,1220,1095,1004,891,860,687,592,538,275,274,110,45,0,0,0,0
99,0,Fake,3071,0,0,22,113,210,369,419,559,630,729,799,912,1040,1072,1248,1307,1443,1535,1680,1769,1838,1936,2041,2144,2294,2321,2385,2512,2751,2787,2827,2925,3071,2894,2775,2642,2506,2414,2306,2097,2127,1867,1898,1759,1665,1535,1431,1319,1205,1127,999,898,807,688,633,551,399,275,178,77,0,0,0,0
100,0,Fake,3035,0,0,54,126,205,315,431,542,630,653,752,960,1133,1132,1238,1317,1439,1535,1650,1744,1872,1924,2065,2160,2233,2307,2415,2550,2636,2790,2828,2832,3035,2863,2768,2640,2531,2403,2311,2149,2069,1947,1877,1866,1667,1535,1424,1356,1229,1142,1001,894,801,697,584,432,399,295,229,81,0,0,0,0
101,0,Fake,3034,0,0,20,124,227,326,427,534,627,729,825,938,1035,1127,1232,1328,1446,1535,1633,1739,1835,1927,2033,2141,2229,2322,2427,2535,2631,2718,2823,2923,3034,2899,2758,2642,2527,2423,2309,2192,2096,1974,1872,1779,1651,1535,1446,1328,1217,1088,1008,897,798,691,583,483,384,285,201,83,0,0,0,0
102,0,Fake,3015,0,0,0,114,211,337,409,542,576,740,852,927,1034,1127,1232,1339,1439,1502,1655,1744,1827,2123,2065,2139,2259,2295,2435,2519,2610,2720,2826,2943,3015,2880,2738,2628,2523,2608,2375,2191,2087,1982,1898,1745,1638,1522,1427,1356,1221,1162,1014,907,803,691,574,481,384,275,183,49,0,0,0,0
103,0,Fake,3030,0,0,7,128,224,336,426,416,642,736,851,944,1014,1088,1281,1341,1437,1610,1638,1735,1840,1931,2045,2158,2187,2319,2497,2505,2736,2681,2796,2938,3030,2887,2759,2641,2507,2426,2257,2219,2077,1993,1861,1858,1664,1535,1429,1328,1213,1040,989,909,816,706,677,485,333,209,179,80,0,0,0,0
104,0,Fake,3026,0,0,17,96,219,325,452,541,614,704,729,912,1019,1213,1263,1335,1435,1495,1643,1740,1811,1896,2037,2157,2230,2295,2363,2489,2779,2720,2818,2918,3026,2892,2744,2633,2510,2406,2303,2326,2098,1969,1919,1759,1655,1534,1427,1334,1200,1232,994,909,929,667,592,496,375,321,179,84,0,0,0,0
105,0,Fake,3026,0,0,0,258,238,325,426,520,624,737,826,940,1023,1072,1232,1362,1447,1535,1522,1739,1744,1922,2038,2139,2247,2318,2435,2521,2626,2725,3005,2942,3026,2862,2729,2674,2544,2424,2288,2157,2009,1969,1875,1744,1648,1629,1513,1312,1170,950,955,901,795,697,586,484,395,272,176,48,0,0,0,0
106,0,Fake,3053,0,0,5,81,235,337,418,511,545,732,833,940,1034,1134,1252,1353,1471,1535,1680,1842,1957,1920,1923,2140,2227,2322,2397,2546,2619,2707,2822,2932,3053,2859,2763,2623,2535,2286,2292,2192,2090,1989,1887,1750,1600,1535,1432,1460,1226,1104,1078,771,718,695,579,441,335,273,192,76,0,32,0,0
107,0,Fake,3026,0,0,0,101,233,335,412,539,637,752,843,939,1091,1127,1188,1320,1472,1479,1663,1759,1843,1943,2058,2149,2260,2347,2432,2476,2624,2660,2800,2978,3026,2891,2774,2688,2544,2404,2293,2236,2125,1877,1853,1667,1619,1535,1344,1350,1221,1136,973,846,793,705,561,560,400,268,230,83,0,0,0,0
108,0,Fake,3022,0,0,68,122,219,326,414,528,629,681,848,939,1196,1130,1249,1349,1405,1535,1646,1742,1851,1921,2026,2134,2235,2418,2427,2499,2717,2707,2870,2950,3022,2902,2774,2652,2522,2384,2336,2211,2057,2004,1887,1790,1631,1584,1371,1318,1215,1114,913,897,809,720,599,511,447,231,193,76,74,0,0,0
109,0,Fake,3024,0,0,0,82,256,303,422,448,595,720,831,945,1016,1134,1244,1354,1435,1664,1648,1855,1781,1812,1934,2127,2224,2315,2459,2528,2618,2673,2858,2930,3024,2859,2809,2657,2509,2423,2302,2222,2118,1984,1901,1753,1639,1534,1533,1320,1239,1059,1011,891,802,723,603,487,386,290,208,74,0,0,0,0
110,0,Fake,3030,0,0,16,126,226,322,425,530,632,738,832,935,1040,1136,1232,1328,1443,1535,1644,1742,1840,1941,2044,2127,2230,2321,2427,2529,2634,2722,2821,2917,3030,2896,2757,2640,2523,2425,2305,2193,2087,1970,1869,1761,1649,1531,1427,1330,1216,1107,991,896,796,691,587,478,383,284,177,78,0,0,0,0
111,0,Fake,3019,0,0,16,122,230,331,414,529,655,720,832,954,996,1100,1222,1360,1296,1535,1648,1749,1840,1914,2041,2112,2236,2330,2422,2519,2555,2728,2766,2928,3019,2896,2784,2622,2527,2412,2325,2197,2096,1999,2059,1762,1596,1535,1430,1315,1219,1117,976,882,763,690,592,427,368,286,211,58,0,0,0,0
112,0,Fake,3029,0,0,16,127,304,330,357,565,462,757,827,941,1073,1155,1238,1378,1437,1535,1511,1744,1810,1841,1926,1898,2236,2321,2438,2522,2625,2745,2825,2931,3029,2866,2751,2657,2543,2395,2311,2202,2109,1991,1865,1758,1652,1581,1424,1355,1225,1118,1083,877,670,690,594,482,371,276,176,64,0,0,0,0
113,0,Fake,3024,0,0,16,127,211,323,426,534,630,732,827,919,1038,1141,1229,1329,1440,1535,1648,1752,1838,1933,2045,2143,2224,2323,2421,2530,2625,2715,2823,2927,3024,2891,2771,2640,2523,2409,2309,2198,2093,1965,1863,1760,1651,1533,1427,1325,1211,1106,996,896,786,686,583,478,378,279,182,81,0,0,0,0
114,0,Fake,3030,0,0,84,124,237,330,420,398,640,726,814,890,998,1117,1221,1307,1364,1488,1632,1683,1869,1903,2038,2137,2224,2288,2385,2528,2639,2735,2819,2921,3030,2849,2768,2638,2515,2421,2305,2256,2002,1968,1865,1778,1644,1671,1456,1311,1199,1081,1112,949,784,688,553,460,386,275,168,86,4,0,0,0
115,0,Fake,2989,0,0,20,115,249,312,413,565,576,734,837,1136,1038,1135,1231,1328,1429,1571,1634,1729,1837,1858,2166,2192,2224,2192,2486,2509,2624,2742,2801,2909,2989,2856,2767,2559,2522,2341,2320,2321,2288,1969,1857,1761,1664,1535,1456,1327,1208,1109,1013,1041,786,704,429,483,378,272,215,71,0,0,0,0
116,0,Fake,3027,0,0,0,197,229,329,523,534,624,725,752,901,1036,1132,1241,1303,1475,1535,1668,1670,1825,2126,2027,2128,2227,2314,2423,2530,2619,2726,2816,2962,3027,2929,2723,2534,2587,2423,2300,2181,2064,1998,1873,1760,1650,1453,1413,1317,1226,1089,933,887,795,699,576,479,376,324,187,67,0,0,0,0
117,0,Fake,3177,0,0,5,142,231,320,432,531,615,816,784,980,1036,1089,1245,1315,1408,1535,1649,1730,1642,1877,2142,2267,2221,2135,2443,2524,2611,2730,2814,2917,3177,2882,2754,2624,2612,2368,2299,2430,2085,1970,1857,1766,1638,1589,1425,1312,1211,1112,1014,924,771,791,563,466,374,272,155,82,3,0,0,0
118,0,Fake,3021,0,0,10,103,241,320,432,532,639,756,797,905,1008,1098,1349,1343,1425,1533,1633,1733,1836,1936,2038,2124,2159,2322,2326,2443,2487,2749,2830,2925,3021,2896,2767,2642,2522,2414,2288,2183,2032,1855,1772,1743,1666,1535,1427,1297,1215,1128,1007,891,785,828,566,471,379,267,176,80,0,0,0,0
119,0,Fake,3012,0,0,16,154,206,322,425,559,688,732,832,957,1040,1117,1310,1525,1401,1515,1593,1735,1822,1942,2063,2129,2235,2349,2422,2532,2544,2691,2864,2941,3012,2893,2757,2643,2532,2433,2295,2165,2089,2019,1871,1758,1606,1579,1485,1275,1196,1101,998,905,810,701,586,485,370,281,163,16,0,0,0,0
120,0,Fake,3019,0,0,0,112,224,321,432,544,624,734,841,924,1178,1111,1122,1351,1452,1623,1648,1744,1803,1949,2018,2131,2242,2322,2407,2533,2559,2707,2693,2975,3019,2880,2768,2657,2519,2416,2290,2224,2099,2267,1854,1740,1761,1594,1419,1321,1201,1104,1001,836,816,688,586,464,454,396,172,80,22,0,0,0
121,0,Fake,3028,0,0,5,109,191,330,416,531,635,741,824,924,1005,1143,1232,1326,1438,1554,1679,1749,1854,1961,2061,2145,2160,2336,2366,2534,2387,2713,2818,2917,3028,2893,2751,2653,2527,2416,2304,2192,2096,1898,1871,1745,1643,1567,1483,1320,1233,1085,976,896,786,838,531,431,384,416,174,75,0,0,0,0
122,0,Fake,3024,0,0,19,117,211,334,437,528,561,753,746,1076,1189,1155,1226,1347,1419,1535,1637,1743,1816,1930,2096,2101,2238,2288,2416,2559,2622,2717,2814,2911,3024,2964,2690,2655,2427,2496,2234,2314,2059,1944,1872,1759,1649,1535,1424,1343,1214,1136,999,878,774,670,590,464,403,279,176,66,0,0,0,0
123,0,Fake,3014,0,0,0,49,218,333,498,432,631,739,771,926,1034,1117,1235,1342,1375,1438,1644,1771,1837,2137,2044,2130,2243,2357,2424,2512,2630,2728,2827,2800,3014,2809,2775,2657,2522,2413,2301,2191,2091,1940,1866,1803,1650,1503,1427,1257,1314,1043,985,886,790,688,635,474,377,275,176,81,0,0,0,0
124,0,Fake,3013,0,0,17,128,203,300,433,525,602,714,815,973,965,1154,1234,1341,1407,1513,1637,1789,1840,1935,1973,2162,2236,2319,2416,2736,2610,2716,2945,2928,3013,2878,2735,2611,2515,2380,2309,2198,2079,1921,1936,1762,1717,1493,1424,1311,1232,1103,991,929,795,678,546,450,560,271,192,75,0,0,0,0
125,0,Fake,3030,0,0,16,110,182,355,427,560,628,753,816,883,1089,1133,1226,1337,1529,1417,1535,1758,1813,1936,2037,2133,2224,2319,2421,2529,2630,2723,2819,2928,3030,2896,2758,2640,2524,2421,2307,2179,2081,1964,1872,1760,1655,1535,1427,1333,1216,1114,982,883,787,693,583,474,368,286,177,75,0,0,0,0
126,0,Fake,2918,0,0,0,127,471,362,419,417,688,717,826,950,1013,1134,1232,1350,1419,1535,1611,1704,1959,1957,1897,2171,2216,2318,2417,2544,2623,2705,2790,2918,2790,2913,2737,2642,2461,2519,2318,2191,2071,1953,1861,1745,1664,1535,1419,1264,1158,1117,998,967,823,682,577,507,382,277,181,93,0,0,0,0
127,0,Fake,3022,0,0,19,87,223,337,336,528,642,659,851,931,1040,1131,1232,1319,1427,1525,1631,1776,1786,1921,2058,2114,2247,2326,2431,2534,2629,2734,2805,2927,3022,2873,2752,2629,2663,2415,2225,2187,2082,2025,1857,1742,1648,1515,1442,1325,1190,1052,1172,891,919,670,590,475,377,282,165,78,0,0,0,0
128,0,Fake,3093,0,0,0,121,272,307,406,492,610,697,863,930,1019,1134,1251,1327,1453,1561,1616,1751,1839,1968,1976,2116,2225,2300,2429,2525,2619,2685,2810,2928,3093,2881,2749,2635,2591,2365,2256,2243,2079,1955,1867,1742,1625,1511,1422,1329,1271,857,1014,890,825,693,588,462,371,301,153,70,0,0,0,0
129,0,Fake,3031,0,0,16,126,227,241,399,509,624,732,912,926,1040,1119,1214,1317,1443,1535,1650,1731,1709,2095,2105,2107,2242,2396,2431,2530,2617,2656,2815,2939,3031,2881,2892,2625,2479,2448,2320,1959,2080,1977,1889,1735,1643,1486,1424,1334,1199,1073,1023,849,858,474,602,465,370,261,174,68,0,0,0,0
130,0,Fake,3047,0,0,9,110,137,327,343,501,617,727,822,938,1005,1123,1212,1352,1424,1569,1687,1719,1959,1981,2131,2128,2224,2295,2413,2588,2615,2708,2815,2907,3026,3047,2796,2629,2551,2352,2298,2193,2067,1968,1851,1764,1643,1535,1424,1033,1211,1219,922,892,657,675,576,490,370,274,159,10,0,22,0,0
131,0,Fake,3071,0,0,54,147,208,177,411,528,630,720,827,919,1039,1133,1159,1335,1430,1535,1574,1798,1840,1921,2034,2091,2224,2318,2435,2512,2613,2705,2802,2833,3071,2797,2783,2640,2512,2417,2285,2192,2090,1972,1872,1731,1648,1558,1586,1253,1207,1104,997,880,779,703,560,464,377,256,166,14,0,0,0,0
132,0,Fake,3021,0,0,0,128,214,305,432,503,644,709,821,924,903,1154,1185,1299,1451,1522,1633,1735,1835,1929,2032,2130,2192,2320,2409,2485,2625,2697,2828,2947,3021,2885,2758,2641,2519,2334,2294,2196,2098,1949,1893,1741,1644,1529,1455,1328,1203,1093,993,833,777,650,591,470,494,189,225,50,0,0,0,0
133,0,Fake,3018,0,0,0,112,213,256,415,521,641,723,818,919,1039,1115,1232,1328,1456,1616,1625,1866,1811,1924,2027,2139,2202,2309,2423,2505,2626,2725,2819,2848,3018,2940,2782,2642,2530,2401,2301,2175,2032,1979,1872,1805,1575,1528,1451,1310,1217,1061,991,890,779,673,569,475,380,273,188,69,0,0,0,0
134,0,Fake,2975,0,0,0,118,214,301,448,446,642,656,786,912,978,1126,1235,1338,1425,1533,1629,1778,1838,1925,1974,2252,2182,2427,2409,2480,2610,2704,2839,2886,2975,2903,2727,2644,2523,2394,2201,2264,2104,1966,1850,1748,1660,1520,1429,1313,1200,1095,1089,873,752,687,592,428,365,273,168,48,0,0,0,0
135,0,Fake,2997,0,0,10,112,208,305,417,511,612,720,817,912,1023,1118,1229,1329,1431,1527,1614,1746,1827,1929,2018,2119,2227,2320,2413,2506,2608,2719,2822,2913,2997,2881,2765,2636,2519,2401,2288,2193,2082,1955,1860,1742,1646,1535,1412,1313,1197,1095,986,880,784,682,576,471,374,270,171,70,0,0,0,0
136,0,Fake,3003,0,0,2,115,113,317,413,522,565,743,830,911,970,1070,1232,1326,1441,1521,1645,1703,1839,1940,2095,2147,2360,2303,2447,2435,2623,2725,2805,2889,3003,2911,2792,2615,2467,2371,2258,2127,2093,1838,1851,1755,1647,1535,1488,1319,1214,1070,979,961,778,626,586,431,322,274,170,89,0,0,0,0
137,0,Fake,3008,0,0,8,117,230,336,428,476,635,727,848,905,1040,1137,1360,1362,1425,1523,1600,1695,1843,1904,2000,2129,2244,2322,2320,2537,2528,2730,2804,2926,3008,2881,2767,2672,2511,2406,2304,2209,2177,1911,1833,1744,1648,1535,1424,1315,1245,1102,999,835,844,724,511,423,369,273,184,75,0,0,0,0
138,0,Fake,2995,0,0,16,117,214,346,410,566,619,721,821,879,1000,1261,1209,1431,1388,1529,1632,1741,1840,1904,2043,2113,2173,2318,2461,2549,2581,2779,2791,2929,2995,2875,2755,2645,2530,2440,2278,2178,2109,1968,1963,1724,1642,1424,1431,1328,1106,1099,976,887,789,679,656,625,318,274,182,0,0,0,0,0
139,0,Fake,3009,0,0,17,109,176,373,314,503,644,618,823,922,976,1088,1230,1328,1440,1528,1592,1679,1833,1844,2032,2074,2213,2323,2358,2544,2599,2703,2799,2925,3009,2854,2709,2587,2546,2359,2350,2184,2051,1982,1862,1744,1664,1494,1419,1264,1200,1208,974,835,835,670,577,480,400,257,180,65,0,0,0,0
140,0,Fake,3056,0,0,0,107,237,320,423,507,614,662,847,921,1023,1125,1221,1319,1417,1535,1646,1726,1904,1999,2226,2120,2221,2317,2432,2516,2613,2710,2795,2924,3056,2811,2747,2688,2443,2373,2187,2054,2080,2012,1859,1739,1597,1513,1425,1328,1153,1195,1033,851,807,840,511,474,372,296,177,47,0,0,0,0
141,0,Fake,3007,0,0,13,112,213,307,423,526,623,720,831,922,1018,1126,1229,1324,1427,1531,1642,1744,1826,1915,2023,2129,2224,2319,2414,2512,2624,2723,2815,2917,3007,2886,2766,2631,2514,2399,2303,2192,2069,1958,1850,1747,1650,1531,1411,1318,1207,1104,985,878,777,739,776,478,359,263,171,77,0,0,0,0
142,0,Fake,3011,0,0,0,122,231,342,461,528,624,736,810,960,1013,1127,1201,1528,1340,1525,1643,1734,1840,1927,2031,2102,2218,2318,2482,2368,2654,2720,2921,2914,3011,2891,2757,2559,2512,2393,2293,2374,2179,1969,1835,1785,1565,1535,1440,1315,1221,1122,960,879,786,674,550,455,273,258,203,167,0,0,0,0
143,0,Fake,2912,0,0,13,113,219,325,399,501,662,737,950,937,1015,1118,1259,1322,1402,1503,1616,1729,1821,1904,1917,2086,2212,2096,2416,2510,2611,2716,2783,2912,2912,2886,2559,2593,2534,2613,2329,2117,2027,1973,1838,1754,1648,1520,1424,1331,1190,1125,1008,1072,776,671,623,474,373,247,171,64,0,0,0,0
144,0,Fake,3012,0,0,13,117,210,313,409,527,622,727,817,918,1023,1135,1218,1323,1430,1535,1635,1727,1827,1921,2032,2132,2222,2310,2435,2512,2629,2704,2768,2946,3012,2880,2759,2635,2514,2401,2301,2191,2071,1961,1843,1744,1664,1522,1401,1296,1239,1121,891,898,790,762,587,474,338,254,176,81,0,0,0,0
145,0,Fake,3041,0,0,5,125,278,292,464,528,570,640,817,918,1001,1135,1227,1329,1408,1535,1616,1649,1712,1919,2003,2224,2224,2310,2416,2516,2583,2729,2758,2916,3041,2845,2739,2660,2525,2299,2318,2185,2071,1931,1853,1707,1651,1535,1567,1317,1197,1104,976,719,780,689,574,439,384,246,176,109,0,0,0,0
146,0,Fake,2989,0,0,2,90,257,365,419,432,486,739,832,956,1034,1135,1247,1315,1415,1741,1634,1756,1747,1922,2025,2106,2217,2310,2418,2550,2644,2699,2800,2919,2989,2896,2822,2519,2405,2335,2293,2075,2078,1937,1845,1743,1655,1535,1424,1320,1143,1132,1152,905,877,701,570,486,353,288,144,93,0,0,0,0
147,0,Fake,3007,0,0,0,63,228,256,393,567,622,718,867,912,1038,1146,1237,1333,1446,1535,1738,1745,1855,1825,2031,2133,2222,2287,2416,2512,2608,2720,2807,2914,3007,2868,2754,2628,2505,2384,2299,2173,2064,1955,1866,1735,1648,1535,1392,1338,1159,1039,970,877,779,694,565,496,367,273,179,90,0,0,0,0
148,0,Fake,3021,0,0,0,124,125,270,247,527,621,725,843,944,1005,1136,1239,1328,1449,1535,1554,1659,1728,1809,2032,2131,2222,2283,2448,2495,2611,2717,2810,3015,3021,2832,2926,2637,2672,2413,2296,2203,2069,1970,1862,1744,1647,1532,1441,1383,1136,1134,980,894,787,739,607,466,378,272,163,55,23,0,0,0
149,0,Fake,2992,0,0,38,114,223,336,396,546,528,802,821,944,925,1136,1223,1252,1466,1519,1605,1651,1851,1951,2003,2032,2183,2275,2427,2498,2607,2709,2815,2909,2992,2928,2759,2633,2460,2390,2219,2256,2063,1919,1858,1745,1616,1533,1450,1323,1196,1104,994,878,784,660,400,478,369,271,184,73,0,0,0,0
150,0,Fake,3029,0,0,15,100,240,251,415,552,632,717,847,1007,1152,1136,1173,1306,1433,1554,1634,1728,1830,1906,2016,2121,2261,2448,2340,2559,2640,2677,2812,2926,3029,2869,2749,2605,2533,2396,2286,2192,2046,2022,1821,1584,1627,1520,1404,1295,1166,1088,944,865,774,598,577,423,359,497,166,70,0,0,0,0
151,0,Fake,3003,0,0,19,28,205,272,443,645,624,750,862,944,1032,1122,1213,1343,1430,1634,1584,1654,1851,1906,2023,2133,2237,2329,2419,2507,2613,2701,2796,2883,3003,2960,2771,2624,2495,2409,2268,2195,2078,1958,1803,1731,1643,1465,1404,1451,1211,1105,972,883,781,673,601,481,402,287,171,215,0,0,0,0
152,0,Fake,3015,0,0,10,65,275,262,419,471,658,719,826,948,1009,1150,1254,1323,1437,1515,1636,1735,1838,1955,1917,2113,2214,2335,2423,2512,2602,2700,2822,2944,3015,2871,2704,2521,2482,2410,2284,2175,2095,1978,1859,1744,1646,1621,1391,1265,1195,1093,1217,883,784,684,528,496,369,293,195,78,21,0,0,0
153,0,Fake,3001,0,0,2,112,237,314,407,528,621,743,816,907,950,1174,1253,1415,1415,1521,1625,1777,1798,1924,2065,2127,2213,2320,2386,2692,2643,2682,2841,2911,3001,2900,2761,2602,2544,2422,2291,2201,2077,1962,1855,1747,1567,1520,1410,1317,1210,1079,969,885,783,679,571,400,423,265,192,76,0,0,0,0
154,0,Fake,3062,0,0,38,112,214,401,347,528,623,711,845,937,1013,1140,1239,1351,1424,1602,1523,1759,1901,1922,2021,2131,2233,2304,2386,2508,2683,2718,2790,3062,3009,2835,2769,2639,2517,2403,2275,2198,2017,1959,1847,1746,1488,1520,1333,1340,1143,1158,976,882,779,688,576,467,356,263,142,80,0,0,0,0
155,0,Fake,2923,0,0,11,106,192,304,457,525,616,758,976,875,875,1200,1198,1318,1416,1535,1641,1730,1811,1906,2014,2138,2197,2329,2378,2544,2622,2710,2788,2837,2923,2887,2749,2632,2512,2351,2302,2074,2027,2080,1836,1752,1643,1490,1387,1295,1181,1095,989,769,750,734,588,455,390,273,173,74,0,0,0,0
156,0,Fake,3034,0,0,0,96,191,359,417,511,619,670,807,931,1011,1072,1221,1232,1489,1457,1621,1671,1813,1927,2028,2128,2252,2303,2410,2533,2610,2685,2733,2839,3034,2881,2815,2627,2505,2399,2291,2161,2068,1962,1872,1902,1609,1666,1340,1328,1247,1098,976,886,767,694,563,485,353,304,201,125,0,0,0,0
157,0,Fake,3007,0,0,43,122,153,351,416,523,602,740,821,912,1035,1127,1200,1319,1598,1447,1620,1730,1821,1922,2027,2121,2151,2313,2384,2530,2617,2590,2786,3007,3007,2901,2746,2624,2559,2395,2287,2179,2071,1966,1853,1679,1647,1535,1414,1286,1156,1111,983,901,778,673,583,536,368,391,182,50,0,0,0,0
158,0,Fake,3009,0,0,46,113,198,314,299,507,624,688,837,853,995,1117,1242,1310,1465,1535,1616,1785,1823,1920,2032,2129,2200,2211,2417,2517,2608,2705,2815,2933,3009,2890,2693,2677,2522,2544,2299,2184,2305,1975,1859,1750,1631,1534,1411,1307,1200,1086,886,774,830,607,503,450,372,266,168,64,0,0,0,0
159,0,Fake,2938,0,0,9,85,187,319,420,543,704,785,1074,914,1035,1134,1211,1319,1474,1533,1631,1726,1975,1854,2064,2128,2247,2329,2413,2523,2623,2694,2778,2896,2938,2917,2758,2814,2437,2485,2301,2095,2075,1968,1874,1719,1664,1527,1446,1314,1200,1247,1004,945,797,704,572,478,411,276,185,61,0,0,0,0
160,0,Fake,2991,0,0,0,139,87,301,423,525,649,730,840,913,1023,1137,1261,1314,1390,1520,1557,1725,1837,1926,2032,2087,2203,2305,2427,2526,2629,2703,2775,2879,2991,2938,2753,2634,2517,2381,2320,2191,2075,1954,1856,1732,1535,1497,1392,1428,1280,1091,980,821,784,693,582,425,373,384,178,67,0,0,0,0
161,0,Fake,3004,0,0,0,100,118,320,365,374,624,717,823,897,1023,1110,1235,1332,1359,1573,1686,1750,1838,1871,1978,2128,2223,2311,2432,2497,2629,2743,2806,2981,3004,2907,2795,2603,2443,2401,2295,2183,2070,1970,1849,1710,1648,1661,1422,1322,1211,1072,1004,876,777,677,572,527,351,268,171,78,0,0,0,0
162,0,Fake,3025,0,0,5,126,191,333,401,523,670,730,783,885,1023,1132,1227,1323,1444,1491,1611,1699,1815,1925,1977,2112,2205,2287,2416,2524,2607,2707,2803,2910,3025,2880,2767,2638,2512,2459,2265,2174,1959,1925,1799,1750,1639,1516,1408,1330,1154,1093,987,647,753,759,592,369,368,269,168,76,0,0,0,0
163,0,Fake,3004,0,0,7,95,220,323,399,482,594,714,895,927,945,1088,1226,1322,1429,1520,1616,1735,1828,1914,2023,2066,2210,2290,2425,2399,2607,2751,2823,2908,3004,2860,2730,2662,2491,2399,2289,2163,2035,2000,1837,1705,1637,1525,1424,1324,1200,1088,997,899,781,675,551,640,528,266,149,61,0,0,0,0
164,0,Fake,2997,0,0,37,74,208,314,400,395,649,790,957,1090,1023,1131,1264,1303,1438,1531,1611,1725,1814,2017,2045,2126,2224,2390,2383,2525,2613,2711,2804,2897,2997,2893,2751,2523,2491,2586,2253,2186,1777,1971,1842,1745,1664,1513,1414,1317,1171,1094,891,848,750,663,579,445,368,261,181,84,0,0,0,0
165,0,Fake,3013,0,0,0,133,192,283,477,508,607,710,848,926,1064,1111,1232,1321,1360,1525,1654,1605,1870,1831,2012,2113,2194,2313,2418,2512,2618,2697,2759,2919,3013,2762,3007,2635,2517,2409,2288,2178,2112,1967,1827,1744,1634,1470,1596,1292,1173,899,977,880,779,671,588,481,359,279,184,62,0,0,0,0
166,0,Fake,3006,0,0,43,123,221,299,424,441,603,632,897,906,1045,1129,1230,1296,1419,1535,1616,1714,1835,1921,2019,2125,2243,2148,2433,2535,2608,2714,2815,2928,3006,2896,2762,2608,2431,2274,2287,2157,2000,2059,1845,1747,1632,1535,1362,1301,1183,1094,933,869,729,587,576,624,368,266,174,81,0,0,0,0
167,0,Fake,3007,0,0,0,109,74,448,418,555,632,709,814,901,1067,1127,1248,1307,1422,1531,1535,1758,1808,1920,1997,2093,2210,2316,2390,2479,2661,2656,2797,2915,3007,2907,2749,2659,2491,2482,2288,2187,2068,1974,1842,1755,1648,1521,1571,1359,1193,1071,918,943,768,689,589,464,374,258,181,68,0,0,0,0
168,0,Fake,2945,0,0,9,97,209,303,406,432,624,641,845,947,1008,1130,1223,1311,1415,1518,1637,1722,1805,1830,2072,2089,2234,2293,2305,2510,2609,2730,2800,2930,2945,2887,2764,2694,2494,2385,2239,2198,2055,1935,1841,1762,1631,1451,1428,1310,1248,1104,1001,879,809,652,419,484,361,253,161,70,0,0,0,0
169,0,Fake,3027,0,0,13,112,174,304,401,495,611,719,827,917,976,1120,1145,1473,1396,1519,1627,1739,1840,1923,2004,2128,2213,2338,2407,2527,2559,2711,2831,3027,3006,2881,2752,2616,2512,2403,2263,2180,2057,2019,1743,1851,1602,1563,1429,1302,1222,1114,963,885,774,707,577,560,368,183,146,0,0,0,0,0
170,0,Fake,3009,0,0,22,98,213,337,442,497,611,737,827,928,1021,1084,1215,1300,1423,1520,1633,1879,1817,1903,2071,2096,2207,2320,2405,2480,2605,2710,2811,2897,3009,2900,2739,2801,2510,2470,2300,2162,2070,1959,1840,1776,1646,1520,1436,1330,1143,1198,998,867,718,675,562,459,370,259,150,71,0,0,0,0
171,0,Fake,3002,0,0,1,91,180,306,463,511,613,691,778,932,1010,1074,1245,1330,1392,1471,1650,1728,1807,1919,2019,2128,2217,2320,2416,2480,2594,2701,2780,2896,3002,2922,2736,2674,2514,2391,2240,2176,2085,1936,1837,1738,1648,1508,1535,1339,1222,1063,1075,880,828,661,576,464,355,242,0,112,16,0,0,0
172,0,Fake,3011,0,0,0,60,204,303,399,470,621,710,813,922,1014,1109,1214,1343,1423,1535,1561,1612,1798,1921,2219,2128,2209,2314,2408,2510,2619,2721,2832,2877,3011,2913,2704,2643,2274,2417,2288,2171,2057,1941,1883,1749,1627,1535,1371,1293,1160,1073,982,908,778,671,613,443,370,290,161,73,83,0,0,0
173,0,Fake,2977,0,0,0,113,223,354,355,527,486,723,814,925,1040,1123,1209,1327,1444,1508,1664,1787,1783,1804,1940,2135,2226,2306,2424,2505,2638,2741,2815,2909,2977,2864,2771,2642,2624,2358,2352,2190,2095,1941,1847,1743,1603,1527,1477,1296,1143,1106,1008,951,771,673,568,470,371,267,192,64,0,0,0,0
174,0,Fake,3051,0,0,0,112,231,304,367,503,715,567,822,911,983,1056,1213,1319,1467,1520,1637,1773,1839,1917,2030,2064,2219,2303,2415,2494,2559,2703,2803,2912,3021,3051,2739,2544,2435,2478,2301,2174,2055,1914,1851,1750,1694,1498,1414,1255,1203,1098,976,884,784,681,563,482,370,259,174,53,0,0,0,0
175,0,Fake,3009,0,0,13,145,228,329,379,464,583,710,816,926,1012,1117,1211,1317,1435,1509,1633,1722,1834,1915,2076,2118,2215,2314,2418,2512,2619,2725,2801,2913,3009,2961,2706,2666,2433,2406,2290,2172,2064,1947,1909,1724,1639,1456,1479,1332,1165,1090,1065,874,779,673,558,437,348,278,86,65,0,0,0,0
176,0,Fake,2992,0,0,9,102,206,336,405,511,617,720,821,910,1035,1108,1280,1333,1434,1580,1620,1713,1810,1907,2077,2096,2363,2307,2269,2581,2608,2709,2832,2964,2992,2877,2748,2633,2327,2250,2301,2197,2031,1965,1855,1756,1635,1527,1395,1302,1194,1104,1005,882,912,607,565,398,355,259,161,82,0,0,0,0
177,0,Fake,2999,0,0,1,112,208,313,405,511,618,707,810,912,1018,1122,1221,1317,1418,1521,1629,1725,1821,1907,2025,2126,2206,2303,2406,2501,2608,2719,2805,2912,2999,2875,2758,2624,2511,2391,2292,2179,2064,1947,1839,1747,1638,1505,1413,1301,1197,1090,981,879,773,672,571,459,368,258,163,64,0,0,0,0
178,0,Fake,3025,0,0,16,102,202,325,366,490,618,673,816,912,976,1111,1201,1318,1437,1587,1633,1725,1778,1840,2075,2319,2165,2303,2411,2539,2607,2706,2797,2915,3025,2895,2617,2640,2519,2454,2288,2187,2070,1935,1835,1760,1627,1461,1422,1400,1186,1053,997,801,772,670,567,464,368,270,179,65,0,0,0,0
179,0,Fake,2995,0,0,6,104,208,307,401,511,616,711,816,917,1015,1114,1226,1325,1421,1520,1631,1729,1824,1916,2015,2121,2224,2320,2412,2499,2603,2721,2812,2906,2995,2868,2743,2627,2513,2391,2286,2173,2067,1966,1856,1733,1635,1524,1419,1299,1191,1094,985,883,775,672,574,463,367,263,163,67,0,0,0,0
180,0,Fake,3003,0,0,3,96,205,275,403,506,626,726,800,926,1117,1168,1206,1343,1429,1527,1629,1743,1827,1961,2000,2119,2122,2244,2413,2480,2558,2704,2816,2915,3003,2896,2742,2631,2505,2391,2281,2182,2023,1994,1799,1732,1637,1523,1425,1318,1185,1145,969,883,698,676,560,454,304,224,163,54,0,0,0,0
181,0,Fake,3011,0,0,7,99,203,314,388,670,656,754,796,915,1012,1141,1223,1316,1407,1520,1622,1970,1863,1915,2131,2092,2256,2319,2413,2434,2553,2736,2826,2903,3011,2867,2608,2557,2482,2397,2246,2150,2079,1954,1868,1730,1645,1523,1454,1309,1170,1093,960,916,689,674,565,452,366,240,168,75,0,0,0,0
182,0,Fake,3007,0,0,4,102,206,305,407,523,621,710,820,916,1008,1126,1219,1324,1429,1520,1632,1728,1824,1919,2007,2128,2224,2301,2405,2509,2615,2713,2800,2906,3007,2880,2756,2625,2529,2393,2309,2210,2059,1939,1985,1719,1638,1520,1417,1306,1200,1093,982,812,774,667,567,476,358,270,132,181,0,0,0,0
183,0,Fake,3007,0,0,0,105,208,348,434,511,535,719,819,913,1019,1127,1239,1318,1408,1531,1900,1714,1826,1899,1971,2118,2211,2316,2393,2544,2599,2677,2801,2922,3007,2867,2610,2661,2509,2416,2286,2170,2085,1975,1844,1754,1617,1529,1475,1283,1180,1075,972,880,774,671,575,470,357,253,153,75,29,0,0,0
184,0,Fake,3014,0,0,7,64,199,313,309,526,609,720,706,914,1036,1135,1216,1328,1510,1449,1633,1754,1766,1936,2029,2119,2227,2301,2419,2504,2555,2704,2805,2927,3014,2869,2766,2609,2518,2405,2285,2191,2064,1943,1860,1749,1604,1534,1365,1245,1157,1155,981,867,784,666,573,486,375,272,223,64,0,0,0,0
185,0,Fake,3010,0,0,68,111,230,300,366,454,613,718,816,854,1021,1118,1229,1298,1413,1519,1583,1711,1789,1891,2035,2137,2220,2319,2383,2506,2617,2705,2811,2905,3010,2877,2708,2671,2409,2459,2288,2179,2099,1952,1840,1728,1620,1501,1409,1278,1185,1104,976,1180,772,667,571,453,368,260,143,72,0,0,0,0
186,0,Fake,3018,0,0,3,107,141,321,422,496,610,711,895,839,1000,1008,1211,1327,1430,1523,1604,1703,1822,1933,2036,2127,2267,2512,2475,2519,2559,2558,2805,2918,3018,2857,2755,2638,2499,2406,2589,2102,2187,2142,1829,1745,1822,1516,1395,1313,1200,1089,975,875,772,658,527,459,469,198,144,62,0,0,0,0
187,0,Fake,3007,0,0,0,109,186,242,402,531,617,671,827,919,1021,1096,1222,1294,1338,1425,1616,1742,1729,1917,2025,2125,2214,2305,2407,2487,2627,2704,2800,2932,3007,2818,2832,2624,2512,2405,2282,2128,2066,1958,1827,1793,1610,1514,1421,1310,1227,1101,976,880,768,659,563,455,391,269,179,132,0,0,0,0
188,0,Fake,3009,0,0,77,103,207,349,409,511,605,688,815,931,1048,1111,1216,1310,1314,1651,1646,1810,1807,1921,2022,2123,2234,2293,2426,2511,2598,2748,2737,2896,3009,2891,2748,2627,2511,2394,2293,2179,2019,1950,1856,1726,1626,1460,1454,1309,1213,1101,975,898,780,672,567,475,365,193,149,77,0,0,0,0
189,0,Fake,3024,0,0,0,112,208,311,365,489,624,720,826,916,1020,1168,1348,1330,1442,1737,1616,1732,1819,1937,2007,2122,2209,2292,2412,2486,2669,2694,2803,2742,3024,2877,2742,2631,2515,2422,2259,2192,2055,1920,1838,1681,1617,1484,1441,1317,1205,1101,975,859,765,688,569,548,352,246,117,16,0,0,0,0
190,0,Fake,2929,0,0,0,103,214,322,400,489,629,703,765,912,1040,1186,1201,1269,1427,1524,1631,1711,1819,1972,2042,2135,2207,2283,2503,2390,2800,2667,2800,2902,2929,2874,2769,2633,2485,2387,2249,2160,2230,1925,1854,1714,1619,1511,1419,1275,1205,1079,988,852,815,622,559,484,347,397,148,64,0,0,0,0
191,0,Fake,3008,0,0,0,99,199,310,407,498,612,715,812,925,1012,1110,1216,1323,1427,1513,1615,1718,1810,1919,2018,2119,2211,2303,2416,2512,2602,2701,2801,2919,3008,2854,2741,2625,2512,2400,2284,2175,2065,1961,1855,1746,1631,1535,1413,1321,1199,1132,965,875,782,658,573,466,366,266,143,76,0,0,0,0
192,0,Fake,3019,0,0,1,114,239,328,398,495,619,720,839,857,976,1132,1204,1323,1421,1526,1632,1721,1811,1916,2019,2072,2147,2311,2430,2503,2559,2705,2800,2918,3019,2867,2695,2624,2500,2409,2313,2160,2011,1894,1856,1791,1642,1519,1332,1321,1190,1072,1069,880,920,629,561,476,398,179,150,54,0,0,0,0
193,0,Fake,3088,0,0,16,113,164,272,341,467,610,730,807,914,975,1106,1228,1309,1445,1517,1636,1697,1827,1890,1985,2162,2217,2318,2416,2532,2598,2698,2804,2912,3088,2874,2751,2601,2512,2338,2298,2178,2094,1961,1849,1769,1681,1522,1375,1535,1244,1104,1007,861,785,676,571,450,368,240,176,95,0,0,0,0
194,0,Fake,3006,0,0,0,101,208,291,404,481,596,732,810,917,1003,1159,1183,1209,1411,1459,1639,1712,1808,1918,2007,2129,2198,2306,2396,2482,2623,2803,2810,2919,3006,2872,2745,2607,2553,2321,2287,2139,2079,1934,1840,1831,1535,1507,1202,1313,1198,1072,970,912,758,659,558,463,387,337,143,46,0,0,0,0
195,0,Fake,3009,0,0,5,101,208,304,412,511,611,714,816,912,1019,1122,1215,1319,1423,1527,1630,1726,1820,1920,2025,2128,2213,2309,2400,2505,2621,2701,2803,2911,3009,2880,2743,2627,2501,2410,2291,2171,2062,1955,1858,1746,1634,1519,1419,1302,1200,1096,976,881,769,669,573,481,347,259,171,50,0,0,0,0
196,0,Fake,2919,0,0,0,112,201,288,406,510,754,721,886,951,1015,1087,1220,1306,1408,1504,1639,1718,1801,1936,2134,2139,2191,2286,2438,2453,2609,2703,2864,2899,2919,2880,2727,2631,2512,2426,2363,2192,2064,1738,1856,1742,1639,1520,1425,1328,1192,1104,1019,851,789,711,575,481,354,269,167,67,0,0,0,0
197,0,Fake,3006,0,0,0,81,207,296,390,560,619,720,822,934,1023,1104,1219,1312,1451,1479,1629,1751,1743,2121,2096,2151,2239,2327,2407,2545,2559,2714,2827,2910,3006,2881,2896,2623,2667,2557,2230,2135,2073,1959,1867,1753,1642,1515,1405,1309,1222,1067,1047,889,847,673,574,468,367,274,179,33,0,0,0,0
198,0,Fake,2971,0,0,0,84,224,314,429,511,607,704,783,897,1166,1183,1191,1316,1429,1535,1631,1756,1817,1908,2015,2149,2219,2303,2448,2510,2754,2711,2801,2901,2971,2881,2761,2615,2508,2134,2266,2182,2032,1991,1771,1750,1646,1535,1404,1291,1193,1091,991,941,777,690,653,556,464,272,160,53,0,0,0,0
199,0,Fake,2992,0,0,0,100,193,304,403,459,637,697,787,893,1118,1122,1226,1318,1407,1518,1696,1694,1841,1987,2020,2023,2214,2274,2405,2503,2615,2756,2779,2908,2992,2877,2758,2613,2496,2373,2257,2175,2095,1950,1838,1744,1601,1520,1407,1316,1200,1091,1063,811,754,658,595,465,367,252,144,72,0,0,0,0
200,0,Fake,3003,0,0,0,98,203,327,552,464,592,711,870,911,1006,1062,1243,1259,1422,1569,1610,1701,1710,1804,1968,2147,2091,2320,2411,2502,2608,2709,2800,2928,3003,2842,2760,2643,2478,2480,2342,2151,2074,1949,1846,1740,1620,1526,1424,1311,1089,1085,937,879,755,672,444,464,391,256,142,47,0,0,0,0
201,0,Fake,2992,0,0,3,103,68,333,368,501,593,699,815,881,976,1023,1251,1179,1361,1520,1633,1726,1822,1883,2001,2113,2221,2215,2407,2449,2595,2676,2802,2905,2992,2939,2731,2629,2501,2405,2310,1928,2007,2160,1872,1565,1616,1520,1413,1309,1227,1084,978,843,752,608,583,615,404,260,148,64,0,0,0,0
202,0,Fake,3002,0,0,4,103,220,255,393,509,607,727,816,892,1039,1140,1201,1307,1419,1504,1637,1702,1803,1911,2005,2131,2245,2272,2517,2505,2539,2705,2800,2913,3002,2862,2756,2559,2503,2315,2288,2094,2069,2160,1937,1739,1638,1535,1415,1299,1200,1088,1008,879,784,667,511,625,292,250,155,55,0,0,0,0
203,0,Fake,3011,0,0,66,144,184,303,323,549,603,713,816,927,1034,1125,1247,1327,1462,1511,1699,1712,1771,1814,2015,2126,2210,2331,2421,2481,2587,2720,2752,2906,3011,2849,2747,2625,2506,2401,2257,2141,2059,1936,1823,1768,1633,1460,1392,1300,1253,1110,979,881,783,687,496,464,384,261,127,0,0,0,0,0
204,0,Fake,3021,0,0,9,87,179,299,350,442,528,709,702,910,1012,1119,1229,1323,1424,1554,1613,1724,1856,1915,2013,2199,2138,2288,2415,2510,2552,2695,2798,2923,3021,2880,2737,2621,2612,2403,2417,2182,2070,1954,1806,1747,1611,1499,1406,1309,1361,1057,983,1008,774,682,560,455,380,273,176,62,0,0,0,0
205,0,Fake,3524,0,0,35,216,284,367,546,646,702,911,949,1079,1200,1330,1458,1571,1661,1802,1909,2006,2188,2193,2497,2437,2551,2693,2833,2945,3083,3203,3402,3524,3472,3509,3283,3143,3024,2886,2720,2640,2430,2397,2242,2034,2022,1921,1810,1703,1582,1506,1326,1207,1082,966,595,711,570,466,390,266,270,50,0,0
206,0,Fake,3632,0,0,20,224,412,394,500,571,935,805,967,1072,1207,1346,1464,1535,1638,1785,1907,2011,2160,2292,2375,2403,2608,2666,2827,2951,3039,3127,3353,3563,3632,3533,3290,3203,3065,2897,3029,2634,2454,2370,2299,2183,2065,1941,1821,1702,1590,1476,1328,1232,1109,1125,908,729,560,504,405,295,180,64,0,0
207,0,Fake,3734,0,0,29,174,256,521,389,622,777,828,961,1088,1213,1323,1438,1564,1663,1815,1902,1843,2073,2254,2419,2415,2426,2722,2820,2956,3087,3216,3376,3567,3734,3540,3343,3440,3143,3087,2659,2534,2351,2411,2292,2205,2066,1939,1823,1708,1555,1498,1341,1232,1104,951,863,719,635,526,400,303,157,70,0,0
208,0,Fake,3742,0,0,25,127,268,368,746,643,779,828,953,988,1194,1293,1444,1535,1670,1793,1904,2039,2096,2176,2370,2404,2543,2663,2805,2864,3071,3233,3388,3567,3742,3613,3353,3168,3041,2923,2779,2654,2641,2416,2290,2178,2047,1943,1835,1712,1606,1457,1374,1233,1137,959,870,720,646,511,565,297,185,75,0,0
209,0,Fake,3774,0,0,19,140,247,400,434,596,711,809,960,1042,1328,1177,1170,1535,1677,1806,1865,2013,2125,2242,2339,2468,2559,2755,2833,2863,3050,3442,3392,3565,3774,3513,3354,3195,2755,2933,2816,2658,2458,2406,2466,2112,2042,1713,1791,1725,1591,1492,1369,1241,1136,1040,839,750,799,526,400,287,176,49,0,0
210,0,Fake,3657,0,0,11,219,235,353,468,628,704,830,941,1072,1159,1322,1424,1535,1623,1809,1849,1963,2149,2096,2338,2498,2597,2720,2883,2947,3065,3299,3398,3581,3657,3521,3534,3317,2934,2897,2724,2666,2559,2420,2337,2191,2067,1965,1820,1618,1623,1445,1361,1295,1157,1040,897,769,635,563,452,306,193,101,0,0
211,0,Fake,3779,0,0,0,137,179,380,462,612,715,797,918,1146,1295,1315,1403,1535,1651,1799,1904,2000,2134,2231,2350,2398,2633,2779,2761,2944,3088,3233,3392,3577,3779,3578,3288,3204,3115,2917,2842,2756,2559,2370,2302,2261,2079,1963,1829,1694,1616,1497,1360,1199,1131,998,950,770,694,596,449,298,196,84,0,0
212,0,Fake,3758,0,0,0,79,268,208,494,599,713,839,943,1040,1189,1298,1410,1393,1602,1874,1840,2034,2282,2235,2369,2480,2559,2709,2787,2974,3090,3246,3405,3691,3758,3567,3261,3157,3065,2928,2789,2658,2547,2401,2315,2193,2059,1936,1869,1600,1595,1446,1355,1243,1122,1005,893,745,626,547,458,314,209,0,0,0
213,0,Fake,3775,0,0,18,145,231,357,509,592,722,784,1139,1020,1087,1324,1461,1374,1687,1780,1904,2015,2130,2254,2369,2472,2582,2830,2807,3142,3086,3116,3312,3714,3775,3567,3375,3205,3063,2936,2809,2683,2585,2515,2243,2207,1986,1966,1834,1715,1605,1483,1323,1232,1130,1015,897,730,614,479,370,329,181,80,0,0
214,0,Fake,3751,0,0,0,67,286,383,400,605,698,817,928,1084,1187,1319,1477,1534,1742,1667,1934,2015,2147,2062,2374,2475,2597,2800,2835,2958,3089,3251,3381,3539,3751,3631,3313,3173,3062,2910,2788,2677,2559,2395,2294,2243,2035,2120,1717,1736,1595,1477,1175,1237,1146,1005,880,775,660,537,420,302,260,101,0,0
215,0,Fake,3739,0,0,22,137,252,354,462,601,704,834,1047,1077,1089,1295,1420,1554,1685,1787,1939,1993,2142,2258,2339,2492,2559,2673,2720,2946,3127,3443,3440,3566,3739,3521,3355,3221,3051,2934,2809,2771,2559,2396,2199,2205,2011,1941,1833,1714,1597,1479,1307,1260,1106,1008,798,784,560,499,414,463,192,80,0,0
216,0,Fake,3761,0,74,29,143,259,363,483,587,688,833,997,1062,1182,1305,1315,1535,1664,1782,1929,1925,2135,2243,2416,2511,2587,2709,2855,2974,3106,3555,3340,3545,3761,3670,3377,3210,3064,2928,2800,2636,2547,2445,2320,2244,2009,2083,1800,1714,1667,1505,1365,1239,1107,1007,880,751,663,542,437,304,158,80,0,0
217,0,Fake,3767,0,0,21,129,258,353,486,586,725,780,859,1001,1170,1313,1413,1532,1667,1809,1946,2001,2128,2202,2413,2476,2544,2723,2757,2964,3083,3233,3381,3548,3767,3557,3472,3216,3100,2891,2927,2659,2543,2260,2320,2203,2070,1968,1858,1726,1618,1489,1360,1236,1010,1088,889,829,615,542,429,302,189,93,0,0
218,0,Fake,3765,0,0,18,138,250,362,484,605,715,820,942,1070,1194,1309,1418,1534,1661,1781,1904,2001,2127,2238,2369,2480,2589,2708,2834,2975,3109,3248,3398,3583,3765,3559,3365,3205,3059,2930,2807,2675,2552,2433,2330,2208,2081,1968,1845,1730,1614,1483,1360,1242,1132,1008,880,768,656,545,418,311,188,77,0,0
219,0,Fake,3703,0,0,16,143,256,338,434,624,705,943,1084,1067,1186,1302,1424,1519,1659,1793,1921,1929,2257,2249,2374,2559,2591,2878,2834,2973,3069,3225,3399,3605,3703,3561,3361,2979,3249,2992,2885,2755,2527,2433,2318,2191,2077,1996,1850,1733,1622,1535,1419,1234,1040,938,722,795,656,539,472,287,192,83,0,0
220,0,Fake,3792,0,0,0,144,257,387,528,583,705,839,951,1096,1172,1270,1381,1465,1654,1731,1879,2046,2139,2192,2362,2450,2559,2712,2821,2945,3093,3245,3472,3621,3792,3643,3319,3124,3067,2935,2791,2678,2534,2429,2351,2199,1983,1935,1863,1595,1535,1584,1329,1248,1138,999,857,771,677,525,405,305,118,151,4,0
221,0,Fake,3821,0,0,22,126,256,347,510,624,640,836,944,1141,1186,1292,1407,1579,1667,1799,1901,2018,2140,2300,2397,2481,2608,2704,2863,2947,3087,3268,3411,3583,3821,3568,3371,3217,3201,3046,2743,2635,2723,2435,2327,2190,2065,1974,1821,1725,1598,1408,1344,1275,1145,1023,848,853,646,546,413,334,203,78,0,0
222,0,Fake,3760,0,0,21,49,223,316,368,594,720,829,944,1070,1185,1309,1430,1525,1600,1812,1863,2037,2078,2249,2356,2473,2604,2725,2845,2931,3088,3252,3413,3515,3760,3568,3662,3190,3054,2920,2816,2672,2544,2465,2299,2193,2086,2002,1861,1760,1712,1357,1409,1243,1151,999,891,777,688,559,405,278,142,0,0,0
223,0,Fake,3769,0,0,20,134,254,320,466,651,698,741,833,1089,1491,1303,1397,1556,1665,1779,1926,2000,2084,2243,2347,2499,2497,2688,2742,2973,3107,3236,3401,3599,3769,3569,3373,3213,3059,3031,2728,2830,2533,2355,2329,2194,2093,1964,1840,1744,1618,1483,1233,1184,1162,948,886,776,556,541,419,331,188,84,0,0
224,0,Fake,3760,0,0,14,44,271,321,499,610,735,837,903,1014,1220,1470,1347,1519,1658,1773,1893,2000,2128,2230,2381,2470,2628,2817,2847,2961,3135,3253,3420,3582,3760,3551,3375,3218,3071,2923,2771,2705,2444,2395,2299,2243,2083,1967,1806,1717,1630,1449,1339,1243,944,978,954,767,672,575,428,309,179,87,0,0
225,0,Fake,3762,0,0,60,102,175,319,464,531,667,831,942,1106,1136,1305,1463,1560,1650,1842,1923,1981,2175,2255,2353,2481,2599,2655,2864,2947,3081,3161,3409,3762,3760,3499,3330,3349,2972,2928,2786,2640,2550,2439,2338,2193,2113,1939,1872,1693,1572,1472,1505,1254,1123,1003,914,807,691,588,439,321,260,24,0,0
226,0,Fake,3754,0,0,16,130,243,357,471,592,747,825,885,1008,1095,1258,1399,1559,1649,1782,1877,1987,2101,2238,2358,2477,2608,2720,3079,2974,3105,3195,3397,3599,3754,3611,3350,3206,3024,2930,2800,2667,2388,2388,2320,2133,2087,1961,1838,1764,1600,1497,1413,1285,1136,1104,859,865,534,621,401,319,199,80,0,0
227,0,Fake,3715,0,0,1,146,305,215,489,587,705,815,913,1079,1182,1296,1425,1738,1680,1873,1919,1934,2149,2245,2371,2482,2583,2709,2854,2944,3089,3234,3617,3635,3715,3536,3386,3212,3056,2913,2793,2672,2490,2429,2306,2188,2121,1943,1808,1614,1673,1479,1360,1248,1135,1031,884,829,594,543,490,292,205,77,0,0
228,0,Fake,3728,0,0,16,133,219,354,502,593,706,823,944,1059,1181,1299,1392,1535,1670,1778,1893,2008,2158,2286,2391,2453,2658,2680,2821,2987,3111,3248,3376,3582,3728,3553,3477,3143,3067,2928,2912,2672,2543,2430,2309,2234,2095,1967,1825,1726,1642,1468,1311,1362,1104,982,924,775,672,510,426,305,186,86,0,0
229,0,Fake,3760,0,0,0,128,243,347,475,583,704,801,946,819,1092,1271,1337,1602,1535,1745,1901,2010,2157,2224,2335,2537,2603,2729,2873,2952,3122,3199,3399,3579,3760,3559,3358,3216,3056,2928,2807,2692,2482,2408,2412,2203,2128,2017,1845,1731,1568,1476,1376,1246,1116,1010,993,805,668,528,410,300,190,71,0,0
230,0,Fake,3777,0,0,16,34,262,373,426,592,707,733,950,1072,1229,1301,1423,1566,1675,1744,1856,2017,1878,2236,2352,2486,2604,2736,2850,2941,3110,2928,3497,3536,3777,3565,3264,3184,3059,2928,2793,2689,2559,2430,2299,2288,2105,1902,1841,1767,1609,1486,1359,1238,1106,998,879,785,672,555,449,315,191,79,0,0
231,0,Fake,3757,0,0,15,142,221,266,465,586,754,786,929,931,1204,1296,1422,1535,1659,1744,1882,2006,2112,2047,2330,2618,2557,2719,2773,2951,3099,3247,3402,3581,3757,3568,3378,3200,3055,2927,2814,2687,2551,2430,2320,2202,2085,1958,1841,1726,1606,1486,1359,1242,1130,1008,891,762,655,535,415,304,199,77,0,0
232,0,Fake,3706,0,0,9,113,198,386,498,577,796,1063,965,1072,1258,1300,1394,1557,1617,1766,1807,1975,2250,2267,2354,2619,2587,2704,2846,2977,3094,3227,3356,3600,3706,3492,3318,3232,3034,2864,2800,2669,2537,2442,2304,2152,2081,1923,1841,1728,1579,1425,1394,1472,1050,1008,898,785,713,511,394,346,160,0,0,0
233,0,Fake,3871,0,0,43,53,222,354,450,581,711,814,976,1023,1189,1283,1409,1671,1535,1750,1895,2058,1933,2250,2352,2480,2593,2731,2832,2896,3048,3248,3406,3785,3760,3871,3352,3217,3053,2915,2818,2702,2540,2444,2311,2216,2085,1942,1790,1677,1629,1535,1374,1261,1180,1021,911,790,618,548,336,280,155,86,0,0
234,0,Fake,3761,0,0,0,137,240,342,438,490,721,824,912,1047,1189,1311,1431,1535,1424,1802,2002,1862,2258,2256,2351,2479,2549,2715,2844,2934,3138,3243,3408,3569,3761,3583,3359,3202,3049,2931,2753,2627,2540,2421,2327,2257,2081,1889,1727,1719,1467,1660,1361,1244,1129,1079,878,771,667,556,506,284,242,80,0,0
235,0,Fake,3770,0,0,59,90,285,349,474,589,701,834,937,1040,1219,1294,1418,1456,1671,1753,1825,2017,2115,2241,2381,2471,2597,2723,2821,2945,2864,3287,3307,3533,3770,3573,3377,3191,3061,2923,2832,2646,2559,2430,2350,2345,2283,1875,1905,1796,1609,1488,1309,1287,1122,1046,882,772,763,531,496,322,188,144,0,0
236,0,Fake,3749,0,0,31,116,239,487,497,668,875,725,930,1067,1184,1303,1394,1515,1680,1763,1894,1841,2058,2354,2269,2385,2586,2708,2836,2959,3099,3255,3399,3583,3749,3598,3360,3181,3082,2879,2799,2671,2550,2438,2321,2219,2084,1968,1847,1827,1791,1431,1264,1022,1116,1008,882,759,647,560,427,304,204,58,0,0
237,0,Fake,3762,0,0,49,129,230,389,486,593,703,767,1011,976,1267,1212,1423,1503,1582,1725,1892,2000,2114,2238,2372,2478,2630,2704,2954,2881,2984,3290,3355,3583,3762,3565,3361,3187,3059,2927,2821,2637,2551,2384,2209,2243,2112,2095,1770,1712,1603,1501,1392,1252,1121,998,871,753,698,533,425,272,188,80,0,0
238,0,Fake,3774,0,0,16,110,224,357,448,511,711,818,944,1054,1188,1298,1394,1520,1655,1805,1813,2211,2154,2171,2338,2470,2586,2702,2830,2965,3071,3184,3412,3571,3774,3456,3395,3273,3054,2947,2803,2673,2544,2430,2311,2213,2085,1954,1882,1711,1532,1523,1360,1228,1122,1057,842,785,673,560,437,303,151,78,0,0
239,0,Fake,3759,0,0,11,155,271,368,492,528,657,816,932,1126,1212,1278,1420,1522,1639,1815,1887,2033,2107,2230,2430,2422,2471,2416,2677,2947,3099,3247,3410,3581,3759,3579,3363,3233,3120,2929,2752,2663,2557,2402,2307,2193,2093,1963,1812,1685,1611,1487,1463,1290,1101,993,801,755,651,539,457,299,176,74,0,0
240,0,Fake,3583,0,0,16,129,263,348,463,483,790,763,922,899,1181,1306,1399,1555,1655,1773,1898,1979,2064,2374,2352,2584,2558,2670,2864,2963,3097,3239,3406,3583,3557,3574,3329,3276,3152,2813,2787,2787,2416,2432,2320,2158,2091,1953,1835,1695,1315,1518,1553,1267,1153,1038,896,794,651,560,314,372,219,91,0,0
241,0,Fake,3766,0,0,16,113,240,362,468,603,854,823,909,1081,1146,1316,1424,1520,1641,1778,1902,2042,2113,2241,2195,2480,2484,2679,2965,3120,3062,3227,3398,3583,3766,3563,3386,3216,2763,2918,2817,2634,2630,2435,2321,2203,1908,1957,1840,1766,1639,1466,1379,1267,1115,943,871,547,660,544,415,301,192,70,0,0
242,0,Fake,3751,0,0,16,125,241,362,497,607,689,768,1001,985,1206,1360,1467,1527,1607,1776,1919,1990,2148,2224,2533,2441,2527,2726,2863,2933,3098,3235,3394,3617,3751,3561,3394,3193,3041,2919,2961,2665,2503,2250,2270,2199,2095,1957,1830,1727,1613,1499,1279,1352,1075,1013,884,926,630,540,421,324,194,67,0,0
243,0,Fake,3757,0,0,47,144,132,388,441,586,784,833,895,1040,1131,1319,1423,1525,1698,1711,1851,2025,2128,2244,2404,2403,2629,2754,2913,3004,3088,3239,3429,3601,3757,3559,3342,3221,2960,2866,2952,2683,2451,2437,2322,2186,2095,1947,1840,1710,1616,1484,1476,1309,1111,1045,832,671,665,535,454,320,192,80,0,0
244,0,Fake,3779,0,0,0,118,228,355,474,590,689,823,931,1011,1190,1298,1477,1535,1634,1834,2151,2029,2123,2229,2367,2457,2605,2710,2794,2944,3090,3440,3501,3567,3779,3558,3376,3210,3051,2913,2812,2684,2551,2448,2401,2138,2302,1949,1827,1762,1599,1483,1348,1255,1123,1008,887,762,662,480,511,272,275,74,0,0
245,0,Fake,3757,0,0,32,254,237,343,439,623,704,804,932,1104,1156,1290,1424,1520,1830,1778,1815,2016,2134,2240,2357,2480,2608,2703,2818,2977,3089,3152,3392,3563,3757,3515,3337,3185,3058,2919,2885,2720,2529,2473,2359,2199,2080,1944,1919,1714,1585,1478,1354,1289,1119,985,887,757,619,499,483,262,208,25,0,0
246,0,Fake,3766,0,0,0,134,239,323,469,598,720,854,991,1053,1173,1306,1394,1477,1666,1776,1903,1899,2144,2254,2320,2507,2502,2696,2803,2957,3088,3222,3405,3570,3766,3583,3268,3140,3071,2819,2822,2673,2544,2394,2336,2174,2141,2030,1835,1682,1647,1420,1389,1390,1252,999,883,752,656,559,466,478,192,144,0,0
247,0,Fake,3775,0,0,0,127,239,311,466,594,683,818,926,981,1222,1168,1339,1571,1758,1784,1884,1979,2117,2239,2362,2481,2587,2827,2870,2965,3119,3207,3403,3599,3775,3600,3329,3218,3056,2942,2793,2681,2549,2348,2408,2162,2053,1949,1855,1744,1609,1491,1390,1251,1141,902,916,803,651,611,585,305,193,72,0,0
248,0,Fake,3749,0,0,0,128,239,353,472,603,672,870,869,985,1127,1327,1397,1526,1653,1771,1868,1953,2140,2242,2192,2399,2635,2661,2847,2943,3090,3235,3504,3583,3749,3518,3359,3248,2891,2956,2712,2559,2787,2333,2306,2197,2079,1964,1856,1715,1630,1484,1362,1286,1107,995,829,763,640,537,411,267,144,112,0,0
249,0,Fake,3785,0,0,0,80,386,356,494,587,705,850,945,1117,1131,1279,1420,1535,1610,1649,2046,1991,2112,2224,2352,2470,2608,2774,2825,2949,3184,3235,3374,3632,3785,3603,3369,3216,3057,2935,2754,2704,2557,2462,2304,2241,2276,1896,1872,1872,1584,1469,1391,1244,1021,976,945,749,656,496,401,304,211,96,0,0
250,0,Fake,3696,0,0,1,122,238,352,466,592,704,823,939,1059,1168,1287,1404,1556,1664,1763,1829,1959,2132,2293,2352,2463,2581,2709,2837,2951,3083,3225,3409,3583,3696,3510,3376,3218,3093,2802,2842,2674,2425,2439,2323,2195,2079,1966,1854,1713,1331,1483,1332,1363,1150,1134,886,773,656,542,407,290,128,73,0,0
251,0,Fake,3792,0,0,30,128,229,250,493,587,719,874,961,1049,1138,1296,1408,1402,1632,1755,1871,2154,2117,2221,2355,2458,2586,2672,2819,2938,3097,3227,3547,3792,3792,3522,3370,3191,3051,2941,2794,2642,2501,2430,2313,2284,2082,1987,1854,1668,1613,1475,1351,1188,1132,1005,805,766,652,439,418,240,179,144,0,0
252,0,Fake,3767,0,0,3,285,197,349,679,629,705,815,935,1001,1193,1263,1345,1525,1619,1887,1879,1990,2000,2224,2347,2459,2535,2735,2812,2960,3088,3243,3216,3641,3767,3501,3506,3202,3055,2922,2817,2679,2544,2425,2381,2224,2138,1955,1744,1702,1753,1477,1345,1247,1117,1001,906,924,655,528,314,456,190,72,25,0
253,0,Fake,3747,0,0,1,120,240,347,464,582,683,813,926,1053,1173,1287,1415,1529,1650,1767,1881,2003,2121,2227,2351,2465,2589,2715,2829,2954,3088,3243,3405,3568,3747,3552,3376,3216,3049,2923,2784,2678,2558,2420,2307,2195,2092,1958,1835,1713,1587,1488,1374,1232,1134,1008,881,768,653,539,421,303,186,77,0,0
254,0,Fake,3754,0,0,9,110,211,351,465,633,687,808,959,1104,1166,1274,1401,1509,1645,1904,2015,2001,2118,2240,2323,2452,2559,2701,2826,2990,2960,3195,3407,3575,3754,3549,3330,3216,3088,2923,2826,2656,2556,2439,2320,2139,2098,1971,1774,1744,1600,1442,1386,1253,1131,1021,880,919,643,482,432,305,177,66,0,0
255,0,Fake,3886,0,0,0,116,201,349,465,608,735,998,974,1120,1119,1295,1403,1534,1640,1776,1888,2017,2125,2301,2302,2393,2604,2699,2833,2945,3071,3289,3449,3545,3886,3583,3376,3611,3008,3041,2735,2681,2549,2386,2306,2208,2080,2001,1838,1721,1595,1491,1325,1136,1083,987,825,767,669,577,432,286,203,103,0,0
256,0,Fake,3765,0,0,0,122,229,351,463,576,689,816,930,1059,1165,1283,1396,1522,1650,1774,1875,1993,2125,2242,2352,2475,2593,2698,2832,2951,3088,3232,3393,3583,3765,3544,3361,3195,3066,2928,2785,2665,2544,2437,2314,2192,2081,1961,1843,1728,1594,1471,1346,1247,1133,1008,880,754,646,539,418,301,192,70,0,0
257,0,Fake,3747,0,0,3,112,240,350,454,567,699,808,848,1073,1318,1287,1289,1559,1654,1776,1878,1997,2044,2246,2363,2462,2615,2887,2755,2903,2995,3243,3393,3574,3747,3533,3378,3126,3056,2927,2785,2654,2508,2486,2478,2178,2070,1953,1843,1661,1615,1412,1342,1249,1083,921,768,756,883,549,406,272,175,99,0,0
258,0,Fake,3714,0,0,0,114,249,349,451,578,683,806,861,1023,1158,1282,1373,1451,1641,1761,1874,1989,2127,2227,2340,2474,2484,2729,2741,3011,3056,3294,3389,3583,3714,3483,3383,3184,3053,2921,2795,2559,2480,2417,2333,2189,2092,1966,1863,1738,1601,1457,1359,1263,1110,979,871,704,727,592,429,303,173,58,0,0
259,0,Fake,3760,0,0,0,123,221,352,463,589,701,814,941,1053,1182,1289,1407,1514,1644,1776,1890,1995,2112,2224,2352,2471,2559,2704,2816,2961,3099,3217,3406,3578,3760,3552,3365,3201,3039,2912,2800,2676,2556,2431,2313,2208,2086,1957,1833,1722,1600,1486,1359,1238,1124,1005,882,755,643,529,418,301,192,74,0,0
260,0,Fake,3699,0,0,9,124,176,368,465,576,688,710,940,1023,1171,1309,1373,1514,1655,1755,1872,2023,2113,2224,2345,2431,2538,2640,2815,3162,3090,3237,3390,3580,3699,3561,3363,3230,3044,2981,2718,2646,2540,2326,2267,2192,2083,1942,1841,1707,1615,1488,1356,1221,1148,1036,865,816,649,529,405,321,177,80,0,0
261,0,Fake,3750,0,0,0,114,411,344,544,537,869,804,927,1010,1184,1277,1406,1530,1656,1761,1927,1958,2012,2257,2462,2469,2559,2699,2817,2963,3107,3226,3393,3577,3750,3724,3321,3200,3089,2928,2835,2697,2536,2465,2337,2183,2067,2002,1995,1875,1615,1418,1398,1234,1129,1023,855,723,688,528,395,309,210,49,0,0
262,0,Fake,3743,0,0,1,126,217,333,464,576,714,810,885,1035,1168,1299,1535,1514,1648,1776,1861,1997,2146,2201,2350,2463,2559,2690,2801,2937,3038,3346,3389,3575,3743,3527,3372,3212,3071,2929,2721,2593,2615,2422,2238,2182,2088,1938,1898,1690,1586,1428,1343,1243,1119,1104,880,751,547,528,416,299,193,69,0,0
263,0,Fake,3760,0,0,1,111,336,347,504,576,747,816,853,1134,1165,1265,1362,1566,1645,1766,1855,1987,2125,2214,2370,2459,2635,2587,2864,2933,3202,3233,3393,3583,3760,3515,3363,3226,3011,2915,2882,2704,2533,2465,2433,2189,2085,1914,1847,1726,1605,1521,1351,1235,1018,936,849,755,688,489,410,297,190,80,0,0
264,0,Fake,3766,0,0,0,82,243,277,459,566,689,784,905,1052,1147,1296,1362,1424,1869,1776,1872,1842,2123,2224,2351,2469,2590,2722,2790,2950,3071,3203,3356,3536,3766,3541,3491,3201,3041,2883,2797,2661,2534,2370,2305,2160,1973,1936,1916,1570,1535,1488,1365,1239,1127,1019,912,818,636,481,382,202,196,3,0,0
265,0,Fake,3775,0,0,33,116,250,348,442,609,704,770,904,1053,1185,1143,1411,1528,1652,1713,1839,1996,2109,2226,2355,2467,2547,2608,2802,2960,3056,3231,3398,3547,3775,3572,3365,3202,3046,3063,2811,2625,2611,2342,2227,2197,2063,1968,1850,1727,1600,1470,1361,1392,1062,961,894,774,628,538,418,276,179,70,0,0
266,0,Fake,3757,0,0,1,82,271,396,435,481,696,823,946,1040,1145,1265,1379,1458,1655,1744,1855,1989,2245,2194,2351,2450,2559,2762,2817,2959,3088,3230,3362,3570,3757,3534,3316,3211,3009,2928,2787,2672,2543,2416,2336,2170,1953,1936,1859,1783,1839,1459,1358,1244,1134,995,848,750,656,538,373,269,321,70,0,0
267,0,Fake,3744,0,0,10,67,505,370,347,589,581,700,926,1044,1152,1332,1415,1520,1652,1767,1932,1995,2087,2195,2454,2351,2587,2704,2833,2944,3102,3280,3367,3580,3744,3643,3378,3106,3115,2918,2787,2677,2534,2419,2288,2207,2087,1947,2004,1841,1615,1355,1507,1247,1122,996,922,830,630,532,398,298,235,95,0,0
268,0,Fake,3747,0,45,0,76,225,337,451,595,690,816,915,1035,1182,1201,1423,1480,1676,1805,1881,1984,2128,2253,2351,2471,2559,2686,2811,2971,3002,3194,3431,3575,3747,3551,3445,3195,3071,2931,2905,2659,2335,2458,2210,2125,2067,1937,1850,1723,1603,1486,1331,1203,1056,1004,900,739,677,528,413,205,176,64,0,0
269,0,Fake,3741,0,0,0,107,232,349,458,590,716,860,917,1057,1285,1263,1428,1535,1794,1792,1883,1998,2108,2226,2325,2433,2549,2701,2767,3067,3070,3379,3459,3566,3741,3518,3370,3175,3021,2931,2785,2663,2526,2389,2223,2128,2111,1971,1827,1723,1600,1481,1366,1240,1126,1011,821,961,648,558,327,301,186,69,0,0
270,0,Fake,3753,0,0,0,105,225,254,385,622,688,816,904,1038,1158,1323,1396,1477,1631,1741,1913,2031,2106,2229,2346,2450,2558,2679,2831,2962,3111,3224,3222,3539,3753,3598,3344,3181,3039,2923,2787,2668,2537,2416,2320,2190,1986,1869,2022,1712,1424,1457,1347,1233,1127,986,869,769,648,542,443,442,210,112,0,0
271,0,Fake,3746,0,0,10,146,217,320,466,589,697,814,907,1040,1165,1315,1372,1449,1595,1901,1914,2032,2191,2218,2355,2455,2559,2690,2826,2901,3305,3153,3392,3583,3746,3638,3367,3188,3036,2913,2790,2663,2496,2466,2320,2118,2112,1966,1854,1702,1518,1488,1360,1261,1079,1002,882,753,635,560,305,320,231,59,0,0
272,0,Fake,3738,0,0,89,116,234,305,499,582,692,820,901,1072,1152,1291,1392,1382,1535,1744,1913,1970,2165,2223,2341,2454,2659,2704,2846,2967,3089,3233,3309,3554,3738,3534,3354,3195,3037,2899,2791,2685,2531,2418,2305,2348,1994,1857,1792,1716,1611,1475,1359,1231,1114,998,880,769,640,592,463,297,176,240,0,0
273,0,Fake,3743,0,0,0,97,180,332,467,615,681,797,967,1023,1182,1280,1415,1521,1647,1795,2090,1936,2103,2163,2390,2463,2603,2704,2813,2887,3118,3234,3376,3570,3743,3614,3408,3285,3063,2911,2798,2676,2547,2429,2315,2210,2095,1902,1815,1831,1591,1423,1295,1233,1110,1040,880,742,620,511,427,370,163,130,0,0
274,0,Fake,3735,0,0,19,106,284,368,453,557,701,806,910,1071,1202,1388,1399,1523,1626,1758,1888,1993,2099,2185,2276,2487,2482,2710,2864,2925,3088,3236,3382,3565,3735,3519,3371,3517,3088,2909,2817,2698,2543,2558,2299,2191,2027,1968,1837,1703,1638,1485,1346,1180,1141,973,838,769,624,531,326,297,190,69,0,0
275,0,Fake,3761,0,0,0,110,232,338,459,577,693,803,927,1045,1159,1284,1403,1511,1642,1754,1878,1993,2098,2219,2349,2466,2586,2695,2810,2940,3087,3235,3391,3574,3761,3505,3392,3184,2959,2896,2784,2667,2532,2414,2302,2192,2087,1948,1856,1730,1596,1476,1383,1265,1178,1004,846,784,553,448,416,307,221,52,0,0
276,0,Fake,3757,0,0,0,128,240,368,458,570,679,758,915,1036,1136,1254,1355,1529,1645,1754,1897,2006,2113,2215,2359,2669,2593,2691,2775,2907,3186,3216,3378,3602,3757,3552,3353,3170,3111,3018,2795,2873,2501,2300,2307,2199,2078,1953,1827,1805,1569,1467,1352,1200,1127,913,893,783,652,522,414,307,161,67,0,0
277,0,Fake,3731,0,0,0,123,241,336,461,812,689,821,827,1068,1173,1389,1404,1680,1616,1831,1894,1997,2096,2256,2338,2478,2547,2688,2841,2890,3090,3275,3344,3554,3731,3536,3360,3184,3034,2927,2800,2666,2543,2307,2266,2128,1929,1960,1729,1701,1599,1420,1344,1251,1117,1031,877,630,674,690,329,290,138,59,0,0
278,0,Fake,3764,0,0,14,96,229,320,427,607,683,795,975,985,1169,1232,1407,1507,1669,1743,1903,1937,2071,2231,2346,2462,2614,2736,2838,2966,3071,3227,3331,3577,3764,3542,3330,3190,3050,2919,2767,2659,2541,2465,2320,2193,2111,1873,1847,1734,1745,1479,1345,1235,1119,1003,869,761,641,531,407,294,181,62,0,0
279,0,Fake,3738,0,0,16,129,240,351,437,557,688,762,1104,977,1130,1360,1390,1531,1648,1751,1874,2000,2121,2237,2288,2486,2559,2624,2827,3001,3063,3221,3391,3607,3738,3530,3362,3184,2989,2736,2742,2659,2515,2346,2287,2187,2069,1962,1892,1724,1610,1530,1360,1363,1045,882,841,858,647,529,413,283,176,64,0,0
280,0,Fake,3745,0,0,0,102,226,336,429,568,643,815,927,1042,1175,1262,1432,1392,1618,1744,1857,1987,2096,2224,2354,2417,2555,2697,2785,2930,3021,3091,3367,3563,3745,3525,3372,3209,2992,2932,2791,2670,2587,2443,2336,2199,2117,2096,1840,1721,1617,1535,1349,1257,1132,1023,1020,815,568,592,429,299,176,67,0,0
281,0,Fake,3758,0,0,0,112,233,338,435,562,577,800,924,1023,1153,1264,1408,1519,1611,1763,1799,1988,2096,2222,2272,2318,2448,2797,2807,2955,3088,3235,3376,3563,3758,3376,3327,3497,3153,2907,2800,2663,2533,2414,2326,2198,2062,1930,1851,1713,1630,1456,1338,1186,1191,1131,851,755,593,537,391,280,153,57,0,0
282,0,Fake,3730,0,0,2,112,240,336,447,573,705,820,941,1045,1107,1275,1404,1472,1554,1744,1875,2000,2142,2240,2350,2429,2586,2755,2851,3010,3059,3163,3141,3574,3730,3536,3375,3202,3050,2895,2849,2608,2618,2345,2305,2193,2156,1975,1837,1713,1603,1451,1345,1240,1107,1089,939,770,620,357,437,294,179,77,0,0
283,0,Fake,3728,0,0,0,105,231,354,455,578,676,818,891,1041,1189,1410,1393,1505,1755,1755,1882,2028,2117,2223,2336,2447,2558,2679,2769,2941,3088,3071,3363,3523,3728,3397,3369,3188,3028,2954,2787,2672,2533,2443,2303,2302,2036,1910,1830,1786,1616,1469,1351,1231,1135,999,907,750,631,343,369,229,109,96,0,0
284,0,Fake,3742,0,0,0,176,211,346,528,588,681,780,910,1030,1173,1279,1415,1259,1658,1703,1888,2106,1975,2227,2349,2448,2559,2685,2807,2898,3085,3209,3345,3469,3742,3477,3357,3187,3050,2901,2785,2686,2535,2505,2288,2174,1953,1963,1860,1707,1559,1459,1354,1152,1110,1004,884,791,639,524,366,400,105,64,0,0
285,0,Fake,3730,0,0,0,122,240,99,495,677,830,782,967,1046,1152,1282,1395,1531,1653,1759,1875,2096,2084,2160,2281,2486,2559,2704,2803,2941,3083,3216,3390,3577,3730,3152,3307,3091,3035,2940,2893,2835,2541,2491,2277,2183,2077,1936,1840,1728,1617,1485,1328,1168,1041,1010,878,763,633,537,391,281,176,32,0,0
286,0,Fake,3734,0,0,0,103,112,328,439,611,693,804,800,947,1191,1241,1327,1520,1629,1731,1829,1985,2109,2244,2334,2464,2879,2738,2721,3022,3061,3218,3371,3555,3734,3539,3342,3169,3054,2896,2608,2846,2628,2406,2167,2192,2072,1942,1776,1731,1608,1473,1348,1232,1119,1019,875,743,651,558,400,298,183,96,0,0
287,0,Fake,3712,0,0,0,90,214,319,435,560,704,543,1008,942,1122,1477,1328,1520,1658,1763,1879,1992,2128,2274,2338,2586,2550,2614,2841,2959,3089,3203,3376,3583,3712,3536,3335,3212,3061,2910,2989,2583,2559,2442,2302,2178,2079,1945,1855,1716,1589,1472,1327,1408,1131,1023,851,785,549,502,413,304,191,92,0,0
288,0,Fake,3740,0,0,39,112,208,288,453,569,704,802,943,1023,1161,1263,1360,1513,1490,1755,1773,1991,2069,2047,2326,2454,2587,2695,2791,2935,3071,3217,3322,3568,3740,3583,3541,3120,3034,2901,2783,2672,2514,2414,2310,2175,2064,1967,1857,1672,1638,1321,1362,1227,1055,1044,883,767,613,510,496,293,145,74,0,0
289,0,Fake,3727,0,0,0,128,215,299,478,563,671,848,825,1033,1191,1417,1430,1519,1634,1728,1863,1963,2117,2224,2239,2538,2550,2555,2807,2967,3085,3217,3391,3528,3727,3541,3345,3203,3042,2930,2801,2855,2554,2358,2335,2192,2074,1958,1819,1709,1584,1457,1345,1175,1099,965,944,738,644,539,406,281,177,70,0,0
290,0,Fake,3712,0,0,0,115,235,335,449,560,507,945,809,1043,1100,1205,1363,1502,1584,1743,1856,1983,2427,2128,2242,2454,2507,2559,2913,2925,3089,3232,3341,3465,3712,3625,3383,3194,3010,2939,2768,2725,2609,2316,2315,2180,2091,1951,1822,1666,1575,1475,1202,1213,1193,871,881,801,656,528,383,265,188,80,0,0
291,0,Fake,3744,0,0,3,94,225,360,439,652,677,700,871,1061,1006,1262,1394,1560,1641,1747,1895,1971,2114,2416,2351,2559,2559,2793,2891,2931,3071,3240,3405,3549,3744,3547,3360,3186,3040,3069,2749,2624,2615,2425,2295,2224,2082,1952,1834,1712,1582,1650,1370,1217,1205,1019,1035,768,642,534,380,288,171,42,0,0
292,0,Fake,3727,0,0,0,107,217,343,462,574,676,795,968,930,1119,1295,1262,1512,1643,1742,1872,2004,2106,2211,2288,2546,2495,2664,2827,2845,3091,3221,3383,3530,3727,3549,3391,3097,3056,2907,2832,2544,2559,2398,2347,2165,2083,1968,1837,1714,1632,1470,1232,1229,1109,1017,867,735,692,499,405,304,179,82,0,0
293,0,Fake,3750,0,0,0,108,222,328,465,570,707,816,912,1173,1217,1232,1440,1555,1776,1754,1875,1937,2102,2221,2334,2448,2559,2599,2788,3025,3095,3261,3394,3549,3750,3439,3359,3201,3029,2901,2826,2860,2554,2330,2291,2129,2169,1938,1825,1669,1585,1447,1347,1227,1099,921,1041,632,816,490,400,295,176,64,0,0
294,0,Fake,3730,0,0,0,108,227,329,446,578,689,797,918,1041,1168,1287,1387,1515,1636,1746,1872,1991,2099,2213,2340,2459,2581,2692,2808,2934,3069,3219,3386,3568,3730,3544,3355,3184,3049,2907,2794,2669,2531,2415,2292,2193,2073,1949,1825,1711,1598,1464,1353,1235,1109,1002,881,746,636,528,405,291,181,64,0,0
295,0,Fake,3653,0,0,0,107,238,366,476,581,663,891,925,1232,1153,1315,1360,1535,1648,1742,1882,1998,2069,2244,2332,2507,2545,2688,2814,3086,3304,3216,3377,3532,3653,3486,3350,3232,3047,2959,2826,2798,2618,2405,2350,2180,2070,1951,1830,1725,1593,1470,1362,1281,1168,1125,809,718,727,529,411,285,160,69,0,0
296,0,Fake,3618,0,0,2,99,227,312,440,560,815,882,935,989,1170,1280,1408,1506,1637,1775,1844,1977,2103,2197,2245,2368,2591,2640,2817,2925,3082,3224,3404,3618,3523,3532,3356,3199,2925,2928,2775,2528,2529,2415,2295,2185,2073,1952,1813,1744,1587,1597,1354,1218,1056,994,945,755,633,527,395,289,152,62,0,0
297,0,Fake,3730,0,0,4,112,272,521,608,573,736,705,915,986,1171,1257,1418,1526,1631,1755,1873,1842,2111,2351,2398,2480,2559,2691,2815,2939,3081,3223,3381,3547,3730,3549,3359,3186,3040,2901,2790,2667,2527,2421,2299,2192,2077,1949,1829,1709,1602,1472,1347,1230,1107,991,880,761,634,526,403,299,176,65,0,0
298,0,Fake,3716,0,0,0,112,210,350,333,576,687,777,930,1040,1133,1279,1407,1482,1653,1768,1887,2011,2022,2193,2485,2417,2705,2736,2802,2939,3093,3234,3373,3563,3716,3536,3362,3148,3020,2871,2818,2675,2535,2422,2302,2163,2037,1951,1853,1706,1589,1490,1371,1269,1097,957,855,757,624,539,381,277,169,66,0,0
299,0,Fake,3749,0,0,0,304,226,336,455,563,688,826,880,1077,1130,1264,1344,1477,1601,1683,1795,1984,2095,2203,2345,2458,2559,2690,3210,2934,3183,3259,3351,3523,3749,3538,3344,3207,3034,2993,2787,2677,2519,2384,2331,2144,1983,1888,1826,1715,1621,1424,1349,1226,1117,975,686,760,736,560,470,272,179,61,0,0
300,0,Fake,3728,0,0,0,81,223,309,394,590,678,765,1056,1138,1160,1210,1386,1511,1646,1770,1870,1997,2117,2187,2334,2352,2470,2735,2806,2679,3067,3210,3382,3568,3728,3504,3378,3232,3055,2898,2723,2605,2491,2458,2308,2175,2081,1939,1839,1729,1584,1430,1344,1195,1012,1094,1034,738,560,529,401,304,160,69,0,0
301,0,Fake,3733,0,0,0,127,231,336,423,576,644,802,901,944,1104,1278,1360,1659,1618,1744,1872,1991,2129,2205,2336,2451,2559,2698,2772,2926,3019,3432,3386,3563,3733,3541,3326,3179,3031,2899,2503,2669,2479,2370,2280,2197,2039,1938,1819,1730,1581,1465,1428,1232,1109,994,975,800,682,486,402,287,177,52,0,0
302,0,Fake,3824,0,0,0,88,227,336,459,556,625,796,1003,928,1136,1327,1391,1518,1635,1701,1863,1997,2113,2127,2331,2421,2548,2704,2819,3119,3071,3237,3399,3564,3824,3537,3350,3179,3024,2910,2665,2617,2559,2360,2259,2183,2078,1904,1819,1728,1535,1456,1358,1281,1137,1008,859,657,645,511,388,320,231,48,0,0
303,0,Fake,3741,0,0,0,110,250,341,434,563,691,784,829,968,1168,1178,1481,1481,1643,1765,1856,1971,2117,2227,2340,2457,2559,2672,2723,2953,3088,3248,3377,3565,3741,3527,3344,3153,3040,2909,2913,2777,2519,2407,2268,2172,2069,1937,1842,1707,1611,1470,1346,1218,1038,963,862,742,617,471,404,292,180,59,0,0
304,0,Fake,3746,0,0,0,99,218,334,439,557,701,747,955,1037,1201,1205,1393,1520,1511,1713,1880,1980,2087,2224,2323,2451,2612,2702,2780,2896,3044,3408,3383,3553,3746,3536,3344,3159,3045,2914,2795,2512,2585,2471,2254,2150,2042,1961,1825,1744,1589,1483,1344,1240,1122,937,963,707,635,419,368,294,170,48,0,0
305,0,Fake,3759,0,0,9,105,278,367,459,572,686,788,882,1058,1103,1266,1297,1568,1647,1865,1925,2003,2097,2224,2352,2448,2559,2688,2827,2918,2766,3178,3289,3550,3759,3409,3344,3184,3027,2903,2778,2660,2532,2449,2326,2166,2080,1897,1658,1728,1565,1468,1282,1232,1136,1002,895,752,627,549,498,296,131,124,0,0
306,0,Fake,3824,0,0,12,64,205,329,447,593,691,796,907,1055,1182,1297,1390,1520,1494,1904,1879,2031,2238,2193,2336,2446,2622,2688,2811,2946,3084,3219,3344,3482,3729,3581,3824,2961,3046,2911,2785,2647,2526,2416,2322,2184,1938,1966,1831,1677,1635,1569,1334,1219,1114,976,870,738,657,511,405,274,186,66,0,0
307,0,Fake,3728,0,0,0,107,219,327,444,576,688,795,912,1040,1155,1273,1392,1509,1632,1746,1865,1987,2103,2211,2324,2462,2559,2678,2809,2937,3083,3222,3376,3548,3728,3533,3354,3183,3039,2901,2790,2667,2527,2415,2293,2183,2071,1943,1824,1701,1590,1471,1344,1223,1117,997,873,751,640,524,404,291,170,61,0,0
308,0,Fake,3712,0,0,0,124,225,376,400,558,596,899,1056,1040,1157,1281,1373,1493,1622,1758,1883,1968,2008,2257,2385,2480,2547,2690,2809,2946,3085,3220,3383,3538,3712,3527,3480,3239,3107,2912,2770,2661,2539,2432,2314,2172,2064,1943,1828,1699,1602,1415,1355,1040,948,994,864,759,625,543,385,299,170,147,0,0
309,0,Fake,3729,0,0,0,107,214,357,464,580,697,849,915,1070,1162,1317,1380,1607,1632,1753,1883,1977,2117,2246,2287,2450,2597,2807,2753,2993,3114,3219,3367,3565,3729,3511,3349,3200,3009,2909,3034,2687,2448,2393,2404,2024,2096,1939,1833,1671,1600,1494,1349,1250,1231,1007,895,752,683,475,390,294,189,70,0,0
310,0,Fake,3783,0,0,0,112,292,337,400,463,763,797,903,1042,1183,1329,1371,1534,1604,1750,1905,1912,2072,2179,2347,2342,2559,2686,2810,2928,3067,3215,3398,3567,3783,3547,3206,3216,3107,2926,2768,2653,2512,2405,2310,2210,2012,1956,1824,1644,1664,1476,1296,1280,1094,994,877,703,672,523,405,304,178,0,0,0
311,0,Fake,3785,0,0,0,82,208,361,415,538,679,831,833,1060,1214,1373,1346,1493,1641,1737,1903,2005,2098,2194,2336,2604,2559,2675,2741,2956,3071,3216,3393,3572,3785,3547,3242,3222,3053,2918,2768,2727,2455,2379,2351,2186,2070,1950,1834,1701,1588,1433,1355,1140,1140,936,837,737,601,533,401,297,193,57,0,0
312,0,Fake,3831,0,0,5,75,183,381,418,558,662,779,942,1043,1100,1246,1392,1503,1606,1759,1854,1923,2208,2191,2208,2499,2559,2701,2839,2930,3071,3194,3378,3563,3831,3663,3315,3245,3060,2868,2771,2652,2527,2386,2307,2179,2097,1939,1535,1727,1783,1657,1225,1088,1077,994,855,726,656,536,407,337,23,162,0,0
313,0,Fake,3779,0,0,0,89,214,334,445,565,663,774,931,1057,1161,1331,1420,1504,1639,1793,1835,1997,2103,2213,2327,2477,2559,2710,2818,2947,3131,3206,3390,3779,3730,3531,3344,3171,3031,2914,2768,2688,2531,2416,2256,2394,2096,1990,1806,1727,1587,1487,1251,1157,1115,1008,879,682,543,572,444,242,176,61,0,0
314,0,Fake,3825,0,0,0,103,211,342,465,559,721,782,919,1000,1179,1259,1584,1498,1767,1769,1872,1988,2141,2218,2357,2448,2594,2674,2734,2842,3039,3279,3536,3547,3825,3553,3369,3153,3041,2926,2790,2651,2534,2335,2327,2125,2256,1916,1821,1698,1601,1488,1348,1247,1114,984,824,679,691,499,379,290,170,62,0,0
315,0,Fake,3734,0,0,0,102,268,335,368,587,660,702,928,1046,1161,1223,1392,1471,1643,1744,1732,1862,2194,2288,2242,2447,2559,2697,2817,2949,3081,3203,3328,3571,3734,3515,3324,3125,3013,2943,2774,2689,2521,2442,2319,2176,2031,1779,1661,1698,1579,1426,1313,1217,1094,993,896,742,646,511,393,286,72,59,0,0
316,0,Fake,3671,0,0,0,103,208,330,463,560,700,804,867,1019,1144,1264,1560,1523,1657,1728,1930,1955,2108,2162,2349,2511,2545,2701,2826,2966,3286,3215,3374,3671,3668,3556,3370,3209,2994,2943,2815,2608,2672,2359,2144,2182,2053,1958,1837,1729,1585,1403,1345,1157,1135,1058,868,639,580,530,403,303,169,54,0,0
317,0,Fake,3731,0,0,0,109,208,327,447,571,689,803,912,1035,1153,1271,1399,1513,1629,1747,1865,1990,2106,2221,2320,2448,2559,2694,2802,2927,3062,3223,3381,3557,3731,3531,3376,3193,2975,2896,2775,2654,2494,2415,2289,2174,2071,1953,1823,1702,1574,1405,1344,1281,1112,928,863,642,619,619,415,288,193,54,0,0
318,0,Fake,3647,0,0,0,97,214,304,453,590,675,817,883,1008,1157,1267,1386,1479,1621,1771,1874,1931,2108,2222,2414,2427,2520,2695,2890,2935,3057,3211,3383,3570,3647,3531,3280,3127,3045,2843,2732,2542,2372,2429,2305,2149,2035,1942,1838,1732,1651,1511,1398,1235,1104,1014,629,756,603,553,402,272,175,37,0,0
319,0,Fake,3731,0,0,0,98,240,192,452,566,627,834,906,1041,1153,1226,1264,1526,1627,1760,1815,1833,2115,2222,2333,2451,2585,2686,2797,2950,3065,3206,3370,3507,3731,3567,3357,3171,3045,2890,2784,2647,2548,2416,2447,2192,2000,1865,1805,1743,1583,1459,1344,1213,1152,976,864,774,626,578,378,342,174,97,0,0
320,0,Fake,3730,0,0,0,118,181,318,427,560,670,797,866,1050,1159,1296,1402,1505,1622,1750,1963,1760,2301,2194,2336,2461,2548,2673,2842,2929,3088,3206,3365,3528,3730,3531,3255,3184,3034,2914,2779,2657,2529,2414,2308,2182,2051,1937,1818,1717,1590,1459,1342,1225,1107,985,866,750,635,528,397,285,176,61,0,0
321,0,Fake,3733,0,0,0,100,203,408,445,511,674,804,916,1041,1123,1273,1366,1497,1676,1751,1910,1981,2069,2261,2338,2436,2543,2690,2787,2944,3061,3216,3369,3541,3733,3515,3327,3190,3022,2918,2789,2653,2527,2462,2287,2372,1911,1958,1810,1745,1595,1555,1342,1229,1107,1018,891,771,644,511,415,271,64,48,0,0
322,0,Fake,3741,0,0,0,101,254,323,446,557,580,802,900,1038,1170,1267,1225,1432,1673,1759,1784,1995,2103,2235,2352,2455,2559,2731,2800,2935,2967,3058,3303,3551,3741,3519,3337,3167,3033,2914,2723,2647,2515,2330,2411,2141,2064,1936,1781,1633,1594,1449,1370,1240,1136,927,855,751,684,432,303,269,180,59,0,0
323,0,Fake,3728,0,0,0,101,207,352,460,551,712,806,871,999,1198,1246,1388,1520,1603,1726,1869,1975,2104,2235,2337,2443,2645,2682,2786,2816,3071,3298,3392,3565,3728,3548,3376,3221,3054,2971,2815,2675,2642,2485,2316,2177,2016,1942,1827,1707,1578,1464,1347,1231,1104,991,867,754,637,534,401,289,176,59,0,0
324,0,Fake,3750,0,0,0,107,228,311,442,573,678,784,913,1105,1168,1195,1455,1510,1598,1753,1868,2005,2086,2211,2335,2395,2559,2761,2785,3069,3057,3280,3322,3548,3750,3526,3339,3135,3054,2852,2771,2542,2506,2303,2299,2319,1999,1936,1813,1709,1582,1565,1352,1210,1117,963,845,775,618,486,311,273,173,75,0,0
325,0,Fake,3738,0,0,33,86,207,240,414,610,719,789,912,1067,1136,1315,1382,1472,1638,1627,1883,1971,1952,2262,2299,2449,2581,2686,2800,2954,3065,3221,3375,3671,3738,3456,3321,3343,2899,2898,2786,2677,2537,2399,2291,2174,2090,1930,1836,1595,1528,1504,1363,1190,1109,988,889,749,644,511,400,269,182,90,0,0
326,0,Fake,3744,0,0,0,108,211,336,439,571,688,801,917,1040,1167,1280,1395,1495,1631,1754,1872,1983,2099,2215,2339,2463,2559,2682,2819,2945,3071,3222,3365,3557,3744,3529,3344,3175,3035,2922,2786,2647,2530,2415,2300,2187,2067,1951,1824,1699,1593,1467,1340,1231,1104,989,876,757,631,524,403,286,175,61,0,0
327,0,Fake,3734,0,0,0,140,211,354,437,573,802,953,913,1043,1214,1228,1395,1505,1665,1749,1883,1937,2118,2266,2270,2423,2559,2688,2785,2982,3083,3216,3375,3549,3734,3537,3350,3194,3361,2893,2779,2689,2418,2418,2226,2192,2005,1941,1833,1719,1606,1463,1507,1345,1104,1106,1013,715,643,524,383,272,149,39,0,0
328,0,Fake,3728,0,0,0,37,235,237,455,597,703,816,913,1050,1168,1307,1386,1507,1617,1817,1855,1877,2091,2210,2304,2461,2559,2681,2823,2953,3071,3197,3370,3553,3728,3388,3341,3033,3200,2909,2785,2692,2523,2416,2319,2187,2075,2032,1825,1824,1578,1481,1365,1191,1115,933,880,765,624,500,395,307,112,4,0,0
329,0,Fake,3731,0,0,0,104,212,334,454,560,681,798,918,1042,1158,1275,1389,1497,1644,1753,1867,1987,2098,2224,2340,2446,2559,2688,2819,2951,3063,3204,3367,3569,3731,3534,3338,3186,3045,2912,2779,2653,2529,2427,2306,2192,2067,1939,1835,1712,1580,1456,1344,1216,1118,997,870,746,640,527,407,286,174,51,0,0
330,0,Fake,3744,0,0,0,100,220,315,419,557,800,639,841,1023,1081,1327,1254,1518,1630,1759,1869,1963,2097,2206,2336,2426,2512,2646,2870,2932,2992,3211,3376,3565,3744,3530,3351,3184,3047,2917,2757,2669,2544,2404,2466,2176,1989,1933,1839,1718,1599,1401,1343,1230,1113,978,864,739,605,545,401,292,191,66,0,0
331,0,Fake,3747,0,0,0,98,223,276,428,547,693,767,949,1047,1203,1273,1367,1525,1641,1709,1889,2013,2092,2176,2290,2352,2559,2688,2818,2928,3068,3223,3374,3570,3747,3521,3699,3321,3105,2923,2467,2675,2530,2442,2289,2186,2062,1942,1777,1850,1627,1461,1293,1271,1168,1007,864,741,643,538,386,234,202,51,0,0
332,0,Fake,3914,0,0,0,110,224,343,434,592,689,879,907,1023,1149,1270,1387,1473,1626,1747,1860,1980,2107,2177,2329,2337,2515,2992,2810,2942,3062,3213,3362,3557,3914,3520,3344,3181,3159,2922,2781,2654,2515,2415,2305,2136,2072,1904,1828,1691,1578,1338,1390,1219,965,977,657,825,630,528,405,286,176,61,0,0
333,0,Fake,3715,0,0,0,103,214,456,451,665,640,805,955,1008,1153,1232,1442,1487,1650,1759,1872,2064,2019,2271,2359,2430,2704,2687,2811,2919,3152,3249,3349,3561,3715,3529,3328,3328,3006,2882,2994,2672,2518,2403,2294,2134,2062,1939,1815,1821,1512,1455,1429,1169,1184,955,865,745,635,475,420,265,173,136,0,0
334,0,Fake,3712,0,0,0,97,218,369,433,507,586,752,924,1040,1218,1263,1392,1509,1648,1743,1848,1968,2093,2186,2395,2432,2550,2668,2811,2928,3063,3215,3369,3558,3712,3558,3379,3251,3010,2903,2721,2681,2663,2399,2301,2181,2074,1937,1835,1741,1598,1475,1296,1107,1078,976,961,753,642,511,444,263,171,47,0,0
335,0,Fake,3714,0,0,3,80,259,324,449,573,687,779,908,975,1153,1281,1520,1583,1792,1790,1829,1952,2097,2209,2315,2451,2586,2626,2813,2923,2932,3202,3433,3495,3714,3530,3347,3184,3041,2908,2783,2672,2498,2407,2247,2266,2079,1967,1790,1635,1587,1463,1280,1294,1106,991,816,724,633,531,429,243,160,82,0,0
336,0,Fake,3742,0,0,0,108,205,384,466,705,579,816,921,1034,1189,1202,1392,1494,1643,1750,1857,1937,2118,2256,2287,2445,2559,2674,2830,2989,3051,3206,3378,3574,3742,3459,3250,3209,2898,2919,2779,2659,2540,2434,2322,2179,2082,1937,1905,1662,1535,1486,1630,1165,1129,1003,890,749,624,511,411,273,139,91,107,0
337,0,Fake,3722,0,0,0,103,208,336,452,560,678,810,851,1063,1143,1215,1392,1526,1616,1747,1858,1934,2113,2224,2288,2512,2532,2621,2723,2943,3062,3218,3398,3565,3722,3501,3344,3200,3285,2828,2957,2712,2514,2376,2298,2186,2016,1947,1904,1711,1572,1470,1365,1206,1082,1093,832,839,636,510,400,281,174,63,0,0
338,0,Fake,3728,0,0,24,8,207,338,432,567,701,802,901,1036,1202,1204,1510,1515,1687,1741,1936,1854,2089,2225,2324,2442,2584,2704,2771,2942,2992,3243,3289,3604,3728,3532,3360,3184,2972,2919,2758,2645,2497,2416,2559,2156,1995,1969,1815,1717,1593,1432,1335,1217,1143,987,884,737,645,673,336,193,273,64,0,0
339,0,Fake,3715,0,0,0,103,219,385,429,560,674,804,897,1040,1152,1273,1422,1503,1621,1954,1890,2159,2114,2211,2330,2422,2559,2688,2818,2895,3069,3287,3547,3571,3715,3409,3363,3189,3058,2912,2699,2676,2531,2359,2290,1946,2053,1957,1831,1563,1570,1462,1350,1320,1103,993,942,734,639,528,474,235,240,62,0,0
340,0,Fake,3711,0,0,0,90,207,327,543,613,640,783,1002,1031,1152,1262,1462,1498,1625,1775,1823,1935,2270,2218,2237,2388,2470,2729,2801,2939,3083,3209,3395,3583,3711,3531,3204,3108,2995,2859,2723,2668,2531,2403,2330,2181,2090,1929,1830,1568,1783,1417,1334,1147,1084,1066,865,754,654,511,407,267,172,52,0,0
341,0,Fake,3699,0,0,0,95,206,332,448,560,673,771,896,1231,1203,1142,1350,1498,1628,1750,1875,1983,2096,2221,2283,2448,2592,2727,2700,2880,2841,3290,3373,3542,3699,3535,3367,3272,3038,2896,2673,2658,2588,2426,2504,2192,2069,1958,1818,1685,1609,1471,1355,1221,1001,968,825,787,580,563,400,292,199,64,0,0
342,0,Fake,3707,0,0,0,91,250,256,443,571,656,953,912,1061,1158,1245,1392,1509,1584,1750,1867,1983,2103,2227,2368,2431,2443,2736,2846,2981,3062,3216,3422,3577,3707,3520,3393,3178,2803,2886,2733,2607,2596,2430,2293,2178,2073,1963,1812,1697,1595,1452,1354,1296,1197,994,799,511,643,524,417,281,148,66,0,0
343,0,Fake,3735,0,0,0,103,210,337,483,560,709,816,836,1056,1200,1274,1371,1501,1633,1737,1884,1921,2086,2215,2419,2415,2559,2657,2787,2816,3068,3202,3386,3557,3735,3506,3366,3186,2886,2887,2784,2632,2709,2439,2308,2173,2018,1933,1828,1723,1594,1456,1397,1262,1090,987,907,703,631,511,439,279,168,78,0,0
344,0,Fake,3762,0,0,0,112,211,320,465,608,688,816,879,1029,1161,1309,1591,1488,1642,1808,1931,1978,2130,2233,2335,2447,2544,2677,2827,2917,3089,3281,3421,3583,3762,3526,3344,3185,3082,2926,2802,2650,2539,2402,2272,2160,2015,1958,1746,1712,1600,1462,1392,1242,1110,978,877,736,635,434,418,296,174,61,0,0
345,0,Fake,3701,0,0,0,119,223,358,432,548,654,795,896,1017,1063,1278,1395,1517,1594,1791,1874,1981,2103,2256,2345,2348,2527,2787,2729,2929,3065,3231,3372,3558,3701,3538,3344,3110,3062,2937,2761,2529,2542,2401,2293,2192,2065,1959,1810,1702,1575,1253,1329,1247,1103,1002,787,753,636,523,414,278,168,80,0,0
346,0,Fake,3730,0,0,0,80,210,325,427,543,663,711,1077,1139,1169,1354,1328,1504,1637,1809,1866,1937,2110,2230,2343,2455,2559,2738,2799,2919,3071,3200,3370,3536,3730,3503,3344,3183,3071,2936,2800,2760,2460,2417,2373,2183,2065,1907,1834,1712,1555,1488,1313,1187,1136,1171,848,823,405,539,401,284,195,1,0,0
347,0,Fake,3744,0,0,9,127,210,395,549,579,688,801,912,1023,1146,1215,1406,1484,1635,1747,1870,1840,2096,2122,2389,2426,2736,2693,2828,2940,3071,3220,3376,3577,3744,3395,3243,3151,3069,3070,2789,2667,2542,2399,2301,2179,2083,1955,1827,1904,1584,1523,1398,1184,901,1008,865,723,635,499,385,259,187,77,0,0
348,0,Fake,3737,0,0,0,31,224,273,511,548,612,803,913,1006,1141,1300,1335,1520,1638,1773,1849,1890,2070,2092,2311,2445,2557,2608,2811,2938,3126,3177,3369,3479,3736,3737,3303,3103,3120,2912,2782,2663,2534,2418,2304,2145,2081,1907,1843,1730,1527,1382,1337,1231,1115,1008,870,733,645,511,433,171,193,208,0,0
349,0,Fake,3701,0,0,0,93,184,336,450,816,578,768,896,1040,1120,1275,1389,1524,1622,1723,1821,1930,2103,2323,2352,2672,2640,2800,2717,2926,3069,3260,3339,3562,3701,3526,3342,3088,2979,2836,2778,2713,2527,2415,2294,2181,2069,1931,1838,1713,1585,1581,1220,1273,1126,1092,1030,749,626,451,394,299,123,79,0,0
350,0,Fake,3719,0,0,0,62,211,331,441,575,661,814,945,1033,1104,1266,1506,1483,1694,1837,1882,1979,2058,2225,2348,2457,2559,2732,2825,2855,3054,3243,3338,3611,3719,3519,3335,3184,3067,2915,2772,2654,2537,2469,2350,2211,2093,1887,1826,1703,1583,1456,1295,1152,1127,974,860,641,544,490,386,160,176,55,0,0
351,0,Fake,3730,0,0,0,100,210,334,439,565,670,787,907,1045,1153,1266,1388,1506,1636,1747,1859,1983,2096,2224,2336,2443,2559,2687,2825,2944,3055,3209,3379,3552,3730,3532,3344,3179,3038,2883,2772,2667,2544,2416,2304,2177,2057,1940,1814,1719,1586,1458,1342,1232,1115,997,871,747,641,527,403,284,169,63,0,0
352,0,Fake,3739,0,0,128,95,235,242,443,477,720,792,920,1057,1160,1260,1435,1424,1646,1744,1870,1981,2107,2212,2343,2448,2555,2701,2829,2951,3088,3209,3376,3563,3739,3522,3245,3385,3026,2910,2783,2645,2531,2380,2315,2163,2062,2000,1822,1657,1629,1463,1424,1229,1107,990,865,758,646,528,404,270,137,99,0,0
353,0,Fake,3714,0,0,0,97,221,321,458,577,652,790,913,960,1166,1238,1387,1535,1437,1762,1857,1991,2096,2219,2335,2438,2559,2532,2860,2884,3038,3298,3367,3554,3714,3536,3286,3193,3041,2903,2756,2559,2559,2320,2288,2298,1965,1936,1837,1738,1567,1441,1316,1228,1119,994,854,770,646,499,399,245,171,51,0,0
354,0,Fake,3762,0,0,0,101,211,328,461,561,683,791,914,1073,1179,1187,1355,1513,1569,1739,1909,1983,2105,2222,2329,2448,2559,2793,3067,3118,3239,3158,3465,3553,3762,3499,3323,3277,3030,2939,2783,2642,2544,2414,2256,2224,2063,1950,1819,1675,1565,1459,1340,1237,1109,838,822,881,656,540,395,287,176,46,0,0
355,0,Fake,3685,0,0,0,6,215,332,450,556,685,787,908,1053,1142,1262,1390,1482,1654,1712,1864,1982,2110,2234,2320,2448,2549,2684,2862,2967,3005,3412,3401,3367,3685,3509,3355,3199,3025,2901,2773,2655,2533,2441,2209,2260,2023,1805,1841,1706,1584,1423,1350,1191,1170,1004,880,719,646,511,384,291,169,61,0,0
356,0,Fake,3725,0,0,0,93,226,311,455,582,677,739,863,1034,1147,1269,1375,1486,1618,1724,1895,1989,2126,2227,2354,2448,2402,2659,2807,2944,3063,3129,3387,3533,3725,3524,3271,3152,3088,2906,2755,2751,2535,2403,2295,2176,2064,1895,1819,1495,1565,1601,1405,1232,1237,1014,877,752,407,511,399,316,176,70,0,0
357,0,Fake,3832,0,0,160,80,192,320,432,567,681,856,878,1040,1104,1233,1103,1467,1641,1769,1841,1953,2036,2234,2320,2455,2602,2704,2781,2947,3086,3280,3343,3832,3625,3526,3289,3185,2995,2929,2782,2678,2523,2420,2288,2196,2090,1839,1797,1695,1662,1458,1330,1236,1104,1002,861,711,635,689,497,209,169,68,0,0
358,0,Fake,3739,0,0,0,99,178,299,345,559,659,785,907,1023,1147,1270,1409,1509,1680,1755,1969,1975,2099,2225,2315,2462,2557,2679,2813,2941,3051,3174,3419,3548,3739,3696,3308,3371,3109,2986,2766,2655,2543,2418,2219,2194,2025,1936,1840,1698,1597,1451,1376,1065,1116,990,865,727,582,528,431,270,225,75,0,0
359,0,Fake,3735,0,0,0,101,205,327,433,574,656,815,902,1052,1137,1312,1345,1599,1600,1745,1846,2032,2128,2145,2324,2394,2559,2763,2901,2902,3027,3110,3374,3551,3735,3517,3312,3180,3009,2910,2775,2543,2465,2436,2256,1859,2093,1949,1825,1710,1577,1439,1351,1232,1088,1014,795,791,643,679,449,290,166,53,0,0
360,0,Fake,3737,0,0,0,7,196,281,367,595,678,815,912,1049,1142,1276,1382,1488,1653,1814,1866,1977,1955,2193,2343,2459,2558,2673,2806,2962,3098,3205,3343,3356,3737,3536,3362,3180,3029,2912,2793,2638,2544,2423,2286,2112,2151,1835,1779,1645,1870,1419,1354,1227,1141,999,911,746,611,531,301,278,141,42,80,0
361,0,Fake,3773,0,0,37,98,192,357,460,573,651,784,918,1035,1179,1227,1424,1488,1637,1766,1863,1837,2111,2206,2320,2444,2559,2673,2818,2960,3071,3331,3501,3568,3773,3579,3376,3177,2979,2928,2815,2643,2535,2422,2294,2192,2044,1936,1705,1554,1577,1457,1362,1271,1106,1006,865,762,647,530,399,317,211,162,0,0
362,0,Fake,3794,0,0,0,96,155,320,445,571,896,803,917,1040,1134,1280,1392,1519,1648,1741,1825,1928,2112,2242,2330,2469,2559,2672,2829,2942,3027,3211,3359,3728,3794,3506,3301,3207,3023,2912,2782,2657,2523,2435,2266,2174,2081,1945,1763,1789,1587,1401,1297,1226,1125,982,886,743,642,528,418,275,266,45,0,0
363,0,Fake,3696,0,0,0,105,203,313,528,580,667,859,912,1037,1134,1265,1398,1499,1620,1742,2016,2096,2129,2114,2332,2278,2559,2698,2662,2933,3055,3255,3379,3541,3696,3510,3337,3186,3024,2796,2774,2655,2539,2406,2330,2176,2082,1947,1829,1675,1771,1402,1312,1183,1111,985,922,749,617,464,357,264,171,103,0,0
364,0,Fake,3739,0,0,0,80,205,379,411,579,673,787,918,1038,1166,1264,1408,1671,1648,1750,1841,1969,2226,2210,2342,2446,2510,2706,2836,2943,3045,3265,3373,3603,3739,3530,3181,3179,3019,2901,2781,2655,2559,2392,2295,2177,1966,2077,1844,1723,1425,1461,1345,1218,1123,1042,859,778,623,509,310,181,170,65,0,0
365,0,Fake,3730,0,0,0,28,242,348,447,554,705,783,921,865,1158,1183,1418,1475,1601,1691,2029,1971,2096,2224,2339,2495,2559,2728,2807,2929,3120,3106,3392,3477,3730,3529,3344,3181,3061,2928,2768,2647,2517,2411,2374,2254,2029,1947,1801,1707,1589,1491,1328,1254,1106,942,894,742,754,551,409,279,67,56,0,0
366,0,Fake,3718,0,0,0,119,178,337,432,546,744,753,1088,978,1134,1295,1452,1424,1632,1763,1884,1915,2099,2196,2307,2214,2475,2617,2832,2946,3199,3123,3379,3539,3718,3664,3331,3206,2975,2899,2774,2590,2455,2402,2294,2161,2065,1938,1885,1707,1601,1535,1344,1211,1127,1011,880,759,639,576,400,286,166,59,0,0
367,0,Fake,3721,0,0,0,107,226,318,465,575,643,786,1040,940,1019,1314,1200,1487,1634,1733,1871,2001,2101,2231,2317,2431,2670,2896,2945,2866,3105,3206,3376,3600,3721,3536,3329,3138,3047,2908,2816,2643,2545,2518,2411,2183,2045,1946,1862,1696,1645,1398,1294,1207,1074,1003,810,846,651,591,400,282,153,58,0,0
368,0,Fake,3862,0,0,8,97,213,496,368,587,642,781,891,1099,1099,1267,1387,1506,1622,1744,1822,2000,1892,2180,2299,2465,2604,2546,2800,2943,3053,3205,3371,3555,3862,3533,3345,3121,3184,2935,2807,2663,2528,2421,2288,2194,2033,1938,1843,1692,1617,1515,1356,1206,1324,902,899,752,627,528,387,291,146,63,0,0
369,0,Fake,3727,0,0,0,103,161,322,447,576,668,789,974,1085,1152,1287,1567,1382,1624,1778,1981,1968,2112,2223,2352,2406,2559,2681,2803,2931,3011,3137,3253,3503,3727,3519,3338,3199,3053,2910,2773,2639,2521,2432,2327,2162,2111,1933,1773,1722,1479,1456,1392,1203,1156,987,891,755,549,703,385,246,68,65,0,0
370,0,Fake,3728,0,0,0,100,208,309,477,581,667,800,919,1041,1154,1252,1391,1528,1618,1595,1873,1984,2085,2208,2329,2448,2547,2688,2801,2849,3071,3161,3703,3555,3728,3535,3340,3184,3039,2924,2779,2653,2435,2402,2270,2174,1909,1888,1822,1707,1616,1483,1318,1210,1092,997,898,815,622,503,336,273,172,48,0,0
371,0,Fake,3715,0,0,0,78,208,326,432,545,674,821,884,1061,1155,1202,1391,1513,1632,1701,1861,1999,2129,2172,2544,2509,2527,2664,2767,2975,3056,3205,3381,3562,3715,3505,3286,3174,3036,2667,2756,2558,2481,2422,2287,2162,2064,1935,1819,1712,1589,1459,1347,1236,1075,921,891,546,621,511,401,271,195,48,0,0
372,0,Fake,3713,0,0,18,112,210,329,467,567,659,693,880,1043,941,1255,1392,1493,1632,1749,1811,2009,2109,2211,2667,2448,2598,2704,2929,2943,3068,3213,3350,3537,3713,3515,3305,3168,3005,2863,2763,2641,2340,2478,2304,2112,2080,2009,1803,1726,1593,1425,1335,1119,1099,1055,881,658,640,533,379,303,168,48,0,0
373,0,Fake,3733,0,0,0,101,210,323,445,563,670,798,912,1036,1157,1273,1390,1501,1642,1753,1868,1984,2096,2209,2343,2453,2558,2674,2800,2934,3067,3203,3374,3548,3733,3526,3352,3188,3036,2912,2781,2650,2524,2496,2289,2256,2064,1927,1818,1793,1559,1462,1344,1225,1110,988,867,751,631,559,410,288,167,48,0,0
374,0,Fake,3715,0,0,0,112,242,327,477,560,697,759,816,905,1232,1323,1387,1497,1601,1728,1873,1975,2117,2340,2307,2326,2559,2643,2794,2914,3067,3211,3314,3558,3715,3536,3344,3174,3141,2945,2871,2689,2592,2409,2289,2179,2097,1899,1852,1734,1601,1459,1307,1159,1104,1003,880,652,633,508,381,283,176,64,0,0
375,0,Fake,3703,0,0,0,103,214,311,468,550,711,853,897,1148,1122,1360,1153,1345,1654,1771,1856,2002,2106,2145,2329,2441,2480,2769,2829,3012,3071,3215,3369,3552,3703,3509,3349,3167,2990,2924,2789,2647,2670,2428,2279,2175,2154,1937,1819,1731,1654,1447,1347,1211,1127,1103,755,793,627,578,407,274,167,82,0,0
376,0,Fake,3714,0,0,0,106,217,320,441,561,682,794,907,1034,1152,1264,1392,1509,1629,1744,1860,1986,2113,2213,2320,2448,2559,2695,2797,2934,3058,3218,3391,3546,3714,3524,3344,3183,3029,2893,2769,2666,2538,2412,2307,2171,2075,1952,1814,1710,1589,1471,1349,1226,1107,978,865,751,636,511,397,280,174,64,0,0
377,0,Fake,3662,0,0,0,105,201,350,473,560,683,787,942,1047,1151,1126,1384,1499,1605,1737,1865,1968,2074,2214,2322,2540,2498,2637,2830,2832,3043,3214,3383,3583,3662,3523,3345,3186,3042,2894,2672,2606,2485,2412,2288,2182,2053,1938,1833,1693,1571,1475,1275,1195,1249,979,879,869,657,511,388,306,149,48,0,0
378,0,Fake,3711,0,0,0,80,210,347,448,558,674,782,880,1002,1140,1264,1376,1487,1658,1756,1894,2136,2161,2219,2325,2433,2559,2681,2846,2911,3058,3046,3362,3711,3703,3516,3101,3120,3046,2924,2783,2667,2524,2449,2303,2243,1918,1874,1797,1758,1735,1447,1341,1234,1108,982,867,768,602,638,402,294,118,148,0,0
379,0,Fake,3789,0,0,0,146,73,324,400,582,848,795,896,1034,1168,1271,1406,1565,1645,1708,1846,1987,2160,2227,2361,2453,2559,2658,2809,2928,3025,3169,3398,3542,3789,3453,3343,3213,3020,2903,2785,2698,2587,2414,2283,2165,2065,2001,1646,1670,1778,1449,1402,1243,1110,976,873,745,637,506,394,282,229,55,0,0
380,0,Fake,3714,0,0,0,116,199,272,447,595,688,935,899,1011,1145,1280,1398,1520,1649,1735,1856,2155,2106,2211,2321,2472,2362,2694,2817,2947,3040,3200,3378,3536,3714,3527,3312,3466,3041,2928,2922,2658,2534,2407,2315,2159,2076,1964,1808,1710,1535,1491,1393,1040,1057,982,859,751,624,497,387,298,154,112,0,0
381,0,Fake,3693,0,0,0,96,206,312,431,609,672,799,934,1045,1155,1269,1408,1534,1616,1756,1858,1999,2106,2233,2263,2448,2621,2696,2837,2928,3053,3307,3350,3534,3693,3513,3356,3133,2946,2897,2730,2799,2546,2409,2288,2176,2090,1929,1759,1692,1647,1511,1381,1187,1105,962,823,745,650,540,389,277,208,48,0,0
382,0,Fake,3671,0,0,0,93,189,321,432,578,634,788,922,1015,1155,1365,1368,1451,1648,1784,1833,1967,2108,2210,2348,2446,2559,2692,2806,2912,3069,3131,3500,3609,3671,3523,3328,3214,3037,2903,2769,2648,2540,2358,2242,2187,2071,1939,1904,1663,1579,1456,1349,1219,1085,967,903,739,647,505,455,283,9,49,0,0
383,0,Fake,3826,0,0,45,103,183,325,432,559,705,781,926,1033,1158,1252,1280,1482,1563,1760,1847,1967,2105,2215,2321,2448,2559,2657,2833,2921,3145,3195,3319,3573,3679,3826,3344,3175,3049,2928,2751,2655,2556,2415,2288,2179,2028,1991,1895,1609,1587,1452,1327,1232,1081,944,878,712,769,592,446,268,171,54,0,0
384,0,Fake,3711,0,0,0,80,205,296,403,584,656,815,908,1057,1152,1255,1378,1506,1631,1735,1872,1915,2107,2223,2320,2398,2543,2677,2559,2923,3056,3205,3369,3539,3711,3607,3341,3184,2866,2923,2814,2699,2559,2469,2298,2171,2061,1932,1811,1747,1584,1459,1359,1248,1010,900,697,683,625,511,401,309,161,59,0,0
385,0,Fake,3973,0,0,0,64,199,328,481,604,662,770,958,1021,1157,1270,1383,1449,1621,1760,1889,1975,2117,2113,2210,2416,2679,2682,2811,2859,3055,3206,3374,3520,3973,3603,3345,3112,3089,2959,2771,2649,2523,2375,2287,2167,2043,1931,1836,1926,1554,1483,1392,1222,1115,994,855,765,617,528,410,288,171,193,0,0
386,0,Fake,3751,0,0,0,100,208,319,447,562,670,786,929,1017,1169,1264,1331,1495,1535,1789,1751,1942,2064,2265,2330,2459,2518,2691,2853,2955,3050,3026,3338,3751,3729,3526,3326,3184,3042,2928,2845,2653,2523,2426,2318,2171,2094,1936,1785,1667,1559,1478,1346,1200,1168,1008,853,781,633,525,397,256,166,193,78,0
387,0,Fake,3730,0,0,0,122,173,349,411,601,656,768,906,1169,1136,1264,1405,1508,1625,1744,1855,1977,2106,2215,2225,2307,2325,2665,2806,2934,3094,3184,3392,3539,3730,3473,3312,3167,2929,2875,2903,2624,2514,2409,2269,2164,2055,1968,1839,1712,1601,1405,1254,1173,1136,979,839,752,632,508,419,287,159,48,0,0
388,0,Fake,3709,0,0,21,102,253,304,443,560,649,782,929,1031,1134,1275,1387,1520,1647,1684,1801,1971,2096,2219,2267,2471,2549,2746,2803,2926,3049,3200,3230,3539,3709,3511,3342,3183,3008,2893,2785,2658,2559,2410,2330,2065,2221,1921,1989,1779,1595,1457,1376,1247,1110,964,827,745,670,527,384,423,166,113,0,0
389,0,Fake,3713,0,0,0,90,212,321,439,555,675,790,914,1023,1143,1268,1381,1503,1604,1739,1857,1973,2105,2219,2333,2444,2559,2686,2807,2928,3056,3211,3383,3550,3713,3517,3344,3185,3040,2897,2772,2659,2532,2416,2288,2163,2056,1946,1822,1709,1572,1456,1344,1228,1107,981,870,738,635,511,400,279,167,52,0,0
390,0,Fake,3715,0,0,0,79,160,298,430,644,666,795,910,1009,1162,1249,1405,1482,1619,1703,1851,1850,2077,2322,2317,2443,2591,2683,2763,2926,3094,3152,3380,3538,3715,3549,3344,3230,3034,2902,2800,2641,2509,2353,2353,2173,2068,2011,1805,1695,1520,1371,1328,1219,1088,995,878,752,634,502,326,221,108,48,0,0
391,0,Fake,3725,0,0,119,97,208,175,463,562,669,804,887,1023,1156,1291,1238,1472,1560,1854,1859,1921,2095,2209,2332,2432,2559,2688,2805,2955,3057,2953,3259,3509,3725,3517,3375,3184,3027,2899,2769,2662,2550,2407,2286,2269,2068,1907,1855,1771,1581,1465,1342,1259,1067,970,816,774,641,486,455,192,176,32,0,0
392,0,Fake,3532,0,0,0,93,208,324,443,565,682,804,908,1033,1159,1245,1383,1463,1564,1744,1862,2098,2064,2206,2335,2448,2556,2685,2801,2944,3063,3211,3397,3502,3519,3532,3265,3171,3034,2929,2823,2528,2517,2416,2283,2175,2065,1947,1831,1639,1568,1462,1328,1186,1099,989,867,745,595,511,425,271,225,0,0,0
393,0,Fake,3727,0,0,43,133,198,315,429,573,680,794,892,1022,1147,1265,1280,1469,1619,1717,1706,1971,2096,2191,2351,2458,2555,2653,2800,2823,3058,3239,3285,3529,3727,3524,3333,3133,3023,2917,2780,2640,2545,2495,2276,2083,2001,2060,1661,1695,1580,1499,1348,1222,1061,1014,874,817,592,618,465,305,198,52,0,0
394,0,Fake,3731,0,0,0,93,226,324,453,592,688,706,867,1015,1140,1325,1362,1520,1622,1730,1831,1949,1981,2192,2308,2478,2559,2674,2779,2940,3063,3253,3380,3549,3731,3535,3677,3130,2986,2928,2747,2646,2519,2475,2256,2167,2028,1932,1837,1904,1587,1487,1327,1203,1129,985,832,768,647,478,409,300,167,64,77,0
395,0,Fake,3731,0,0,16,53,208,313,429,579,665,795,912,1023,1104,1295,1406,1535,1627,1915,1889,1977,2107,2199,2323,2448,2543,2671,2833,2953,3101,3200,3374,3659,3731,3539,3330,3187,3117,2914,2733,2633,2533,2480,2212,2164,2021,1891,1781,1697,1584,1459,1335,1218,1104,990,874,751,624,528,397,282,162,58,0,0
396,0,Fake,3634,0,0,0,129,172,299,475,566,746,815,901,1036,1156,1278,1362,1488,1634,1747,1861,1986,2038,2346,2489,2474,2554,2670,2959,2953,3101,3215,3365,3542,3634,3526,3499,3357,3093,3089,2793,2643,2512,2393,2294,2195,2031,1920,1571,1712,1714,1425,1360,991,1109,981,862,738,625,485,444,284,195,80,0,0
397,0,Fake,3728,0,0,0,96,186,320,411,588,672,796,886,986,1200,1281,1402,1467,1635,1748,1879,1977,2125,2218,2318,2447,2469,2652,2884,2878,3039,3253,3371,3538,3728,3536,3365,3215,3030,2902,2738,2610,2485,2377,2240,2095,2064,1951,1807,1713,1582,1473,1381,1239,1181,953,753,737,654,470,400,285,166,51,0,0
398,0,Fake,3718,0,0,0,96,214,316,442,550,681,797,912,1022,1152,1257,1394,1509,1633,1742,1861,1981,2106,2211,2331,2433,2549,2676,2804,2915,3024,3215,3309,3540,3718,3514,3351,3189,3030,2896,2797,2732,2544,2307,2247,2177,2059,1917,1761,1715,1639,1328,1385,1241,1124,982,853,784,611,494,391,208,187,7,0,0
399,0,Fake,3728,0,0,0,87,191,336,440,563,709,726,915,1038,1175,1264,1392,1511,1636,1746,1872,1939,2106,2224,2383,2685,2641,2608,2775,2943,3061,3210,3374,3536,3728,3526,3344,3184,3158,2905,2753,2717,2544,2608,2310,2195,2012,1953,1834,1722,1562,1457,1328,1193,1187,961,874,710,622,510,390,308,198,35,0,0
400,0,Aspirin,2977,0,0,35,139,243,343,441,539,638,741,841,933,1040,1135,1233,1338,1449,1535,1629,1730,1835,1930,2021,2116,2210,2320,2407,2498,2599,2691,2806,2898,2977,2862,2743,2641,2526,2403,2306,2202,2100,1994,1875,1773,1667,1577,1456,1341,1239,1133,1023,924,820,718,608,511,414,314,211,113,15,0,0,0
401,0,Aspirin,2973,0,0,13,112,208,298,400,510,605,704,812,897,1008,1111,1207,1296,1407,1514,1614,1700,1802,1899,2000,2105,2192,2278,2372,2480,2559,2672,2768,2865,2973,2854,2719,2613,2497,2389,2301,2192,2075,1968,1861,1763,1659,1535,1442,1334,1235,1127,1014,902,809,707,607,496,398,306,201,99,9,0,0,0
402,0,Aspirin,2957,0,0,0,94,198,295,389,489,592,689,793,891,992,1087,1189,1285,1406,1495,1597,1687,1787,1891,1996,2082,2171,2271,2366,2470,2555,2660,2759,2865,2957,2832,2709,2607,2501,2397,2283,2172,2071,1955,1863,1754,1638,1535,1437,1343,1232,1127,1013,912,816,711,603,503,406,308,208,104,10,0,0,0
403,0,Aspirin,2932,0,0,0,80,183,282,379,475,590,682,779,879,976,1083,1186,1289,1371,1481,1578,1685,1776,1870,1967,2067,2176,2269,2352,2445,2550,2641,2755,2863,2932,2815,2706,2608,2496,2378,2260,2165,2069,1962,1855,1747,1648,1535,1434,1328,1220,1119,1016,912,814,702,606,499,405,307,208,110,7,0,0,0
404,0,Aspirin,2931,0,0,0,81,179,283,382,482,579,682,770,874,971,1082,1181,1267,1371,1475,1587,1680,1770,1861,1964,2067,2164,2247,2350,2446,2555,2654,2734,2842,2931,2812,2699,2583,2479,2373,2274,2173,2063,1955,1845,1744,1647,1535,1437,1325,1229,1118,1013,912,816,703,607,511,407,304,205,105,16,0,0,0
405,0,Aspirin,2919,0,0,0,80,178,271,368,470,571,662,775,863,961,1059,1168,1271,1375,1467,1569,1664,1762,1857,1958,2053,2148,2254,2352,2431,2522,2638,2736,2844,2919,2790,2681,2559,2483,2364,2257,2158,2060,1951,1840,1743,1634,1535,1426,1318,1219,1116,1014,912,807,704,607,497,405,302,206,110,11,0,0,0
406,0,Aspirin,2918,0,0,0,81,179,275,374,478,580,677,771,876,968,1072,1163,1265,1370,1461,1578,1678,1762,1859,1955,2046,2160,2254,2334,2435,2531,2645,2738,2831,2918,2802,2701,2585,2469,2362,2258,2163,2067,1939,1840,1748,1650,1535,1424,1328,1219,1129,1023,908,815,720,624,511,413,311,216,116,16,0,0,0
407,0,Aspirin,2913,0,0,0,80,176,276,379,479,577,679,772,875,974,1072,1159,1263,1362,1475,1573,1662,1758,1855,1950,2060,2144,2243,2334,2433,2539,2640,2725,2830,2913,2806,2695,2559,2459,2358,2246,2160,2041,1939,1840,1744,1642,1533,1424,1322,1214,1117,1008,910,811,716,618,508,405,314,209,119,23,0,0,0
408,0,Aspirin,2910,0,0,0,70,172,266,364,467,567,656,758,854,951,1055,1149,1253,1358,1456,1535,1655,1741,1846,1948,2026,2126,2226,2333,2421,2516,2609,2707,2823,2910,2778,2672,2559,2465,2353,2234,2146,2032,1928,1836,1732,1616,1515,1414,1318,1207,1103,995,891,798,703,601,496,400,308,207,103,13,0,0,0
409,0,Aspirin,2891,0,0,0,71,170,261,367,464,561,656,748,850,947,1053,1155,1245,1345,1454,1535,1641,1740,1836,1942,2041,2121,2224,2315,2406,2512,2615,2704,2800,2891,2787,2672,2544,2441,2350,2246,2138,2031,1924,1820,1723,1622,1514,1417,1307,1211,1105,995,896,789,699,603,496,397,304,199,110,17,0,0,0
410,0,Aspirin,2878,0,0,0,62,163,261,358,458,560,656,755,843,944,1042,1145,1248,1342,1439,1535,1637,1750,1837,1931,2022,2123,2221,2323,2402,2495,2595,2704,2800,2878,2768,2654,2554,2448,2334,2227,2129,2027,1919,1809,1710,1613,1514,1410,1312,1194,1101,997,896,791,693,593,498,400,298,205,101,12,0,0,0
411,0,Aspirin,2873,0,0,0,69,159,265,355,449,557,652,746,847,941,1045,1143,1233,1344,1431,1535,1642,1727,1828,1922,2017,2126,2206,2303,2400,2507,2605,2688,2789,2873,2768,2654,2529,2433,2326,2234,2128,2015,1906,1808,1716,1616,1503,1407,1303,1193,1097,978,882,784,688,596,493,384,301,193,107,10,0,0,0
412,0,Aspirin,2864,0,0,0,64,157,259,354,450,551,650,747,841,933,1038,1136,1232,1338,1431,1530,1627,1728,1828,1919,2006,2111,2203,2303,2387,2492,2582,2697,2790,2864,2749,2641,2535,2434,2318,2215,2106,2015,1913,1798,1706,1602,1499,1395,1289,1189,1088,975,880,790,682,589,485,389,299,198,91,10,0,0,0
413,0,Aspirin,2864,0,0,0,59,155,253,359,449,554,649,752,839,929,1035,1134,1237,1334,1424,1522,1621,1730,1821,1911,2005,2099,2192,2306,2379,2480,2559,2675,2781,2864,2747,2627,2515,2431,2318,2208,2111,2000,1904,1797,1696,1598,1491,1393,1296,1180,1079,971,885,785,683,576,481,391,293,190,98,6,0,0,0
414,0,Aspirin,2864,0,0,0,62,160,256,353,448,548,643,741,842,934,1037,1136,1235,1334,1425,1520,1627,1719,1818,1910,2001,2096,2194,2299,2395,2474,2559,2669,2776,2864,2739,2625,2515,2425,2315,2199,2105,1998,1897,1799,1675,1595,1488,1392,1291,1170,1079,976,885,779,680,587,483,390,292,193,92,0,0,0,0
415,0,Aspirin,2867,0,0,0,70,164,262,358,453,560,645,749,847,938,1043,1147,1227,1332,1426,1535,1629,1713,1814,1914,2005,2112,2201,2288,2383,2489,2559,2670,2773,2867,2751,2638,2531,2414,2308,2197,2112,2003,1893,1793,1702,1597,1485,1392,1281,1183,1088,975,875,774,682,588,483,384,294,198,102,5,0,0,0
416,0,Aspirin,2854,0,0,0,61,151,256,352,445,547,634,746,842,943,1023,1124,1221,1328,1430,1519,1615,1707,1811,1904,1994,2097,2189,2293,2384,2474,2559,2664,2765,2854,2725,2613,2502,2397,2306,2192,2095,1981,1901,1786,1679,1585,1468,1387,1282,1163,1072,961,866,773,674,576,471,384,291,187,87,3,0,0,0
417,0,Aspirin,2854,0,0,0,55,150,250,347,448,549,640,738,832,938,1023,1116,1216,1323,1425,1518,1611,1707,1803,1905,1994,2086,2179,2272,2382,2471,2550,2654,2752,2854,2736,2608,2494,2386,2296,2198,2105,1979,1872,1774,1682,1583,1468,1374,1271,1163,1072,957,869,766,674,576,463,376,279,190,91,0,0,0,0
418,0,Aspirin,2837,0,0,0,59,147,249,349,451,544,630,735,829,923,1021,1118,1213,1327,1415,1505,1603,1701,1806,1904,1983,2083,2171,2279,2369,2455,2559,2646,2755,2837,2711,2608,2496,2399,2295,2175,2079,1971,1878,1779,1671,1566,1471,1367,1267,1152,1061,954,862,769,656,567,465,371,273,176,80,0,0,0,0
419,0,Aspirin,2838,0,0,0,53,144,244,349,446,535,624,731,823,926,1022,1123,1207,1316,1417,1509,1604,1696,1795,1895,1989,2075,2176,2266,2358,2448,2543,2646,2743,2838,2718,2597,2489,2386,2288,2182,2064,1968,1867,1767,1671,1567,1456,1361,1269,1157,1051,952,851,757,656,561,463,370,275,176,82,0,0,0,0
420,0,Aspirin,2832,0,0,0,56,155,240,342,439,534,626,724,822,923,1023,1127,1216,1313,1420,1511,1600,1709,1794,1895,1984,2083,2173,2274,2370,2454,2541,2651,2746,2832,2717,2595,2493,2384,2285,2181,2083,1971,1867,1770,1660,1562,1456,1361,1264,1154,1053,956,842,752,658,563,464,365,270,174,80,0,0,0,0
421,0,Aspirin,2814,0,0,0,49,151,247,337,434,543,630,730,815,914,1008,1113,1209,1307,1403,1493,1600,1705,1784,1879,1971,2077,2174,2261,2352,2438,2537,2667,2727,2814,2699,2583,2485,2369,2268,2162,2063,1968,1857,1750,1653,1558,1453,1355,1248,1147,1047,945,844,752,640,556,460,365,268,167,78,0,0,0,0
422,0,Aspirin,2821,0,0,0,45,147,243,346,432,529,632,725,822,911,1008,1107,1207,1314,1395,1492,1597,1687,1791,1889,1968,2064,2160,2259,2352,2437,2528,2624,2723,2821,2695,2559,2466,2382,2267,2161,2047,1951,1855,1750,1641,1533,1442,1351,1251,1139,1045,933,839,749,640,552,448,356,266,166,69,0,0,0,0
423,0,Aspirin,2794,0,0,0,56,148,237,342,453,531,625,715,818,916,1015,1114,1201,1299,1395,1505,1591,1686,1781,1877,1975,2064,2158,2245,2343,2448,2541,2635,2723,2794,2704,2592,2467,2367,2256,2158,2066,1942,1845,1744,1658,1555,1438,1334,1232,1142,1040,922,831,727,646,544,444,355,262,161,73,0,0,0,0
424,0,Aspirin,2812,0,0,0,51,141,238,331,432,530,627,721,816,919,1011,1109,1200,1306,1406,1490,1587,1682,1778,1877,1968,2062,2150,2244,2352,2445,2517,2619,2714,2812,2691,2551,2461,2361,2269,2160,2043,1942,1840,1755,1648,1535,1438,1330,1238,1131,1031,931,834,741,637,549,445,339,257,158,70,0,0,0,0
425,0,Aspirin,2813,0,0,0,49,144,243,336,427,532,624,713,825,914,1008,1104,1198,1309,1410,1498,1590,1680,1778,1871,1963,2058,2154,2256,2343,2427,2527,2623,2729,2813,2675,2559,2462,2357,2256,2153,2038,1940,1852,1741,1640,1535,1426,1333,1237,1127,1020,931,825,741,635,543,439,348,253,160,64,0,0,0,0
426,0,Aspirin,2804,0,0,0,50,146,240,336,435,532,623,718,818,917,1008,1107,1197,1298,1401,1493,1591,1673,1771,1863,1971,2037,2147,2243,2333,2434,2516,2619,2708,2804,2691,2559,2451,2352,2254,2147,2053,1933,1840,1743,1637,1535,1427,1328,1229,1134,1023,921,828,726,640,535,431,336,249,153,61,0,0,0,0
427,0,Aspirin,2788,0,0,0,48,141,231,339,432,527,623,721,816,902,1005,1105,1200,1296,1392,1489,1598,1680,1773,1861,1957,2066,2157,2241,2335,2419,2515,2614,2707,2788,2672,2559,2461,2349,2245,2141,2041,1934,1829,1730,1630,1526,1430,1310,1218,1117,1022,919,818,723,630,536,436,339,247,154,61,0,0,0,0
428,0,Aspirin,2797,0,0,0,46,144,241,333,434,537,625,714,809,912,1003,1093,1194,1293,1394,1488,1581,1680,1765,1870,1962,2055,2145,2226,2334,2423,2509,2610,2698,2797,2677,2559,2453,2351,2247,2146,2030,1936,1836,1731,1633,1520,1425,1328,1229,1119,1008,921,818,727,631,535,432,336,241,147,62,0,0,0,0
429,0,Aspirin,2791,0,0,0,47,145,240,333,423,529,615,720,815,906,994,1093,1198,1297,1389,1478,1574,1679,1774,1847,1944,2043,2139,2237,2329,2415,2507,2606,2703,2791,2666,2546,2446,2345,2246,2128,2027,1922,1827,1729,1623,1520,1412,1314,1217,1106,1014,904,816,718,618,527,432,336,240,141,53,0,0,0,0
430,0,Aspirin,2795,0,0,0,48,139,241,333,432,535,617,714,813,905,999,1095,1195,1293,1391,1488,1581,1666,1752,1863,1957,2031,2132,2224,2327,2422,2496,2599,2693,2795,2672,2553,2438,2336,2226,2137,2027,1923,1815,1702,1616,1520,1409,1314,1210,1109,1008,905,817,719,622,527,430,330,240,146,48,0,0,0,0
431,0,Aspirin,2787,0,0,0,48,144,240,338,429,528,623,715,819,912,1011,1099,1194,1300,1395,1484,1582,1665,1767,1861,1943,2034,2131,2224,2329,2420,2496,2604,2698,2787,2672,2543,2438,2335,2234,2128,2021,1919,1818,1718,1623,1519,1408,1314,1218,1116,1007,903,806,721,622,511,421,329,240,145,48,0,0,0,0
432,0,Aspirin,2783,0,0,0,53,141,240,333,432,529,624,715,817,912,1001,1103,1195,1296,1392,1472,1574,1668,1763,1863,1947,2033,2134,2239,2323,2403,2491,2594,2688,2783,2669,2539,2433,2326,2237,2130,2019,1913,1811,1716,1616,1507,1405,1309,1215,1112,993,907,809,711,623,510,414,330,240,145,45,0,0,0,0
433,0,Aspirin,2768,0,0,0,51,144,240,331,432,528,622,712,802,898,1003,1088,1191,1285,1378,1477,1572,1663,1754,1855,1950,2054,2128,2224,2307,2415,2506,2593,2687,2768,2663,2545,2427,2320,2224,2127,2017,1909,1809,1707,1614,1511,1399,1297,1205,1104,999,895,797,704,605,523,414,320,229,133,44,0,0,0,0
434,0,Aspirin,2759,0,0,0,47,135,242,339,431,528,622,714,811,895,989,1090,1199,1293,1381,1472,1568,1673,1758,1848,1937,2032,2141,2232,2315,2400,2491,2602,2692,2759,2654,2539,2439,2333,2215,2115,2004,1911,1807,1699,1595,1493,1402,1299,1200,1100,993,898,797,710,612,506,408,320,230,135,45,0,0,0,0
435,0,Aspirin,2758,0,0,0,49,144,235,333,425,528,622,713,799,899,996,1086,1193,1289,1379,1476,1565,1664,1768,1844,1936,2028,2119,2224,2306,2400,2493,2599,2689,2758,2643,2528,2431,2327,2219,2105,2003,1913,1808,1699,1597,1499,1402,1303,1197,1095,993,891,799,693,598,501,409,318,224,128,38,0,0,0,0
436,0,Aspirin,2768,0,0,0,45,135,240,336,421,527,613,721,815,897,995,1099,1191,1286,1390,1463,1571,1649,1757,1855,1941,2027,2118,2227,2320,2390,2485,2589,2689,2768,2640,2527,2418,2321,2223,2105,2001,1902,1809,1705,1595,1489,1398,1302,1200,1085,993,891,794,699,604,506,402,320,231,133,42,0,0,0,0
437,0,Aspirin,2768,0,0,0,48,142,230,336,429,527,621,709,811,896,994,1088,1183,1285,1385,1475,1573,1664,1749,1851,1946,2030,2128,2213,2312,2409,2480,2581,2672,2768,2657,2521,2419,2317,2219,2114,1997,1902,1793,1707,1603,1488,1395,1296,1194,1090,981,886,784,695,604,505,407,311,225,129,38,0,0,0,0
438,0,Aspirin,2754,0,0,0,45,135,240,336,425,531,624,706,801,905,998,1096,1181,1285,1374,1478,1559,1655,1751,1840,1936,2023,2113,2214,2306,2391,2495,2586,2672,2754,2651,2531,2415,2313,2211,2110,2002,1884,1790,1690,1600,1491,1387,1289,1190,1088,981,879,786,688,599,505,396,307,216,134,36,0,0,0,0
439,0,Aspirin,2758,0,0,0,49,144,240,334,430,526,624,719,806,901,983,1088,1190,1286,1381,1472,1566,1654,1746,1847,1936,2023,2122,2221,2313,2396,2479,2559,2685,2758,2638,2529,2416,2320,2208,2102,2000,1891,1803,1701,1590,1481,1383,1289,1196,1088,979,883,787,691,593,495,400,317,222,125,33,0,0,0,0
440,0,Aspirin,2765,0,0,0,46,144,236,331,427,511,619,715,806,891,992,1089,1185,1290,1374,1471,1568,1656,1759,1841,1933,2027,2112,2217,2307,2390,2480,2559,2676,2765,2637,2521,2414,2320,2208,2100,1991,1889,1802,1696,1584,1488,1390,1291,1200,1072,980,876,784,688,590,496,402,316,213,112,25,0,0,0,0
441,0,Aspirin,2751,0,0,0,49,139,240,331,432,527,620,707,809,903,995,1088,1181,1279,1366,1474,1561,1655,1742,1837,1936,2029,2114,2205,2301,2400,2485,2559,2667,2751,2640,2528,2407,2303,2207,2096,2000,1886,1791,1679,1587,1483,1376,1282,1178,1078,985,871,784,686,598,493,396,310,208,119,30,0,0,0,0
442,0,Aspirin,2742,0,0,0,47,144,238,331,426,526,616,704,805,894,992,1087,1181,1281,1376,1464,1567,1657,1738,1840,1936,2030,2112,2203,2279,2389,2485,2559,2664,2742,2641,2521,2401,2303,2197,2099,1997,1881,1787,1680,1584,1481,1382,1281,1182,1082,973,871,775,688,587,491,391,300,208,115,31,0,0,0,0
443,0,Aspirin,2754,0,0,0,48,137,236,331,432,523,613,706,799,895,987,1084,1173,1280,1366,1456,1559,1645,1747,1847,1937,2019,2113,2208,2302,2390,2464,2559,2668,2754,2637,2513,2403,2299,2202,2097,1983,1886,1777,1680,1591,1468,1367,1271,1187,1079,972,874,778,683,591,489,397,304,208,117,21,0,0,0,0
444,0,Aspirin,2748,0,0,0,48,144,240,336,428,530,621,706,806,892,993,1089,1184,1281,1374,1471,1570,1648,1747,1835,1936,2023,2111,2206,2294,2396,2485,2559,2662,2748,2640,2523,2408,2302,2192,2098,1999,1875,1777,1670,1586,1488,1376,1279,1183,1078,975,878,777,674,578,485,395,304,211,112,25,0,0,0,0
445,0,Aspirin,2752,0,0,0,49,146,241,336,436,525,621,708,801,897,989,1086,1171,1281,1373,1472,1559,1645,1742,1841,1930,2013,2108,2195,2306,2390,2469,2559,2665,2752,2638,2505,2405,2293,2205,2103,1987,1881,1787,1680,1585,1472,1363,1276,1168,1072,976,864,775,678,587,482,392,303,208,115,27,0,0,0,0
446,0,Aspirin,2747,0,0,0,48,143,239,338,432,526,617,710,804,902,986,1082,1172,1269,1373,1461,1553,1648,1738,1841,1936,2017,2103,2192,2295,2389,2467,2559,2661,2747,2633,2510,2401,2293,2208,2096,1981,1869,1778,1683,1581,1465,1373,1275,1165,1072,966,864,771,673,582,485,400,298,203,107,23,0,0,0,0
447,0,Aspirin,2736,0,0,0,48,142,231,325,425,528,614,713,798,889,986,1089,1176,1271,1378,1463,1535,1649,1735,1846,1925,2006,2107,2196,2301,2384,2461,2557,2653,2736,2629,2509,2400,2291,2187,2096,1975,1872,1776,1668,1575,1477,1365,1267,1171,1069,971,871,767,679,585,483,393,301,203,112,19,0,0,0,0
448,0,Aspirin,2736,0,0,0,48,143,235,329,423,528,618,703,799,899,990,1083,1173,1275,1370,1466,1564,1643,1735,1840,1933,2003,2104,2199,2292,2384,2465,2559,2653,2736,2637,2512,2398,2288,2189,2093,1984,1877,1771,1666,1573,1472,1361,1267,1166,1063,965,861,757,667,581,480,383,291,192,105,14,0,0,0,0
449,0,Aspirin,2741,0,0,0,48,132,239,336,432,511,612,703,805,893,984,1073,1181,1273,1367,1459,1555,1646,1730,1840,1924,2003,2106,2206,2297,2385,2466,2551,2655,2741,2624,2500,2386,2289,2195,2095,1968,1872,1774,1671,1573,1458,1360,1264,1168,1073,950,853,763,675,583,473,383,293,195,101,10,0,0,0,0
450,0,Aspirin,2730,0,0,0,48,144,236,333,427,528,610,704,801,903,988,1087,1170,1275,1365,1465,1561,1648,1735,1829,1930,2012,2103,2192,2288,2384,2479,2558,2653,2730,2626,2505,2384,2283,2178,2087,1978,1870,1762,1662,1573,1466,1360,1254,1158,1062,963,859,762,665,573,478,392,294,196,107,14,0,0,0,0
451,0,Aspirin,2733,0,0,0,48,144,240,326,427,523,596,708,795,894,987,1083,1181,1266,1352,1470,1535,1645,1733,1831,1927,2020,2108,2195,2279,2378,2471,2550,2645,2733,2624,2506,2385,2288,2175,2084,1975,1865,1767,1665,1563,1465,1357,1259,1160,1056,954,859,761,656,575,473,383,280,194,106,11,0,0,0,0
452,0,Aspirin,2723,0,0,0,45,143,240,336,419,511,617,709,802,891,980,1086,1175,1277,1362,1453,1535,1650,1744,1827,1919,2013,2110,2195,2273,2373,2458,2559,2656,2723,2608,2495,2384,2291,2179,2069,1968,1861,1775,1665,1556,1456,1361,1263,1159,1051,953,848,758,663,562,463,373,290,195,95,6,0,0,0,0
453,0,Aspirin,2741,0,0,0,54,144,245,339,427,528,615,714,815,883,990,1085,1185,1280,1368,1463,1562,1648,1743,1829,1923,2004,2109,2208,2287,2378,2464,2550,2662,2741,2613,2500,2391,2300,2191,2068,1965,1861,1776,1666,1562,1456,1361,1264,1168,1059,955,849,761,671,551,469,382,289,201,99,10,0,0,0,0
454,0,Aspirin,2725,0,0,0,54,144,240,334,432,511,621,710,799,898,992,1086,1182,1277,1371,1459,1535,1649,1737,1831,1928,2000,2099,2190,2291,2382,2463,2549,2647,2725,2623,2498,2384,2275,2175,2081,1966,1863,1762,1658,1561,1456,1357,1252,1168,1053,950,847,752,659,571,470,377,287,186,101,6,0,0,0,0
455,0,Aspirin,2727,0,0,0,55,143,239,335,432,527,617,702,801,901,989,1077,1174,1269,1376,1468,1554,1645,1721,1839,1927,2003,2099,2195,2288,2386,2455,2555,2646,2727,2627,2493,2384,2288,2173,2069,1961,1913,1767,1663,1565,1463,1290,1251,1157,1057,960,853,753,656,567,474,379,290,195,99,13,0,0,0,0
456,0,Aspirin,2725,0,0,0,49,144,236,334,432,528,620,705,804,892,985,1083,1168,1269,1361,1470,1563,1648,1734,1823,1927,2011,2095,2191,2274,2382,2465,2544,2641,2725,2619,2500,2388,2279,2178,2082,1974,1863,1755,1658,1565,1457,1352,1246,1157,1063,956,848,750,664,561,469,370,272,183,93,10,0,0,0,0
457,0,Aspirin,2721,0,0,0,48,144,240,334,429,511,606,708,803,894,983,1087,1175,1264,1367,1471,1535,1644,1731,1833,1919,2009,2097,2186,2285,2369,2455,2549,2638,2721,2621,2505,2374,2273,2173,2080,1971,1857,1753,1655,1559,1455,1348,1246,1147,1046,950,848,756,656,571,466,368,283,180,101,1,0,0,0,0
458,0,Aspirin,2722,0,0,0,54,143,240,336,427,528,621,710,801,896,989,1083,1175,1276,1361,1465,1535,1648,1734,1823,1930,2017,2096,2192,2286,2378,2466,2544,2646,2722,2613,2501,2384,2282,2177,2071,1969,1860,1758,1651,1564,1459,1350,1244,1153,1047,953,851,752,653,570,464,367,278,186,99,0,0,0,0,0
459,0,Aspirin,2721,0,0,0,53,144,239,331,430,522,615,705,795,891,983,1084,1175,1268,1363,1455,1558,1647,1729,1823,1911,2017,2110,2183,2278,2371,2467,2558,2639,2721,2607,2497,2387,2277,2172,2064,1968,1865,1746,1650,1535,1456,1354,1244,1138,1045,949,851,752,658,558,457,377,274,181,95,0,0,0,0,0
460,0,Aspirin,2719,0,0,0,49,144,240,330,425,510,611,705,802,885,986,1086,1179,1276,1361,1459,1535,1641,1735,1818,1909,2000,2091,2199,2283,2368,2449,2555,2655,2719,2603,2485,2374,2288,2165,2064,1951,1869,1763,1648,1535,1445,1343,1255,1143,1044,944,848,752,649,558,463,368,274,179,81,0,0,0,0,0
461,0,Aspirin,2734,0,0,0,48,149,230,335,428,528,614,712,807,890,983,1079,1174,1274,1370,1451,1535,1643,1744,1829,1913,2000,2099,2192,2282,2363,2454,2544,2639,2734,2608,2482,2382,2266,2176,2064,1956,1857,1757,1662,1554,1442,1346,1245,1151,1040,944,847,747,659,562,455,368,266,181,94,0,0,0,0,0
462,0,Aspirin,2729,0,0,0,48,144,238,337,432,511,610,715,801,891,981,1085,1168,1266,1365,1460,1535,1642,1727,1825,1918,2003,2096,2174,2279,2375,2453,2544,2636,2729,2611,2487,2374,2270,2173,2069,1952,1851,1755,1662,1555,1443,1344,1246,1154,1051,937,834,743,643,560,459,363,272,178,82,0,0,0,0,0
463,0,Aspirin,2719,0,0,0,50,148,240,335,426,528,609,709,804,893,989,1087,1168,1268,1368,1465,1535,1648,1734,1833,1914,2000,2099,2183,2268,2371,2450,2544,2634,2719,2615,2501,2374,2266,2173,2074,1962,1851,1755,1653,1561,1456,1349,1238,1148,1042,946,842,740,652,558,461,365,270,174,91,0,0,0,0,0
464,0,Aspirin,2709,0,0,0,55,148,240,335,420,525,618,711,799,896,981,1083,1178,1279,1361,1461,1554,1648,1740,1814,1906,2000,2109,2191,2271,2361,2447,2554,2643,2709,2597,2480,2374,2282,2165,2059,1950,1857,1753,1648,1535,1443,1351,1249,1140,1040,938,842,751,642,553,448,368,266,178,84,0,0,0,0,0
465,0,Aspirin,2721,0,0,0,48,151,243,336,430,525,611,708,801,898,987,1085,1175,1280,1373,1455,1535,1643,1733,1827,1918,1999,2098,2194,2282,2362,2448,2538,2645,2721,2596,2480,2379,2274,2173,2059,1953,1849,1744,1652,1535,1431,1344,1233,1150,1040,934,832,735,649,557,449,358,271,176,82,0,0,0,0,0
466,0,Aspirin,2706,0,0,0,55,149,227,330,430,525,618,704,805,893,991,1085,1170,1266,1358,1459,1555,1648,1729,1814,1904,2005,2096,2183,2273,2358,2458,2551,2637,2706,2607,2491,2378,2267,2163,2058,1959,1857,1741,1648,1535,1446,1349,1239,1136,1023,944,846,733,649,547,457,359,258,174,80,0,0,0,0,0
467,0,Aspirin,2719,0,0,0,52,139,235,335,433,523,619,714,798,887,981,1078,1173,1264,1362,1456,1535,1643,1731,1824,1917,1999,2094,2187,2270,2364,2448,2534,2635,2719,2603,2479,2369,2267,2168,2067,1948,1846,1744,1649,1535,1435,1337,1232,1139,1037,926,825,734,643,555,458,350,271,173,81,0,0,0,0,0
468,0,Aspirin,2713,0,0,0,48,140,238,334,429,533,614,703,800,889,993,1078,1168,1266,1359,1458,1554,1638,1729,1815,1915,2005,2096,2175,2274,2358,2454,2539,2638,2713,2594,2485,2369,2267,2161,2064,1951,1841,1739,1639,1535,1443,1338,1232,1136,1040,941,835,736,641,557,448,355,259,172,77,0,0,0,0,0
469,0,Aspirin,2714,0,0,0,51,149,240,336,430,527,619,705,797,880,985,1083,1168,1274,1355,1459,1554,1639,1726,1811,1917,2001,2096,2180,2264,2356,2451,2549,2636,2714,2593,2487,2377,2265,2159,2044,1946,1853,1736,1642,1529,1449,1343,1236,1138,1023,939,831,731,641,546,451,361,270,169,80,0,0,0,0,0
470,0,Aspirin,2706,0,0,0,50,146,241,330,426,528,614,708,802,903,989,1086,1177,1266,1360,1456,1556,1643,1726,1824,1918,2011,2091,2185,2272,2367,2455,2535,2627,2706,2607,2485,2374,2262,2160,2066,1952,1842,1744,1641,1535,1439,1337,1237,1136,1035,928,845,731,639,549,455,357,262,171,77,0,0,0,0,0
471,0,Aspirin,2710,0,0,0,54,147,238,336,431,532,610,711,801,889,993,1088,1172,1271,1367,1458,1535,1635,1727,1828,1915,1999,2096,2179,2267,2369,2448,2538,2638,2710,2608,2483,2368,2259,2160,2062,1954,1844,1737,1631,1535,1441,1336,1236,1136,1040,935,831,737,640,553,457,347,266,175,78,0,0,0,0,0
472,0,Aspirin,2710,0,0,0,53,148,232,332,423,525,619,709,803,889,981,1083,1174,1269,1360,1457,1535,1647,1725,1811,1904,2007,2096,2189,2273,2350,2459,2545,2627,2710,2595,2485,2381,2262,2158,2047,1957,1847,1743,1645,1535,1438,1341,1232,1135,1018,934,834,729,639,551,445,358,256,176,80,0,0,0,0,0
473,0,Aspirin,2704,0,0,0,51,144,240,336,425,528,624,707,802,901,984,1082,1170,1267,1357,1461,1535,1634,1719,1818,1904,2003,2093,2182,2266,2371,2451,2534,2627,2704,2606,2485,2366,2266,2155,2047,1952,1840,1734,1639,1527,1435,1328,1231,1136,1021,929,833,729,635,535,451,349,262,171,77,0,0,0,0,0
474,0,Aspirin,2704,0,0,0,58,144,240,337,429,523,618,708,804,897,982,1083,1175,1270,1360,1455,1535,1646,1717,1821,1904,1997,2101,2182,2272,2353,2447,2544,2638,2704,2587,2479,2375,2273,2157,2043,1943,1842,1742,1635,1527,1433,1337,1234,1126,1023,919,816,731,633,544,449,357,262,172,71,0,0,0,0,0
475,0,Aspirin,2715,0,0,0,50,144,240,337,432,527,613,716,803,897,990,1082,1171,1282,1367,1456,1535,1634,1734,1822,1903,1997,2090,2192,2277,2356,2438,2533,2628,2715,2591,2475,2365,2261,2160,2060,1947,1843,1731,1639,1535,1425,1329,1226,1138,1035,924,818,726,640,547,444,350,263,163,77,0,0,0,0,0
476,0,Aspirin,2719,0,0,0,56,145,244,337,432,526,614,705,801,899,983,1072,1171,1278,1362,1453,1535,1637,1733,1819,1904,1995,2086,2186,2279,2352,2439,2531,2640,2719,2587,2474,2366,2268,2164,2037,1950,1841,1735,1648,1527,1434,1328,1230,1131,1023,923,830,720,642,546,449,354,252,167,78,0,0,0,0,0
477,0,Aspirin,2707,0,0,0,55,144,246,336,421,511,624,709,802,889,987,1082,1180,1270,1356,1456,1535,1646,1723,1823,1904,1995,2101,2181,2259,2352,2440,2533,2643,2707,2597,2466,2374,2273,2155,2042,1945,1840,1744,1631,1533,1431,1338,1236,1129,1011,918,834,737,636,545,442,345,256,161,66,0,0,0,0,0
478,0,Aspirin,2704,0,0,0,49,144,241,331,429,529,622,710,804,891,986,1088,1169,1265,1367,1445,1535,1637,1718,1817,1904,1984,2091,2179,2262,2355,2444,2543,2627,2704,2589,2472,2374,2252,2155,2043,1952,1847,1735,1630,1520,1426,1334,1231,1131,1020,922,829,723,637,538,445,355,262,163,75,0,0,0,0,0
479,0,Aspirin,2714,0,0,0,55,151,240,337,432,528,612,706,806,898,977,1085,1179,1271,1360,1459,1535,1637,1723,1824,1913,2000,2093,2180,2277,2368,2445,2534,2630,2714,2605,2478,2368,2257,2163,2061,1936,1845,1731,1634,1528,1429,1328,1232,1134,1021,924,817,731,638,545,436,348,254,159,77,0,0,0,0,0
480,0,Aspirin,2703,0,0,0,58,145,240,333,428,528,614,708,802,891,985,1072,1177,1277,1362,1456,1535,1641,1729,1820,1905,1995,2096,2182,2259,2359,2439,2534,2631,2703,2588,2477,2362,2268,2162,2047,1945,1833,1739,1639,1529,1424,1328,1232,1139,1013,914,817,726,635,535,439,349,260,169,65,0,0,0,0,0
481,0,Aspirin,2714,0,0,0,51,146,246,341,435,511,617,712,807,901,986,1082,1174,1277,1364,1447,1535,1633,1735,1821,1904,1990,2092,2190,2277,2347,2436,2538,2640,2714,2593,2477,2359,2259,2168,2032,1942,1840,1730,1638,1534,1426,1323,1227,1136,1023,917,826,731,629,544,433,342,249,167,71,0,0,0,0,0
482,0,Aspirin,2709,0,0,0,50,150,241,337,433,528,621,711,800,891,995,1086,1169,1267,1371,1457,1535,1637,1730,1820,1909,1990,2090,2176,2266,2362,2460,2535,2631,2709,2624,2479,2361,2244,2145,2065,1936,1843,1743,1634,1535,1437,1328,1220,1119,1020,917,819,721,634,537,444,341,257,168,66,0,0,0,0,0
483,0,Aspirin,2704,0,0,0,51,144,239,336,432,527,616,710,799,895,987,1084,1173,1270,1362,1458,1535,1639,1725,1830,1914,1997,2096,2179,2262,2363,2459,2528,2633,2704,2602,2480,2363,2256,2157,2053,1950,1834,1737,1629,1535,1439,1325,1231,1123,1018,924,816,721,624,545,443,342,244,151,65,0,0,0,0,0
484,0,Aspirin,2710,0,0,0,57,145,245,340,427,523,623,715,805,895,982,1082,1173,1280,1372,1454,1535,1641,1730,1827,1904,1996,2086,2192,2279,2351,2440,2529,2637,2710,2583,2473,2361,2257,2159,2039,1938,1841,1730,1639,1519,1432,1328,1229,1136,1023,915,821,723,635,534,446,344,250,162,64,0,0,0,0,0
485,0,Aspirin,2704,0,0,0,55,153,240,334,432,532,624,705,806,896,991,1091,1178,1267,1361,1456,1535,1630,1729,1813,1905,2000,2096,2181,2262,2355,2451,2545,2624,2704,2590,2481,2368,2256,2154,2041,1950,1846,1730,1621,1529,1434,1330,1227,1122,1019,925,819,722,624,536,441,344,246,160,62,0,0,0,0,0
486,0,Aspirin,2702,0,0,0,58,144,239,342,434,530,619,709,799,898,990,1082,1170,1270,1365,1459,1535,1634,1723,1812,1913,2000,2086,2173,2265,2364,2436,2528,2623,2702,2597,2483,2363,2251,2153,2047,1951,1837,1728,1627,1531,1433,1329,1223,1123,1020,918,820,722,625,530,436,336,254,156,64,0,0,0,0,0
487,0,Aspirin,2704,0,0,0,63,150,245,340,435,528,624,712,799,882,990,1082,1171,1277,1367,1459,1535,1636,1729,1812,1909,1996,2086,2176,2265,2363,2443,2535,2631,2704,2604,2477,2361,2251,2156,2034,1936,1831,1733,1635,1527,1422,1324,1223,1120,1018,912,816,720,627,539,442,338,255,155,64,0,0,0,0,0
488,0,Aspirin,2704,0,0,0,62,145,243,335,442,539,617,711,801,893,993,1088,1177,1266,1367,1462,1535,1637,1729,1808,1911,2006,2091,2176,2269,2365,2455,2531,2624,2704,2605,2486,2353,2257,2150,2061,1953,1835,1741,1625,1533,1433,1327,1217,1129,1023,919,823,723,629,538,441,341,255,160,64,0,0,0,0,0
489,0,Aspirin,2717,0,0,0,51,144,240,345,432,532,615,704,805,898,995,1077,1175,1264,1371,1463,1535,1642,1727,1829,1915,1991,2093,2182,2275,2366,2446,2533,2624,2717,2606,2473,2359,2255,2149,2047,1937,1831,1738,1622,1534,1425,1327,1217,1127,1023,912,815,718,625,534,434,349,253,158,64,0,0,0,0,0
490,0,Aspirin,2717,0,0,0,62,154,251,339,431,529,613,715,805,891,983,1088,1178,1266,1371,1454,1535,1635,1731,1828,1909,1997,2085,2188,2275,2354,2446,2532,2640,2717,2587,2477,2354,2269,2160,2033,1938,1835,1737,1641,1520,1418,1329,1229,1132,1017,912,816,721,630,533,432,348,250,161,60,0,0,0,0,0
491,0,Aspirin,2704,0,0,0,54,145,244,339,431,526,619,707,798,899,985,1081,1166,1269,1360,1466,1535,1635,1725,1814,1906,1994,2085,2175,2269,2363,2444,2533,2624,2704,2585,2465,2355,2253,2151,2055,1935,1835,1732,1623,1533,1425,1323,1216,1123,1021,917,816,720,624,538,432,338,243,152,55,0,0,0,0,0
492,0,Aspirin,2704,0,0,0,51,144,248,341,437,531,625,715,806,895,988,1088,1168,1275,1369,1462,1535,1632,1728,1827,1915,1987,2091,2178,2259,2354,2449,2534,2629,2704,2605,2480,2357,2251,2143,2045,1943,1833,1734,1629,1531,1424,1320,1216,1123,1014,912,811,722,628,533,438,340,248,153,62,0,0,0,0,0
493,0,Aspirin,2704,0,0,0,55,149,242,336,432,535,624,714,801,894,974,1088,1168,1267,1360,1447,1535,1628,1725,1817,1904,2003,2096,2172,2258,2354,2447,2538,2631,2704,2591,2485,2370,2256,2148,2035,1949,1841,1731,1623,1520,1418,1329,1219,1122,1010,915,819,720,626,535,426,341,243,159,59,0,0,0,0,0
494,0,Aspirin,2707,0,0,0,55,154,250,334,432,534,621,720,820,892,983,1077,1175,1282,1360,1456,1535,1643,1744,1822,1911,2000,2093,2187,2267,2352,2443,2533,2624,2707,2591,2467,2364,2263,2146,2032,1941,1836,1728,1643,1529,1422,1323,1232,1131,1015,911,819,720,634,540,432,343,246,155,62,0,0,0,0,0
495,0,Aspirin,2704,0,0,0,64,145,243,338,439,531,621,710,815,899,995,1084,1169,1264,1363,1466,1535,1637,1728,1814,1914,2000,2086,2172,2265,2363,2446,2527,2624,2704,2595,2480,2359,2255,2145,2059,1949,1839,1728,1629,1521,1430,1324,1219,1115,1013,914,821,720,624,529,432,336,239,153,60,0,0,0,0,0
496,0,Aspirin,2714,0,0,0,59,144,248,346,432,528,622,708,804,903,987,1089,1178,1281,1376,1453,1535,1627,1735,1827,1901,1995,2092,2182,2278,2349,2443,2528,2639,2714,2559,2467,2363,2270,2164,2032,1930,1839,1733,1631,1523,1418,1315,1216,1111,1007,913,811,715,629,537,432,337,241,154,54,0,0,0,0,0
497,0,Aspirin,2711,0,0,0,52,144,240,336,432,511,614,717,813,899,993,1085,1169,1270,1371,1457,1535,1634,1728,1823,1910,1998,2094,2173,2263,2352,2438,2529,2629,2711,2590,2466,2352,2255,2162,2042,1929,1830,1727,1626,1521,1410,1315,1216,1122,1010,912,816,715,625,528,432,341,240,147,63,0,0,0,0,0
498,0,Aspirin,2716,0,0,0,65,155,252,347,437,529,617,720,807,902,990,1086,1182,1274,1360,1456,1535,1634,1728,1822,1904,1995,2094,2176,2273,2352,2439,2532,2625,2716,2588,2466,2358,2244,2158,2047,1933,1824,1728,1633,1525,1425,1321,1227,1130,1018,915,817,720,628,535,432,335,247,154,58,0,0,0,0,0
499,0,Aspirin,2713,0,0,0,59,146,239,345,435,529,606,710,798,896,986,1088,1174,1276,1374,1454,1535,1637,1725,1831,1903,1989,2086,2192,2281,2347,2437,2529,2617,2713,2586,2463,2354,2251,2158,2058,1930,1826,1731,1630,1525,1424,1314,1213,1119,1008,912,813,713,623,535,426,336,252,145,55,0,0,0,0,0
500,0,Aspirin,2695,0,0,0,57,157,242,336,434,527,625,713,811,898,979,1076,1170,1268,1361,1455,1558,1648,1717,1813,1904,2004,2103,2179,2266,2349,2454,2540,2624,2695,2559,2482,2368,2265,2150,2038,1942,1840,1727,1625,1519,1423,1315,1216,1127,1012,912,821,719,625,524,431,341,240,146,55,0,0,0,0,0
501,0,Aspirin,2710,0,0,0,59,154,246,348,434,528,622,717,813,883,986,1083,1177,1279,1344,1451,1535,1633,1729,1812,1904,1996,2096,2179,2261,2350,2442,2526,2635,2710,2582,2467,2353,2257,2154,2034,1937,1830,1734,1633,1518,1422,1317,1217,1127,1008,909,811,720,634,528,430,337,249,156,65,0,0,0,0,0
502,0,Aspirin,2713,0,0,0,53,157,246,351,435,534,624,717,807,905,985,1083,1177,1280,1361,1447,1535,1641,1719,1829,1902,2000,2084,2182,2279,2355,2435,2529,2627,2713,2559,2467,2357,2254,2160,2060,1930,1835,1725,1633,1522,1411,1322,1216,1124,1011,911,813,720,624,529,425,332,242,151,60,0,0,0,0,0
503,0,Aspirin,2695,0,0,0,54,143,246,339,432,528,621,714,811,893,990,1087,1173,1264,1363,1457,1559,1638,1723,1809,1911,1997,2090,2176,2272,2366,2448,2525,2624,2695,2597,2474,2356,2253,2148,2043,1936,1827,1727,1617,1527,1415,1311,1218,1123,1014,917,813,715,622,538,434,330,241,144,49,0,0,0,0,0
504,0,Aspirin,2713,0,0,0,60,149,247,338,433,530,620,707,809,903,989,1088,1172,1271,1363,1459,1535,1635,1725,1829,1917,1996,2085,2178,2258,2363,2442,2526,2624,2713,2595,2455,2352,2247,2151,2041,1927,1830,1727,1623,1521,1424,1312,1211,1117,1014,913,813,717,624,528,432,344,243,145,53,0,0,0,0,0
505,0,Aspirin,2691,0,0,0,49,146,244,337,437,528,623,720,804,898,993,1076,1179,1275,1350,1457,1535,1638,1729,1812,1911,1999,2090,2175,2266,2346,2440,2527,2623,2691,2597,2477,2353,2247,2138,2046,1939,1828,1727,1616,1523,1419,1313,1206,1109,1014,912,806,713,618,528,431,336,240,144,53,0,0,0,0,0
506,0,Aspirin,2707,0,0,0,62,149,244,337,428,525,618,704,803,896,979,1082,1169,1268,1363,1446,1532,1628,1730,1821,1904,1987,2091,2181,2271,2346,2443,2529,2624,2707,2581,2464,2354,2252,2159,2027,1933,1823,1719,1626,1518,1410,1311,1213,1123,1002,897,803,707,618,530,425,331,239,144,49,0,0,0,0,0
507,0,Aspirin,2704,0,0,0,54,152,243,343,425,527,615,720,805,895,978,1088,1175,1279,1360,1450,1535,1633,1733,1816,1904,1991,2096,2181,2267,2352,2438,2528,2629,2704,2559,2462,2347,2263,2141,2033,1934,1826,1733,1619,1511,1415,1315,1215,1117,1006,903,809,712,624,528,419,336,243,144,59,0,0,0,0,0
508,0,Aspirin,2705,0,0,0,59,151,249,343,432,528,624,706,815,901,986,1081,1174,1278,1365,1449,1535,1638,1728,1824,1915,1996,2083,2183,2270,2346,2442,2523,2634,2705,2582,2458,2356,2250,2155,2042,1934,1831,1722,1634,1520,1410,1318,1219,1119,1012,897,812,716,624,528,425,336,238,147,51,0,0,0,0,0
509,0,Aspirin,2713,0,0,0,57,150,240,338,435,538,615,714,800,900,987,1086,1168,1264,1370,1462,1535,1632,1726,1824,1915,1989,2082,2164,2273,2356,2432,2521,2623,2713,2595,2464,2352,2248,2141,2045,1927,1821,1721,1619,1523,1419,1310,1205,1121,1006,905,815,709,619,531,421,336,241,145,51,0,0,0,0,0
510,0,Aspirin,2700,0,0,0,62,155,245,343,432,528,622,720,807,895,983,1085,1180,1281,1357,1455,1535,1639,1731,1817,1903,2000,2096,2181,2260,2352,2435,2543,2637,2700,2582,2461,2368,2256,2137,2032,1929,1839,1730,1616,1518,1409,1322,1221,1095,1008,909,801,722,614,528,425,333,239,145,55,0,0,0,0,0
511,0,Aspirin,2698,0,0,0,64,155,245,337,427,529,625,718,801,887,988,1089,1171,1273,1365,1450,1555,1623,1728,1809,1901,2000,2096,2177,2261,2343,2448,2541,2618,2698,2559,2471,2368,2249,2143,2030,1936,1833,1723,1621,1512,1423,1323,1217,1110,1002,914,810,707,620,527,415,334,239,145,46,0,0,0,0,0
512,0,Aspirin,2706,0,0,0,62,144,247,342,429,531,621,715,802,877,987,1077,1182,1278,1361,1454,1535,1638,1735,1820,1898,1987,2086,2187,2255,2347,2431,2523,2629,2706,2559,2462,2352,2255,2151,2029,1927,1827,1725,1619,1515,1417,1312,1215,1111,1006,896,807,715,619,511,426,334,238,144,50,0,0,0,0,0
513,0,Aspirin,2698,0,0,0,57,150,241,343,433,535,617,708,805,898,994,1083,1168,1266,1357,1455,1535,1632,1726,1814,1904,1986,2081,2175,2256,2358,2448,2522,2618,2698,2587,2477,2352,2249,2129,2037,1937,1827,1722,1616,1511,1410,1314,1210,1111,1009,911,800,711,618,523,427,320,240,142,55,0,0,0,0,0
514,0,Aspirin,2707,0,0,0,62,157,253,337,432,530,622,709,801,895,987,1086,1168,1264,1365,1458,1535,1635,1721,1821,1911,1975,2083,2166,2262,2352,2439,2521,2610,2707,2593,2463,2351,2246,2143,2042,1929,1825,1715,1620,1517,1421,1315,1203,1103,1008,910,801,713,611,510,419,322,237,144,51,0,0,0,0,0
515,0,Aspirin,2704,0,0,0,63,157,256,340,439,528,615,720,816,899,987,1077,1171,1275,1359,1446,1535,1635,1735,1812,1903,1991,2094,2186,2273,2347,2432,2521,2631,2704,2583,2461,2353,2255,2154,2032,1929,1822,1730,1619,1506,1410,1310,1215,1119,1000,908,806,716,619,511,418,327,240,141,48,0,0,0,0,0
516,0,Aspirin,2706,0,0,0,50,144,252,338,433,527,617,715,813,890,978,1086,1177,1275,1355,1456,1535,1638,1735,1808,1904,1994,2081,2178,2267,2351,2431,2527,2627,2706,2582,2459,2355,2257,2149,2027,1921,1819,1733,1623,1509,1409,1318,1214,1105,999,897,798,714,624,525,416,320,239,144,46,0,0,0,0,0
517,0,Aspirin,2695,0,0,0,55,151,247,338,439,528,624,720,811,897,992,1080,1184,1278,1357,1447,1535,1646,1734,1806,1901,1984,2079,2182,2256,2341,2434,2524,2627,2695,2559,2463,2359,2255,2149,2031,1927,1828,1729,1625,1517,1409,1307,1218,1109,1002,901,806,702,617,511,418,330,237,146,48,0,0,0,0,0
518,0,Aspirin,2704,0,0,0,51,151,243,342,438,529,615,710,806,902,979,1083,1168,1267,1360,1445,1535,1632,1715,1823,1915,1991,2081,2173,2273,2358,2433,2517,2619,2704,2591,2458,2351,2240,2151,2035,1926,1823,1727,1623,1520,1407,1312,1207,1119,1009,901,795,711,621,511,418,323,235,139,53,0,0,0,0,0
519,0,Aspirin,2699,0,0,0,57,149,248,335,430,531,626,713,805,901,987,1079,1169,1271,1365,1459,1535,1637,1725,1828,1910,1993,2089,2173,2258,2349,2433,2515,2618,2699,2587,2476,2349,2241,2155,2037,1920,1820,1723,1619,1517,1410,1303,1215,1107,1003,914,795,707,612,528,427,322,235,144,48,0,0,0,0,0
520,0,Aspirin,2704,0,0,0,65,144,250,347,432,527,621,718,815,899,982,1079,1172,1268,1360,1454,1535,1641,1732,1815,1899,1993,2081,2185,2269,2351,2432,2515,2626,2704,2559,2462,2352,2250,2145,2032,1919,1821,1729,1622,1506,1410,1306,1190,1114,1002,896,802,704,602,523,415,329,236,135,51,0,0,0,0,0
521,0,Aspirin,2705,0,0,0,65,153,244,342,443,527,623,719,805,896,987,1080,1175,1276,1362,1453,1535,1630,1729,1822,1904,1993,2083,2182,2270,2351,2431,2528,2620,2705,2559,2467,2352,2247,2155,2026,1931,1826,1714,1619,1513,1409,1309,1207,1111,1010,908,806,706,620,511,417,334,231,146,51,0,0,0,0,0
522,0,Aspirin,2688,0,0,0,61,147,244,336,437,535,615,709,803,898,993,1075,1171,1269,1363,1456,1535,1631,1725,1819,1916,1985,2082,2176,2275,2353,2433,2518,2621,2688,2588,2462,2352,2251,2141,2037,1926,1827,1717,1609,1511,1423,1295,1205,1111,1009,903,798,694,614,526,420,334,236,140,53,0,0,0,0,0
523,0,Aspirin,2706,0,0,0,59,150,249,340,436,531,623,716,809,903,989,1088,1172,1263,1363,1461,1535,1637,1723,1826,1911,1987,2087,2169,2267,2353,2431,2522,2614,2706,2591,2459,2348,2250,2132,2034,1933,1828,1723,1617,1518,1419,1305,1200,1110,1004,912,791,704,603,511,417,327,241,142,48,0,0,0,0,0
524,0,Aspirin,2706,0,0,0,62,150,246,341,432,537,623,715,814,892,978,1085,1170,1274,1369,1451,1535,1633,1735,1824,1899,1990,2085,2171,2268,2351,2435,2517,2614,2706,2559,2464,2351,2247,2148,2045,1930,1827,1715,1623,1516,1411,1307,1200,1105,1008,898,806,702,612,511,416,325,235,144,46,0,0,0,0,0
525,0,Aspirin,2694,0,0,0,59,158,251,335,435,526,622,718,814,896,980,1088,1182,1280,1358,1447,1535,1643,1728,1802,1902,1986,2078,2187,2257,2346,2435,2523,2631,2694,2559,2455,2353,2253,2139,2025,1926,1834,1730,1611,1508,1410,1316,1210,1104,1001,901,804,709,615,511,419,321,234,144,48,0,0,0,0,0
526,0,Aspirin,2706,0,0,0,61,153,251,345,434,528,624,713,811,901,984,1088,1174,1279,1369,1445,1535,1633,1731,1823,1901,1987,2089,2178,2272,2349,2432,2516,2629,2706,2559,2457,2354,2254,2145,2027,1931,1822,1714,1617,1516,1404,1314,1207,1114,1005,897,806,724,619,527,419,321,231,144,48,0,0,0,0,0
527,0,Aspirin,2698,0,0,0,58,147,247,340,433,530,619,714,800,902,993,1081,1179,1277,1371,1463,1535,1641,1730,1814,1913,1993,2081,2177,2259,2359,2443,2526,2615,2698,2593,2467,2349,2245,2143,2037,1936,1821,1719,1616,1513,1415,1314,1212,1105,1008,911,802,703,609,511,426,323,237,131,40,0,0,0,0,0
528,0,Aspirin,2706,0,0,0,56,149,240,334,436,529,624,708,796,897,986,1085,1171,1274,1366,1463,1535,1641,1713,1820,1909,1990,2082,2172,2268,2354,2433,2523,2613,2706,2593,2459,2352,2242,2149,2035,1920,1822,1715,1615,1520,1403,1310,1212,1109,1008,897,799,710,611,507,409,320,229,136,39,0,0,0,0,0
529,0,Aspirin,2704,0,0,0,57,149,240,347,437,532,615,714,811,901,989,1077,1168,1264,1362,1454,1535,1631,1717,1826,1914,1991,2079,2176,2273,2352,2431,2521,2610,2704,2591,2457,2357,2241,2146,2039,1932,1818,1716,1616,1517,1401,1310,1205,1115,995,899,799,705,618,511,415,329,223,139,47,0,0,0,0,0
530,0,Aspirin,2704,0,0,0,63,154,245,351,439,528,629,713,816,896,985,1089,1169,1275,1371,1454,1535,1638,1726,1822,1902,1984,2087,2182,2274,2345,2432,2524,2627,2704,2559,2457,2353,2255,2155,2031,1926,1821,1717,1621,1514,1408,1313,1207,1117,1003,894,799,704,611,511,422,331,233,144,51,0,0,0,0,0
531,0,Aspirin,2704,0,0,0,64,154,247,347,437,538,627,727,811,902,989,1088,1189,1286,1363,1453,1535,1648,1731,1813,1904,1995,2096,2183,2259,2352,2432,2541,2638,2704,2559,2466,2365,2261,2144,2035,1933,1824,1733,1616,1506,1414,1302,1215,1116,994,904,803,715,615,524,420,327,236,134,51,0,0,0,0,0
532,0,Aspirin,2695,0,0,0,63,153,241,342,435,533,616,720,802,898,995,1088,1174,1270,1357,1459,1559,1636,1726,1810,1913,2002,2083,2167,2259,2364,2447,2523,2613,2695,2590,2467,2352,2249,2145,2033,1929,1817,1715,1609,1520,1412,1303,1209,1105,1008,906,803,706,610,511,420,325,226,130,45,0,0,0,0,0
533,0,Aspirin,2694,0,0,0,62,151,240,339,435,528,623,719,801,891,988,1088,1175,1275,1351,1444,1535,1638,1719,1814,1905,2000,2091,2167,2257,2343,2448,2531,2614,2694,2559,2475,2357,2242,2131,2027,1932,1829,1711,1615,1503,1402,1310,1200,1108,992,899,804,703,610,511,412,320,229,142,40,0,0,0,0,0
534,0,Aspirin,2693,0,0,0,59,163,249,341,443,531,621,722,807,896,991,1088,1178,1278,1376,1462,1535,1639,1722,1825,1914,1989,2083,2172,2266,2359,2447,2523,2614,2693,2590,2477,2352,2243,2137,2047,1936,1827,1715,1616,1516,1422,1309,1210,1105,1006,906,798,701,610,511,430,329,240,144,49,0,0,0,0,0
535,0,Aspirin,2699,0,0,0,62,160,253,345,439,534,624,704,810,897,991,1081,1170,1269,1359,1459,1535,1629,1721,1808,1905,1991,2080,2174,2256,2357,2438,2519,2617,2699,2593,2463,2352,2242,2144,2034,1925,1824,1712,1614,1519,1418,1308,1205,1107,1023,903,800,701,618,510,422,328,240,141,50,0,0,0,0,0
536,0,Aspirin,2695,0,0,0,67,153,256,351,440,535,624,720,813,895,988,1087,1185,1277,1363,1455,1535,1649,1734,1818,1917,1998,2096,2181,2251,2351,2436,2527,2635,2695,2559,2463,2359,2258,2152,2032,1924,1822,1727,1623,1513,1409,1315,1219,1121,998,902,800,717,614,525,418,324,239,144,48,0,0,0,0,0
537,0,Aspirin,2693,0,0,0,60,165,249,349,435,535,629,714,810,907,999,1089,1173,1278,1375,1457,1535,1637,1728,1824,1915,1990,2086,2176,2270,2360,2437,2530,2623,2693,2591,2464,2356,2251,2137,2039,1932,1826,1713,1615,1520,1409,1313,1200,1105,1008,897,806,711,619,511,416,323,239,134,48,0,0,0,0,0
538,0,Aspirin,2772,0,0,0,21,121,206,327,368,499,449,700,767,899,930,1042,1132,1187,1335,1425,1519,1616,1700,1807,1884,1966,2032,2160,2259,2263,2403,2532,2772,2630,2555,2427,2320,2229,2118,2019,1932,1779,1776,1590,1488,1347,1314,1167,1070,977,879,780,676,592,492,386,291,208,102,38,0,0,0,0,0
539,0,Aspirin,2695,0,0,0,64,168,272,304,433,534,619,727,816,914,962,1015,1181,1291,1393,1456,1535,1634,1729,1817,1904,2010,2082,2163,2226,2453,2408,2521,2590,2695,2559,2453,2352,2241,2123,2041,1918,1829,1683,1627,1519,1464,1299,1202,1088,1043,911,752,695,623,511,410,323,222,132,48,0,0,0,0,0
540,0,Aspirin,2688,0,0,0,64,150,249,401,439,528,613,727,814,901,965,1083,1182,1264,1376,1455,1558,1667,1725,1807,1898,1986,2088,2189,2251,2345,2432,2517,2624,2688,2559,2455,2288,2245,2144,2026,1915,1855,1719,1779,1562,1412,1309,1207,1133,995,907,803,703,615,502,412,317,227,159,0,0,0,0,0,0
541,0,Aspirin,2688,0,0,0,63,173,207,346,432,528,618,707,814,901,960,1090,1184,1287,1392,1484,1530,1772,1723,1805,1914,1986,2087,2183,2256,2338,2442,2526,2615,2688,2559,2443,2347,2246,2128,2034,1967,1823,1713,1616,1498,1410,1316,1206,1107,983,919,787,727,697,510,405,249,224,140,42,0,0,0,0,0
542,0,Aspirin,2655,0,0,0,63,145,256,345,432,497,630,732,797,929,1034,1105,1172,1270,1392,1459,1561,1634,1744,1819,1906,2043,2092,2159,2154,2402,2418,2537,2619,2655,2559,2494,2384,2240,2135,2023,1935,1651,1728,1723,1525,1399,1167,1159,1099,999,923,809,705,602,567,411,326,31,144,29,0,0,0,0,0
543,0,Aspirin,2691,0,0,0,139,158,247,337,422,537,671,714,855,856,986,1092,1179,1198,1360,1455,1630,1646,1729,1809,1911,2001,2087,2151,2258,2352,2448,2535,2623,2691,2520,2465,2354,2229,2158,2027,1937,1817,1729,1629,1487,1421,1311,1213,1051,995,752,699,689,608,506,413,336,215,144,37,0,0,0,0,0
544,0,Aspirin,2709,0,0,0,71,150,254,336,447,533,625,704,825,907,978,1105,1215,1221,1367,1460,1535,1616,1738,1842,1903,1987,2053,2177,2287,2215,2411,2528,2649,2709,2592,2465,2351,2251,2145,2031,1917,1821,1719,1623,1504,1393,1344,1203,1109,1002,895,800,705,617,511,421,321,171,144,48,0,0,0,0,0
545,0,Aspirin,2694,0,0,0,167,147,249,317,445,526,622,714,798,898,984,1091,1100,1242,1369,1456,1520,1674,1703,1817,1958,1969,2086,2166,2320,2356,2436,2543,2618,2694,2597,2459,2359,2243,2141,2032,1923,1807,1712,1602,1634,1418,1318,1189,1116,980,809,784,700,607,452,416,320,211,128,46,0,0,0,0,0
546,0,Aspirin,2704,0,0,78,103,192,261,321,443,535,629,709,805,905,978,1098,1131,1300,1367,1459,1505,1614,1695,1785,1907,1995,2091,2160,2255,2353,2448,2559,2625,2704,2586,2497,2327,2241,2177,2035,1931,1818,1712,1613,1503,1419,1280,1202,1100,1200,912,802,720,587,561,416,318,220,128,32,0,0,0,0,0
547,0,Aspirin,2705,0,0,0,51,152,240,323,426,535,575,724,858,899,1050,1072,1173,1271,1361,1445,1535,1602,1738,1792,1899,2015,2094,2151,2283,2339,2425,2545,2631,2705,2599,2471,2351,2247,2141,2083,1923,1808,1709,1631,1510,1391,1306,1139,1103,996,894,790,705,656,509,410,320,215,66,54,0,0,0,0,0
548,0,Aspirin,2689,0,0,68,47,124,253,337,443,538,636,708,806,892,990,1079,1146,1286,1392,1473,1578,1612,1717,1803,1913,1979,2077,2177,2274,2377,2435,2522,2621,2689,2599,2471,2416,2241,2135,2037,1927,1822,1722,1639,1519,1417,1280,1230,1114,1035,923,772,650,600,511,419,255,223,142,48,0,0,0,0,0
549,0,Aspirin,2702,0,0,59,50,146,250,348,441,536,627,718,814,903,1001,1082,1183,1441,1334,1450,1567,1744,1728,1821,1921,2032,2093,2175,2259,2352,2451,2559,2619,2702,2594,2403,2309,2243,2144,2043,1958,1798,1728,1623,1488,1420,1312,1242,1082,926,895,785,718,613,526,434,326,235,144,49,0,0,0,0,0
550,0,Aspirin,2704,0,0,0,63,157,247,344,439,511,623,767,809,919,943,1232,1141,1328,1351,1494,1535,1638,1724,1815,1905,1988,2091,2171,2267,2359,2513,2687,2595,2704,2559,2461,2399,2246,2130,2035,1938,1815,1731,1607,1520,1351,1303,1171,1094,991,900,803,702,578,511,411,320,235,123,55,0,0,0,0,0
551,0,Aspirin,2688,0,0,0,82,151,260,275,435,524,636,694,811,898,992,1084,1170,1277,1364,1457,1525,1677,1728,1905,1873,2160,2097,2203,2258,2354,2446,2525,2609,2688,2583,2475,2355,2143,2199,2113,1929,1987,1616,1417,1506,1433,1298,1205,1101,993,897,804,694,571,506,507,323,187,38,45,0,0,0,0,0
552,0,Aspirin,2690,0,0,0,48,162,250,338,432,560,594,733,805,834,1011,1083,1179,1277,1362,1427,1553,1629,1719,1813,1899,1953,1985,2167,2262,2455,2418,2533,2627,2690,2555,2465,2359,2267,2131,2028,2031,1840,1696,1535,1497,1394,1313,1210,1073,1005,919,795,702,602,505,363,327,261,199,51,0,0,0,0,0
553,0,Aspirin,2690,0,0,0,66,140,262,353,441,534,629,713,818,891,954,985,1172,1272,1347,1470,1497,1633,1723,1789,1927,2020,2093,2118,2239,2282,2263,2518,2611,2690,2591,2467,2332,2230,2130,2054,1913,1905,1762,1664,1490,1391,1293,1200,1104,993,897,806,699,612,511,417,307,207,158,47,0,0,0,0,0
554,0,Aspirin,2709,0,0,0,48,135,240,322,430,525,639,698,820,899,987,1103,1173,1266,1375,1427,1535,1616,1674,1814,1903,1981,2091,2162,2269,2348,2471,2529,2591,2709,2559,2416,2379,2207,2145,2032,1931,1821,1730,1607,1505,1398,1301,1209,1119,894,895,702,685,511,496,410,320,239,155,48,0,0,0,0,0
555,0,Aspirin,2729,0,0,0,55,195,242,363,529,531,654,742,789,901,993,1056,1159,1272,1352,1458,1535,1571,1760,1795,1897,2095,2057,2189,2256,2355,2448,2534,2613,2729,2559,2461,2353,2181,2103,1930,1910,1831,1703,1616,1456,1417,1296,1207,1093,985,899,816,645,592,497,331,303,223,71,35,0,0,0,0,0
556,0,Aspirin,2699,0,0,0,0,80,249,292,539,535,622,720,820,914,981,1090,1183,1264,1424,1404,1525,1691,1712,1823,1903,1985,2081,2178,2267,2339,2438,2527,2624,2699,2559,2453,2351,2246,2148,2026,1918,1819,1713,1616,1507,1398,1305,1202,1106,1002,897,799,697,615,511,413,317,223,129,38,0,0,0,0,0
557,0,Aspirin,2705,0,0,0,38,140,261,354,383,534,623,713,809,901,1003,1089,1174,1270,1372,1427,1627,1556,1760,1839,1936,1991,2085,2175,2256,2354,2437,2526,2625,2705,2559,2454,2334,2226,2123,2003,1918,1810,1724,1615,1520,1417,1305,1213,1100,1002,859,835,608,528,505,343,320,221,137,34,0,0,0,0,0
558,0,Aspirin,2734,0,0,0,54,135,248,307,422,535,629,817,754,893,990,1083,1168,1275,1362,1461,1519,1648,1717,1943,1904,1986,2096,2177,2258,2354,2422,2534,2622,2734,2559,2464,2353,2243,2224,2010,1918,1779,1715,1584,1503,1412,1296,1189,1117,1008,898,802,747,642,562,403,373,221,118,35,0,0,0,0,0
559,0,Aspirin,2702,0,0,0,62,143,255,320,432,526,609,699,813,898,967,1088,1173,1267,1361,1529,1535,1609,1665,1825,1905,1985,2128,2174,2263,2352,2430,2522,2639,2702,2559,2469,2417,2249,2145,2029,1908,1817,1745,1612,1493,1419,1300,1191,1106,1008,932,767,688,656,485,404,310,171,133,42,0,0,0,0,0
560,0,Aspirin,2702,0,0,0,184,154,250,345,423,528,624,720,811,894,987,1044,1178,1174,1373,1515,1579,1629,1744,1821,1917,1995,2081,2167,2257,2366,2433,2523,2615,2702,2594,2463,2351,2245,2151,2065,1918,1819,1712,1641,1514,1399,1299,1184,1110,1113,877,771,694,611,511,419,315,225,144,44,0,0,0,0,0
561,0,Aspirin,2698,0,0,0,62,152,248,388,438,534,624,714,809,945,956,1074,1189,1233,1325,1510,1535,1660,1726,1810,1915,2000,2088,2173,2271,2347,2451,2512,2608,2698,2585,2471,2347,2241,2128,2031,1917,1809,1716,1675,1517,1467,1392,1191,1135,1040,900,784,692,600,511,419,320,222,129,32,0,0,0,0,0
562,0,Aspirin,2696,0,0,0,47,149,229,339,401,501,624,707,807,1011,996,1079,1226,1264,1355,1424,1598,1627,1719,1809,1913,2005,2090,2178,2256,2347,2417,2478,2619,2696,2589,2453,2347,2234,2130,2031,1923,1814,1712,1601,1529,1398,1313,1171,1118,982,843,791,694,604,497,408,370,240,129,38,0,0,0,0,0
563,0,Aspirin,2704,0,0,0,55,155,256,391,434,448,760,818,816,1023,971,1086,1173,1278,1380,1424,1535,1629,1744,1815,1874,1996,2059,2178,2274,2396,2430,2672,2618,2704,2585,2454,2346,2250,2135,2031,1930,1856,1730,1603,1426,1398,1295,1201,1104,997,912,779,715,609,511,384,436,226,188,40,0,0,0,0,0
564,0,Aspirin,2690,0,0,0,64,158,246,396,434,547,615,699,806,901,995,1085,1175,1280,1355,1458,1535,1634,1709,1836,1886,1989,2091,2160,2245,2352,2442,2518,2624,2690,2590,2471,2348,2267,2207,1933,1883,1953,1697,1599,1517,1409,1301,1199,1095,998,896,729,704,582,491,464,340,179,33,37,0,0,0,0,0
565,0,Aspirin,2695,0,0,0,82,154,255,355,381,529,656,703,817,895,976,1037,1146,1222,1464,1457,1535,1648,1727,1789,1893,1990,2094,2160,2268,2342,2416,2405,2512,2695,2515,2457,2351,2253,2149,2029,1916,1818,1728,1618,1559,1414,1427,1175,1115,1069,849,794,699,559,511,400,309,235,131,34,0,0,0,0,0
566,0,Aspirin,2690,0,0,0,77,130,268,343,445,562,559,731,801,907,1014,1079,1179,1203,1367,1455,1578,1615,1733,1771,1910,1990,2084,2215,2243,2358,2461,2518,2613,2690,2559,2461,2298,2241,2132,2064,1985,1988,1735,1694,1483,1393,1303,1203,1104,976,895,787,702,597,503,417,336,197,117,137,0,0,0,0,0
567,0,Aspirin,2694,0,0,0,59,158,252,342,437,528,624,716,816,899,980,1088,1179,1273,1367,1451,1535,1638,1735,1827,1889,1978,2078,2187,2288,2350,2435,2524,2613,2694,2583,2455,2349,2237,2145,2034,1922,1808,1717,1622,1491,1405,1233,1171,1091,937,902,784,711,611,505,455,321,229,191,34,0,0,0,0,0
568,0,Aspirin,2625,0,0,0,61,144,265,424,425,559,534,723,816,907,995,1088,1175,1290,1360,1456,1568,1647,1705,1772,1874,2102,2089,2177,2273,2351,2449,2522,2625,2624,2559,2417,2353,2130,2038,1985,1947,1821,1718,1622,1483,1405,1275,1203,1094,983,910,832,627,621,511,384,319,234,129,28,0,0,0,0,0
569,0,Aspirin,2699,0,0,0,65,170,257,423,442,454,683,702,800,886,988,1088,1191,1321,1360,1459,1535,1657,1735,1795,1834,1946,2095,2107,2255,2352,2431,2518,2634,2699,2559,2447,2369,2239,2139,1979,1919,1767,1709,1581,1502,1407,1299,1211,1114,1006,895,794,695,572,466,368,231,225,135,47,0,0,0,0,0
570,0,Aspirin,2690,0,0,0,45,144,250,347,435,539,623,719,799,861,994,1083,1153,1273,1286,1379,1535,1734,1726,1817,1907,1977,2076,2171,2263,2374,2446,2480,2620,2690,2596,2480,2432,2244,2130,2035,1920,1818,1715,1611,1498,1403,1328,1164,1106,1021,887,801,690,612,506,410,315,247,123,53,0,0,0,0,0
571,0,Aspirin,2709,0,0,0,64,193,253,343,441,535,624,711,823,908,989,907,1184,1266,1331,1456,1381,1647,1717,1815,1920,1994,2067,2180,2242,2365,2432,2511,2709,2701,2581,2431,2359,2236,2148,2055,1922,1824,1717,1620,1565,1398,1328,1212,1067,1040,886,798,695,606,464,419,325,222,160,29,0,0,0,0,0
572,0,Aspirin,2741,0,0,0,48,168,241,341,414,535,566,705,789,929,997,1088,1173,1257,1372,1457,1565,1643,1720,1806,1903,1984,2070,2036,2224,2357,2445,2525,2629,2741,2591,2461,2355,2240,2109,2022,1869,1813,1718,1703,1517,1412,1296,1197,1111,992,896,791,705,615,510,320,326,212,144,38,0,0,0,0,0
573,0,Aspirin,2698,0,0,0,59,148,253,339,431,533,592,727,752,839,1120,1099,1175,1278,1361,1454,1491,1633,1724,1825,1904,1985,2065,2317,2270,2347,2381,2517,2630,2698,2559,2459,2326,2260,2146,2028,1904,1827,1707,1568,1576,1297,1310,1205,1115,986,887,787,701,624,511,448,285,242,128,31,0,0,0,0,0
574,0,Aspirin,2706,0,0,0,53,144,246,341,438,529,624,716,810,902,987,1086,1169,1266,1367,1463,1535,1635,1727,1823,1911,2000,2078,2166,2256,2358,2433,2519,2612,2706,2582,2457,2346,2243,2135,2029,1918,1814,1712,1617,1510,1398,1308,1202,1097,997,891,790,692,606,500,405,320,220,125,35,0,0,0,0,0
575,0,Aspirin,2677,0,0,0,70,147,214,338,463,607,624,694,803,899,999,1073,1169,1275,1376,1463,1555,1616,1710,1857,2057,1999,2066,2167,2274,2343,2433,2526,2615,2677,2597,2467,2359,2252,2167,2052,1904,1858,1715,1613,1518,1392,1296,1200,1088,1017,891,791,685,511,534,411,344,221,132,32,0,0,0,0,0
576,0,Aspirin,2704,0,0,0,92,208,176,336,445,548,613,710,817,914,971,1083,1183,1274,1379,1576,1455,1845,1728,1827,1910,1978,2087,2160,2274,2335,2429,2526,2628,2704,2597,2459,2369,2215,2153,2036,1926,1819,1713,1632,1504,1421,1302,1167,1023,954,818,791,700,602,508,418,311,231,137,48,0,0,0,0,0
577,0,Aspirin,2704,0,0,0,51,151,249,361,459,564,608,710,844,970,1008,1102,1181,1278,1363,1456,1535,1625,1727,1799,1900,2161,2098,2086,2253,2418,2410,2529,2629,2704,2559,2453,2361,2257,2139,2034,2032,1797,1719,1535,1519,1365,1303,1215,1117,983,893,806,725,603,500,417,250,350,139,42,0,0,0,0,0
578,0,Aspirin,2704,0,0,0,61,150,203,394,465,496,642,721,810,899,955,1098,1168,1246,1371,1449,1474,1753,1684,1819,1930,1967,2093,2169,2275,2335,2445,2537,2627,2704,2559,2475,2414,2167,2142,1941,1921,1826,1715,1565,1505,1418,1299,1169,1091,993,816,901,694,611,484,398,320,219,146,19,0,0,0,0,0
579,0,Aspirin,2704,0,0,0,54,160,256,315,458,500,622,544,849,911,979,1085,1167,1279,1374,1460,1535,1616,1733,1826,1860,1988,2080,2182,2262,2350,2426,2522,2599,2704,2620,2461,2295,2255,2187,2035,1919,1817,1728,1643,1504,1408,1311,1232,1133,939,883,821,655,590,355,410,319,230,126,45,0,0,0,0,0
580,0,Aspirin,2705,0,0,0,63,159,247,272,428,534,638,729,826,886,991,1088,1190,1281,1370,1457,1509,1677,1611,1808,2035,2074,2092,2323,2273,2352,2428,2531,2631,2705,2559,2451,2346,2381,2143,1937,2012,1830,1727,1627,1470,1406,1338,1184,1131,995,889,814,674,580,464,545,343,156,129,45,0,0,0,0,0
581,0,Aspirin,2707,0,0,0,64,159,249,359,434,523,626,688,835,882,1004,1085,1170,1283,1341,1429,1561,1648,1727,1829,1902,1994,2087,2171,2258,2353,2433,2525,2615,2707,2590,2457,2352,2240,2146,2068,1942,1749,1718,1616,1514,1405,1303,1202,1077,993,880,801,693,601,592,423,253,226,125,29,0,0,0,0,0
582,0,Aspirin,2689,0,0,0,0,145,256,336,437,529,619,725,795,907,990,1008,1168,1206,1375,1466,1500,1628,1728,1818,1901,2001,2096,2195,2267,2355,2423,2499,2630,2689,2582,2445,2346,2239,2142,2032,1936,1821,1718,1599,1511,1435,1287,1294,1159,1008,929,795,695,598,511,432,323,260,129,34,0,0,0,0,0
583,0,Aspirin,2678,0,0,0,64,149,245,302,528,535,575,698,818,902,960,1088,1189,1273,1388,1456,1535,1679,1893,1787,1933,2077,2103,2188,2269,2331,2437,2519,2625,2678,2559,2451,2312,2254,2112,2013,1919,1824,1717,1619,1498,1420,1327,1216,1104,1006,900,770,692,511,504,400,301,222,132,32,0,0,0,0,0
584,0,Aspirin,2695,0,0,0,79,170,209,353,432,528,623,710,810,880,990,1074,1197,1266,1437,1648,1556,1609,1679,1794,1909,1997,2125,2171,2258,2233,2433,2513,2640,2695,2592,2496,2358,2274,2127,2032,1922,1826,1721,1591,1504,1389,1303,1209,1090,1007,866,758,880,617,511,410,359,224,130,32,0,0,0,0,0
585,0,Aspirin,2699,0,0,0,64,156,256,357,433,526,611,720,810,914,992,1167,1174,1263,1342,1456,1535,1648,1744,1792,1886,1986,2073,2179,2245,2339,2331,2547,2665,2699,2559,2459,2343,2235,2134,2029,1904,1808,1729,1771,1506,1406,1314,1181,1089,994,899,790,702,608,500,413,319,222,155,48,0,0,0,0,0
586,0,Aspirin,2699,0,0,0,62,154,253,304,439,542,625,746,810,899,918,1089,1136,1411,1358,1507,1535,1639,1743,1814,1915,2000,2108,2175,2256,2331,2327,2609,2618,2699,2640,2470,2354,2247,2096,2058,1937,1813,1712,1616,1535,1424,1227,1220,1125,945,902,794,705,593,504,426,340,219,128,0,0,0,0,0,0
587,0,Aspirin,2718,0,0,0,90,167,180,368,439,548,638,717,835,899,987,1104,1192,1277,1359,1455,1561,1646,1755,1813,1910,2000,2128,2141,2260,2364,2436,2486,2650,2718,2559,2474,2365,2244,2143,2009,1907,1831,1735,1606,1507,1427,1311,1210,1071,894,912,772,709,607,505,410,320,251,128,45,0,0,0,0,0
588,0,Aspirin,2699,0,0,0,64,179,259,343,438,555,622,727,791,919,990,1089,1177,1266,1479,1455,1584,1685,1730,1826,1926,2008,2092,2185,2269,2333,2432,2526,2598,2699,2633,2586,2349,2250,2141,2024,1936,1802,1723,1628,1513,1415,1317,1195,1095,1085,1009,807,694,604,525,423,353,223,134,52,0,0,0,0,0
589,0,Aspirin,2704,0,0,101,68,161,247,336,464,528,624,727,802,901,985,1040,1139,1268,1364,1458,1535,1630,1723,1835,1916,1986,2074,2170,2447,2353,2399,2521,2608,2704,2588,2459,2346,2230,2134,2032,1921,1835,1715,1586,1520,1317,1285,1201,969,1002,895,797,715,606,510,384,326,234,98,34,0,0,0,0,0
590,0,Aspirin,2704,0,0,0,69,158,255,350,436,526,623,720,784,994,963,1099,1162,1285,1367,1459,1559,1648,1742,1833,1904,1995,2061,2192,2321,2353,2513,2517,2637,2704,2608,2471,2357,2256,2144,2032,1910,1810,1789,1733,1513,1483,1298,1203,1107,1013,905,789,716,607,500,402,225,215,160,41,0,0,0,0,0
591,0,Aspirin,2699,0,0,0,65,176,166,347,450,544,600,727,819,925,983,1091,1207,1262,1346,1459,1567,1680,1730,1814,1923,2024,2066,2175,2270,2310,2447,2538,2595,2699,2588,2480,2383,2251,2140,2047,1938,1815,1722,1625,1520,1414,1324,1207,1134,1023,915,781,705,609,500,404,331,224,132,48,0,0,0,0,0
592,0,Aspirin,2713,0,0,0,71,143,308,351,443,528,623,717,807,910,1010,1079,1283,1255,1298,1409,1616,1753,1734,1833,1914,2002,2132,2181,2286,2365,2441,2525,2599,2713,2549,2470,2346,2243,2157,2035,1938,1808,1720,1616,1521,1407,1295,1200,1040,1037,946,838,702,610,529,414,338,215,142,38,0,0,0,0,0
593,0,Aspirin,2736,0,0,0,23,160,256,345,448,544,656,710,853,1019,991,1059,1180,1280,1325,1471,1535,1642,1708,1818,1913,1961,2069,2117,2253,2352,2448,2525,2615,2736,2587,2475,2349,2245,2155,2035,1968,1801,1673,1520,1509,1455,1308,1201,1106,1034,922,791,691,608,506,469,315,156,115,85,0,0,0,0,0
594,0,Aspirin,2709,0,0,0,64,162,247,361,449,542,614,857,846,905,960,1088,1178,1264,1328,1494,1535,1631,1734,1823,1936,1986,2085,2186,2269,2380,2430,2526,2623,2709,2608,2458,2337,2250,2157,2017,1924,1767,1839,1616,1595,1407,1305,1202,1095,1007,903,794,725,617,501,417,275,218,128,64,0,0,0,0,0
595,0,Aspirin,2708,0,0,0,67,145,237,343,445,553,624,718,799,901,990,1098,1169,1230,1422,1482,1535,1648,1729,1819,1904,2003,2089,2183,2261,2352,2445,2525,2615,2708,2592,2416,2320,2242,2135,2043,1935,1860,1720,1624,1514,1408,1290,1183,1104,1009,878,811,695,603,455,406,320,233,128,31,0,0,0,0,0
596,0,Aspirin,2726,0,0,0,74,148,256,352,427,576,635,712,816,1117,1003,1090,1177,1264,1376,1451,1579,1637,1742,1889,1904,1970,2151,2186,2271,2352,2444,2530,2627,2726,2590,2465,2368,2256,2009,2064,1889,1779,1725,1584,1515,1413,1306,1217,1107,1008,905,804,707,616,523,464,351,239,215,49,0,0,0,0,0
597,0,Aspirin,2702,0,0,0,69,163,258,346,443,535,634,715,807,905,999,1096,1178,1280,1369,1462,1535,1642,1727,1822,1917,2000,2081,2180,2266,2357,2447,2529,2622,2702,2582,2465,2357,2245,2143,2038,1936,1815,1706,1586,1489,1424,1301,1207,1105,987,905,795,695,612,511,421,320,227,149,35,0,0,0,0,0
598,0,Aspirin,2703,0,0,0,64,166,249,353,469,545,633,722,815,857,997,1084,1212,1275,1332,1467,1535,1637,1710,1789,1906,1985,2103,2162,2239,2352,2512,2503,2629,2703,2592,2474,2352,2258,2139,2043,1968,1819,1712,1623,1520,1377,1315,1137,928,1005,906,786,692,612,511,422,320,228,136,42,11,0,0,0,0
599,0,Aspirin,2689,0,0,0,65,161,245,303,403,560,617,711,815,911,1011,1088,1179,1291,1367,1458,1578,1647,1712,1776,1930,1971,2089,2178,2261,2346,2445,2625,2625,2689,2599,2455,2314,2187,2128,2016,1931,1821,1713,1617,1520,1411,1297,1212,1104,992,1083,801,618,587,498,445,322,226,133,39,0,0,0,0,0
600,0,Vitamin_C,3181,0,0,5,112,221,322,429,539,638,747,848,960,1057,1159,1265,1366,1486,1585,1691,1786,1894,1996,2109,2203,2306,2406,2509,2626,2707,2829,2935,3061,3181,3027,2896,2768,2658,2544,2435,2318,2204,2099,1989,1873,1765,1654,1535,1440,1321,1206,1099,979,875,774,656,567,450,352,242,145,39,0,0,0
601,0,Vitamin_C,3177,0,0,11,121,215,330,428,543,638,743,825,915,1062,1166,1264,1373,1488,1595,1689,1799,1904,2004,2109,2196,2302,2402,2525,2603,2721,2821,2938,3069,3177,3021,2885,2772,2653,2547,2419,2319,2214,2095,1983,1879,1764,1659,1535,1436,1325,1200,1102,987,886,796,663,558,458,352,241,144,42,0,0,0
602,0,Vitamin_C,3159,0,0,12,115,217,329,432,542,645,740,848,949,1067,1171,1263,1366,1475,1600,1691,1791,1891,1991,2096,2205,2301,2401,2510,2611,2741,2832,2935,3052,3159,3031,2895,2768,2646,2531,2431,2322,2206,2096,1975,1877,1775,1644,1535,1424,1313,1211,1091,978,873,771,671,560,444,343,240,134,43,0,0,0
603,0,Vitamin_C,3159,0,0,0,112,215,324,428,533,632,745,835,946,1057,1159,1270,1375,1476,1585,1691,1791,1897,1984,2102,2195,2311,2413,2498,2608,2712,2831,2945,3036,3159,3017,2896,2782,2654,2535,2416,2302,2199,2085,1975,1862,1765,1660,1535,1426,1317,1170,1092,987,872,766,677,560,446,342,240,133,35,0,0,0
604,0,Vitamin_C,3155,0,0,12,112,211,318,418,539,638,724,847,949,1067,1168,1258,1400,1481,1598,1689,1791,1881,1987,2102,2205,2302,2397,2499,2608,2727,2832,2929,3050,3155,3025,2894,2767,2645,2533,2428,2313,2192,2095,1969,1872,1757,1645,1535,1421,1316,1202,1099,975,876,772,656,559,447,342,238,139,33,0,0,0
605,0,Vitamin_C,3167,0,0,6,111,210,323,429,545,640,746,842,944,1057,1162,1261,1360,1475,1586,1680,1782,1883,1984,2102,2212,2294,2398,2498,2622,2726,2819,2929,3055,3167,3026,2886,2764,2652,2541,2430,2304,2198,2086,1978,1871,1755,1647,1529,1424,1326,1196,1088,976,880,767,645,550,443,339,240,135,28,0,0,0
606,0,Vitamin_C,3175,0,0,8,112,212,324,432,528,631,742,835,951,1058,1154,1262,1367,1478,1590,1684,1783,1894,1998,2111,2192,2295,2397,2502,2608,2705,2817,2928,3056,3175,3011,2886,2768,2667,2542,2416,2307,2196,2096,1983,1856,1747,1648,1533,1427,1305,1201,1091,979,878,770,654,554,441,354,237,131,26,0,0,0
607,0,Vitamin_C,3139,0,0,2,112,214,320,429,535,634,736,842,947,1056,1155,1263,1362,1478,1584,1682,1785,1894,1989,2099,2194,2289,2385,2507,2615,2713,2822,2926,3053,3139,3009,2890,2763,2657,2535,2416,2310,2199,2091,1980,1849,1758,1634,1535,1427,1302,1194,1081,976,874,763,654,556,438,345,239,135,31,0,0,0
608,0,Vitamin_C,3167,0,0,0,107,217,321,430,533,630,738,842,944,1054,1155,1260,1366,1456,1584,1680,1786,1886,1997,2103,2194,2298,2396,2502,2621,2707,2815,2930,3059,3167,3015,2882,2761,2662,2538,2413,2307,2199,2098,1973,1856,1753,1646,1533,1427,1312,1200,1065,974,916,761,656,555,435,304,236,128,25,0,0,0
609,0,Vitamin_C,3154,0,0,8,112,211,320,422,537,635,730,838,939,1047,1163,1264,1366,1472,1579,1698,1791,1887,1990,2096,2203,2303,2397,2499,2608,2725,2823,2929,3042,3154,3034,2896,2768,2675,2527,2422,2325,2190,2086,1974,1872,1757,1642,1533,1424,1317,1202,1090,944,869,765,661,553,446,336,226,132,48,0,0,0
610,0,Vitamin_C,3167,0,0,1,111,208,318,421,528,628,731,843,952,1038,1152,1251,1374,1472,1575,1680,1786,1901,2001,2085,2187,2290,2395,2511,2611,2705,2813,2927,3050,3167,3006,2879,2754,2657,2538,2421,2301,2193,2096,1974,1861,1719,1639,1535,1425,1302,1199,1088,977,868,758,652,553,445,336,233,131,27,0,0,0
611,0,Vitamin_C,3151,0,0,6,112,215,320,432,534,631,733,837,941,1058,1172,1247,1363,1469,1584,1691,1782,1888,1984,2099,2222,2291,2399,2493,2603,2719,2826,2925,3044,3151,3027,2896,2762,2646,2526,2415,2320,2192,2085,1969,1871,1759,1646,1520,1415,1312,1200,1077,972,864,767,659,545,435,337,234,129,28,0,0,0
612,0,Vitamin_C,3158,0,0,0,111,210,322,423,535,635,738,846,937,1053,1155,1265,1368,1469,1584,1681,1797,1893,1989,2090,2189,2303,2401,2499,2605,2695,2831,2939,3043,3158,3012,2889,2758,2643,2533,2416,2310,2179,2083,1968,1856,1751,1644,1533,1421,1298,1204,1094,975,866,761,651,558,439,336,234,126,27,0,0,0
613,0,Vitamin_C,3166,0,0,7,112,197,321,427,536,640,733,848,955,1052,1166,1255,1355,1467,1584,1680,1777,1878,1985,2101,2195,2293,2394,2505,2614,2717,2811,2925,3042,3166,3024,2880,2768,2644,2529,2426,2303,2192,2090,1968,1867,1751,1637,1526,1418,1309,1190,1081,974,901,767,657,554,438,335,232,128,20,0,0,0
614,0,Vitamin_C,3168,0,0,0,106,208,321,427,528,637,739,848,950,1058,1160,1258,1369,1473,1582,1680,1776,1876,1987,2083,2192,2293,2394,2511,2613,2709,2819,2929,3056,3168,3005,2885,2753,2654,2533,2415,2303,2192,2095,1980,1851,1749,1639,1534,1426,1296,1190,1085,978,869,762,652,547,444,342,238,117,26,0,0,0
615,0,Vitamin_C,3163,0,0,10,102,208,317,426,546,637,738,848,950,1049,1154,1261,1369,1477,1572,1686,1789,1893,1989,2095,2194,2288,2391,2512,2605,2710,2819,2929,3047,3163,3012,2882,2759,2660,2532,2412,2299,2193,2097,1977,1855,1751,1644,1535,1418,1303,1187,1083,976,865,758,656,549,446,338,227,127,22,0,0,0
616,0,Vitamin_C,3164,0,0,0,102,219,319,429,528,636,736,833,954,1061,1152,1253,1378,1476,1585,1676,1787,1848,1979,2099,2209,2293,2394,2499,2621,2714,2817,2925,3043,3164,3020,2859,2761,2645,2541,2426,2305,2189,2080,1973,1866,1751,1641,1527,1427,1310,1196,1087,971,884,767,655,551,434,336,233,128,27,0,0,0
617,0,Vitamin_C,3153,0,0,0,107,214,320,422,535,640,733,846,947,1053,1152,1259,1361,1468,1579,1687,1777,1887,1984,2092,2202,2306,2398,2491,2610,2721,2822,2931,3044,3153,3023,2896,2766,2643,2526,2426,2306,2193,2086,1969,1869,1766,1646,1516,1422,1299,1203,1088,976,868,755,656,549,439,333,231,127,27,0,0,0
618,0,Vitamin_C,3163,0,0,3,112,212,318,418,530,638,722,841,942,1059,1158,1258,1364,1465,1590,1687,1776,1887,1989,2098,2202,2296,2389,2521,2621,2721,2815,2926,3051,3163,3019,2885,2766,2645,2525,2417,2307,2189,2087,1967,1867,1751,1642,1522,1416,1315,1201,1087,966,864,767,656,548,422,340,237,127,23,0,0,0
619,0,Vitamin_C,3158,0,0,4,112,215,313,421,539,630,735,844,946,1056,1161,1266,1361,1467,1590,1685,1781,1885,1983,2098,2207,2291,2389,2495,2623,2728,2812,2928,3051,3158,3008,2882,2768,2647,2539,2419,2304,2195,2091,1985,1870,1751,1636,1526,1422,1311,1193,1088,976,865,765,658,544,437,332,230,128,28,0,0,0
620,0,Vitamin_C,3168,0,0,7,112,217,317,426,530,631,734,843,944,1052,1159,1265,1365,1471,1583,1691,1783,1879,1984,2097,2197,2295,2393,2501,2621,2718,2806,2933,3050,3168,3027,2881,2764,2642,2528,2409,2304,2192,2093,1969,1867,1766,1644,1526,1409,1312,1199,1088,975,861,762,656,554,438,335,235,128,31,0,0,0
621,0,Vitamin_C,3168,0,0,2,96,208,317,420,532,624,738,835,945,1056,1158,1262,1367,1475,1586,1671,1785,1878,1979,2099,2199,2290,2391,2503,2619,2718,2819,2926,3039,3168,3022,2875,2759,2643,2541,2427,2308,2193,2083,1971,1863,1749,1637,1527,1423,1310,1201,1088,966,871,762,647,545,435,336,234,119,17,0,0,0
622,0,Vitamin_C,3182,0,0,2,115,208,316,424,530,624,735,839,945,1063,1151,1259,1365,1476,1591,1677,1783,1882,1998,2107,2189,2290,2401,2512,2620,2694,2826,2929,3054,3182,3014,2881,2765,2655,2539,2407,2303,2190,2093,1974,1855,1744,1655,1520,1418,1311,1200,1083,973,865,775,640,545,430,337,232,128,27,0,0,0
623,0,Vitamin_C,3155,0,0,1,110,214,316,419,532,639,724,839,943,1057,1155,1253,1369,1483,1580,1686,1791,1893,1984,2091,2196,2306,2395,2497,2609,2714,2825,2928,3039,3155,3024,2894,2759,2646,2530,2414,2300,2178,2089,1966,1866,1758,1642,1520,1415,1303,1199,1087,965,858,761,647,547,439,334,229,128,14,0,0,0
624,0,Vitamin_C,3155,0,0,4,113,211,313,426,534,640,732,835,938,1056,1161,1263,1360,1487,1584,1687,1777,1883,1984,2098,2211,2292,2391,2496,2619,2716,2816,2923,3039,3155,3022,2878,2758,2645,2528,2422,2313,2191,2085,1959,1870,1759,1646,1527,1411,1296,1200,1087,972,861,762,654,553,438,336,233,127,19,0,0,0
625,0,Vitamin_C,3158,0,0,0,114,212,317,422,527,635,746,847,934,1055,1154,1263,1361,1472,1575,1680,1791,1895,1978,2096,2192,2288,2409,2502,2606,2704,2817,2929,3056,3158,3013,2884,2772,2654,2518,2408,2304,2194,2090,1968,1856,1751,1648,1535,1422,1296,1194,1085,976,864,754,645,548,442,329,228,123,30,0,0,0
626,0,Vitamin_C,3152,0,0,3,112,216,313,426,527,631,738,846,944,1056,1161,1265,1369,1475,1579,1680,1792,1886,1983,2096,2192,2307,2402,2497,2607,2706,2832,2940,3043,3152,3015,2894,2771,2643,2528,2417,2314,2198,2089,1966,1857,1761,1648,1529,1420,1307,1199,1088,974,867,752,646,553,443,339,224,127,27,0,0,0
627,0,Vitamin_C,3154,0,0,3,109,208,321,426,528,631,738,843,949,1050,1157,1262,1376,1477,1577,1681,1778,1878,1998,2087,2192,2288,2375,2510,2624,2709,2813,2927,3057,3154,3017,2879,2765,2659,2539,2415,2302,2195,2095,1978,1860,1746,1647,1533,1424,1301,1195,1073,982,870,753,656,546,450,336,233,135,21,0,0,0
628,0,Vitamin_C,3159,0,0,3,109,211,319,423,532,638,741,844,949,1055,1168,1265,1359,1469,1581,1673,1798,1875,1982,2096,2193,2295,2391,2500,2610,2705,2826,2928,3043,3159,3024,2877,2762,2641,2523,2412,2343,2189,2083,1968,1863,1762,1652,1522,1423,1299,1199,1089,964,867,755,656,547,435,339,227,128,27,0,0,0
629,0,Vitamin_C,3169,0,0,7,107,214,311,426,532,629,743,841,960,1056,1168,1262,1365,1476,1579,1681,1787,1882,1983,2099,2192,2291,2392,2510,2615,2711,2815,2930,3056,3169,3007,2881,2766,2652,2543,2416,2302,2192,2082,1979,1867,1751,1642,1526,1420,1309,1191,1083,970,863,754,651,551,442,332,230,124,18,0,0,0
630,0,Vitamin_C,3157,0,0,6,109,215,323,430,528,640,738,849,955,1050,1151,1264,1370,1484,1584,1683,1772,1895,1993,2087,2191,2304,2401,2511,2608,2708,2822,2939,3044,3157,3011,2882,2769,2650,2529,2416,2305,2205,2096,1954,1866,1755,1645,1530,1411,1287,1195,1088,976,860,752,651,541,441,333,225,119,2,0,0,0
631,0,Vitamin_C,3155,0,0,1,107,211,313,427,529,636,734,845,952,1054,1157,1264,1360,1475,1571,1687,1793,1882,1982,2105,2195,2289,2399,2497,2624,2724,2819,2928,3043,3155,3023,2893,2766,2640,2530,2425,2309,2194,2082,1969,1867,1758,1638,1527,1411,1303,1200,1079,989,864,766,654,546,434,331,235,124,22,0,0,0
632,0,Vitamin_C,3166,0,0,0,111,213,319,426,528,631,730,848,949,1051,1162,1262,1363,1479,1587,1679,1782,1884,1997,2100,2197,2299,2397,2512,2634,2711,2816,2929,3057,3166,3017,2882,2761,2655,2537,2411,2305,2186,2089,1979,1849,1750,1632,1530,1424,1302,1200,1079,976,869,752,651,545,436,331,229,126,22,0,0,0
633,0,Vitamin_C,3165,0,0,4,115,215,317,430,528,634,747,848,950,1057,1158,1271,1372,1473,1584,1680,1792,1886,1990,2096,2193,2309,2405,2498,2608,2706,2829,2942,3050,3165,3011,2899,2774,2647,2530,2416,2310,2199,2075,1970,1855,1759,1654,1527,1422,1300,1199,1091,969,866,758,651,549,442,336,227,125,21,0,0,0
634,0,Vitamin_C,3170,0,0,12,108,216,324,429,528,636,735,846,953,1051,1157,1260,1375,1484,1583,1689,1787,1886,1999,2099,2194,2292,2403,2512,2611,2709,2829,2937,3056,3170,3014,2881,2762,2658,2538,2412,2299,2193,2097,1977,1856,1749,1647,1529,1421,1296,1184,1088,974,870,767,649,547,432,336,222,128,23,0,0,0
635,0,Vitamin_C,3178,0,0,11,112,221,321,432,535,640,740,846,945,1065,1159,1264,1370,1491,1584,1683,1783,1885,1999,2103,2193,2311,2396,2509,2614,2716,2827,2928,3043,3178,3025,2886,2753,2610,2531,2421,2300,2193,2082,1973,1866,1746,1645,1520,1424,1305,1199,1078,967,865,761,654,546,442,338,230,129,27,0,0,0
636,0,Vitamin_C,3167,0,0,9,109,214,320,429,538,628,741,848,946,1062,1157,1263,1373,1476,1586,1695,1796,1888,1985,2101,2207,2294,2391,2503,2623,2720,2821,2929,3049,3167,3025,2884,2768,2655,2533,2431,2309,2189,2083,1981,1866,1745,1637,1523,1418,1303,1194,1079,969,870,762,651,548,435,330,231,125,25,0,0,0
637,0,Vitamin_C,3159,0,0,7,112,215,314,419,534,641,737,841,945,1064,1163,1259,1364,1470,1589,1688,1789,1889,1997,2096,2208,2301,2397,2496,2607,2715,2832,2928,3051,3159,3029,2896,2762,2640,2521,2423,2316,2192,2080,1968,1863,1761,1648,1523,1418,1313,1200,1078,971,864,762,649,540,439,334,229,120,14,0,0,0
638,0,Vitamin_C,3164,0,0,2,113,209,320,425,531,635,741,848,955,1050,1163,1273,1373,1488,1579,1686,1783,1888,1991,2093,2195,2298,2395,2511,2615,2707,2817,2928,3055,3164,3003,2910,2759,2659,2535,2409,2303,2192,2094,1975,1866,1746,1636,1531,1426,1304,1200,1088,974,869,759,647,548,432,335,225,123,19,0,0,0
639,0,Vitamin_C,3170,0,0,11,109,213,323,422,528,638,752,852,958,1063,1154,1265,1390,1475,1584,1680,1786,1902,2000,2093,2192,2297,2406,2518,2609,2713,2817,2928,3054,3170,3011,2889,2758,2654,2527,2419,2301,2193,2067,1968,1862,1746,1639,1533,1423,1298,1190,1079,978,871,758,646,545,441,337,224,124,20,0,0,0
640,0,Vitamin_C,3167,0,0,9,107,215,321,432,538,631,740,846,955,1057,1161,1261,1366,1488,1589,1679,1789,1885,2001,2102,2192,2295,2402,2515,2615,2704,2816,2929,3058,3167,3018,2885,2768,2644,2540,2426,2302,2192,2079,1979,1866,1754,1647,1529,1420,1305,1193,1082,976,868,765,649,551,434,335,237,118,23,0,0,0
641,0,Vitamin_C,3162,0,0,9,112,218,317,430,541,639,738,851,953,1055,1162,1269,1370,1474,1582,1698,1793,1888,1986,2096,2198,2311,2396,2499,2607,2722,2825,2927,3046,3162,3030,2895,2759,2647,2528,2425,2315,2194,2086,1969,1872,1755,1631,1526,1419,1307,1200,1085,974,864,756,655,549,437,333,225,127,23,0,0,0
642,0,Vitamin_C,3165,0,0,7,117,221,315,432,535,646,747,848,944,1051,1160,1274,1380,1479,1586,1680,1795,1904,1995,2102,2203,2310,2406,2500,2617,2710,2834,2943,3046,3165,3010,2891,2779,2649,2533,2413,2311,2201,2090,1968,1869,1763,1648,1529,1424,1307,1197,1087,965,867,760,656,556,440,335,229,123,22,0,0,0
643,0,Vitamin_C,3173,0,0,7,111,215,321,427,533,634,739,848,954,1066,1163,1261,1367,1487,1588,1687,1792,1892,1991,2102,2201,2293,2393,2502,2619,2723,2818,2928,3045,3173,3026,2890,2767,2643,2537,2430,2303,2201,2085,1971,1868,1751,1640,1520,1426,1311,1189,1087,974,864,757,639,546,434,336,227,128,22,0,0,0
644,0,Vitamin_C,3168,0,0,14,113,217,322,432,533,635,740,848,958,1057,1165,1268,1375,1482,1585,1686,1790,1899,1997,2099,2192,2291,2402,2512,2624,2705,2818,2931,3056,3168,3010,2884,2753,2666,2537,2415,2295,2194,2095,1981,1859,1750,1638,1527,1423,1298,1199,1082,976,870,753,651,544,443,334,226,123,19,0,0,0
645,0,Vitamin_C,3157,0,0,1,116,215,324,431,532,645,746,843,949,1066,1168,1276,1360,1472,1593,1694,1781,1883,1990,2103,2208,2297,2391,2501,2609,2725,2829,2926,3053,3157,3024,2896,2767,2646,2526,2424,2310,2183,2085,1970,1850,1753,1642,1522,1415,1303,1200,1078,970,866,756,650,547,435,331,233,124,16,0,0,0
646,0,Vitamin_C,3165,0,0,7,112,220,323,432,532,638,748,850,955,1051,1160,1257,1378,1486,1582,1677,1790,1895,1999,2091,2194,2289,2412,2511,2606,2709,2817,2943,3058,3165,3017,2880,2768,2653,2528,2416,2303,2192,2087,1970,1856,1746,1635,1533,1424,1299,1190,1081,975,872,757,650,555,439,336,227,118,22,0,0,0
647,0,Vitamin_C,3170,0,0,6,108,218,320,429,533,637,736,853,955,1055,1159,1264,1374,1478,1584,1682,1792,1902,1995,2091,2199,2296,2399,2513,2606,2706,2819,2930,3057,3170,3015,2878,2756,2666,2544,2415,2298,2192,2091,1977,1853,1745,1643,1530,1424,1305,1187,1079,976,864,755,647,549,439,330,184,125,18,0,0,0
648,0,Vitamin_C,3157,0,0,10,115,215,324,429,537,648,742,848,950,1059,1168,1264,1371,1476,1591,1696,1780,1891,2007,2096,2208,2305,2404,2495,2607,2729,2832,2933,3045,3157,3025,2895,2759,2645,2528,2429,2320,2192,2085,1971,1860,1762,1640,1523,1419,1309,1201,1079,967,859,764,657,550,432,331,229,128,28,0,0,0
649,0,Vitamin_C,3159,0,0,10,116,211,322,431,540,641,737,845,949,1072,1167,1263,1365,1487,1589,1696,1782,1889,1997,2115,2203,2289,2398,2495,2607,2717,2829,2933,3054,3159,3027,2896,2768,2645,2528,2427,2310,2195,2085,1965,1862,1755,1642,1521,1424,1306,1198,1085,964,855,757,656,545,438,327,237,132,17,0,0,0
650,0,Vitamin_C,3169,0,0,16,112,211,321,432,541,639,739,848,951,1068,1163,1264,1366,1488,1587,1685,1787,1887,1971,2105,2194,2290,2399,2514,2622,2706,2822,2934,3056,3169,3007,2886,2755,2655,2538,2414,2302,2192,2096,1974,1846,1744,1645,1529,1425,1299,1196,1079,970,839,763,651,544,439,336,226,122,17,0,0,0
651,0,Vitamin_C,3158,0,0,9,110,219,323,423,531,640,743,848,949,1060,1162,1265,1360,1483,1584,1691,1795,1887,1994,2096,2200,2309,2399,2502,2610,2723,2829,2922,3050,3158,3027,2893,2747,2641,2535,2426,2310,2197,2085,1971,1861,1753,1637,1520,1410,1319,1200,1079,974,861,768,652,549,435,337,230,126,18,0,0,0
652,0,Vitamin_C,3172,0,0,0,103,219,330,432,535,638,738,855,949,1060,1158,1264,1375,1482,1595,1682,1787,1889,2000,2101,2195,2297,2383,2509,2615,2709,2816,2923,3054,3172,3009,2882,2763,2663,2539,2416,2305,2195,2095,1982,1856,1747,1646,1535,1423,1305,1195,1085,976,864,753,648,546,447,336,226,125,23,0,0,0
653,0,Vitamin_C,3158,0,0,10,116,220,323,430,530,640,743,848,950,1061,1168,1274,1379,1477,1579,1691,1798,1894,1991,2091,2195,2305,2415,2501,2611,2707,2832,2930,3056,3158,3011,2889,2774,2644,2527,2419,2304,2192,2081,1973,1858,1762,1651,1522,1411,1305,1197,1135,965,871,757,649,549,435,327,228,123,20,0,0,0
654,0,Vitamin_C,3150,0,0,3,112,218,328,427,532,640,749,851,947,1063,1156,1274,1376,1479,1585,1681,1796,1893,1987,2096,2190,2310,2415,2496,2612,2706,2832,2941,3038,3150,3017,2893,2769,2650,2529,2412,2318,2199,2086,1966,1862,1747,1650,1527,1414,1303,1194,1088,976,866,752,650,554,437,333,224,126,17,0,0,0
655,0,Vitamin_C,3172,0,0,28,114,218,327,432,535,634,739,854,956,1054,1165,1269,1365,1485,1586,1685,1788,1891,1998,2107,2193,2299,2401,2510,2624,2703,2821,2926,3058,3172,3011,2887,2761,2655,2543,2416,2304,2192,2092,1981,1865,1753,1635,1533,1424,1303,1189,1074,972,863,752,649,542,431,338,229,123,18,0,0,0
656,0,Vitamin_C,3173,0,0,8,115,219,321,432,532,640,743,850,953,1065,1164,1265,1363,1479,1590,1697,1794,1888,1994,2099,2203,2301,2398,2497,2623,2730,2817,2930,3050,3173,3016,2881,2751,2651,2537,2423,2304,2189,2079,1979,1861,1744,1630,1526,1421,1307,1192,1079,972,865,757,643,544,432,330,224,126,16,0,0,0
657,0,Vitamin_C,3155,0,0,7,112,224,321,427,540,651,749,847,947,1066,1165,1264,1365,1478,1591,1698,1795,1888,1984,2108,2209,2291,2402,2508,2605,2721,2813,2928,3044,3155,3024,2894,2763,2640,2521,2427,2313,2195,2082,1968,1869,1754,1640,1526,1415,1303,1194,1078,965,861,754,647,530,432,326,231,128,19,0,0,0
658,0,Vitamin_C,3167,0,0,10,111,217,323,432,542,636,743,846,958,1067,1163,1271,1365,1488,1589,1685,1795,1894,2000,2105,2191,2297,2401,2508,2624,2723,2814,2931,3044,3167,3022,2886,2763,2638,2543,2419,2299,2195,2082,1981,1857,1749,1637,1520,1417,1301,1186,1078,974,870,759,647,544,432,333,231,125,17,0,0,0
659,0,Vitamin_C,3170,0,0,10,113,219,328,431,546,645,739,848,957,1066,1168,1270,1369,1483,1600,1690,1793,1895,2000,2106,2194,2298,2398,2499,2614,2727,2817,2928,3040,3170,3025,2881,2759,2648,2544,2423,2303,2208,2090,1981,1867,1744,1638,1525,1412,1307,1189,1079,967,865,753,651,545,429,336,225,124,28,0,0,0
660,0,Vitamin_C,3169,0,0,13,112,214,318,432,544,635,739,848,959,1061,1165,1267,1373,1483,1600,1686,1791,1887,1999,2110,2192,2298,2401,2511,2629,2704,2818,2929,3059,3169,3014,2880,2762,2647,2538,2405,2302,2192,2076,1978,1858,1746,1638,1522,1424,1307,1187,1087,961,868,757,646,545,433,336,225,120,18,0,0,0
661,0,Vitamin_C,3174,0,0,7,113,216,327,427,538,639,739,849,953,1067,1168,1263,1375,1482,1590,1683,1790,1891,1999,2102,2193,2303,2397,2499,2618,2718,2819,2921,3036,3174,3024,2879,2765,2650,2544,2423,2304,2190,2079,1963,1861,1750,1638,1520,1419,1298,1195,1078,966,863,754,643,545,434,335,227,123,21,0,0,0
662,0,Vitamin_C,3161,0,0,11,107,232,328,430,536,643,748,851,951,1066,1168,1270,1372,1479,1584,1696,1794,1891,1987,2094,2211,2307,2395,2503,2609,2726,2830,2928,3041,3161,3024,2889,2755,2646,2524,2429,2304,2192,2082,1966,1869,1756,1623,1523,1420,1307,1199,1081,971,863,758,656,547,436,335,227,123,23,0,0,0
663,0,Vitamin_C,3171,0,0,9,123,217,319,428,538,632,743,851,954,1062,1162,1270,1375,1484,1596,1697,1788,1895,1993,2101,2204,2302,2399,2512,2617,2723,2812,2929,3049,3171,3029,2889,2768,2640,2538,2421,2295,2191,2086,1968,1866,1757,1636,1521,1419,1310,1201,1083,960,874,763,656,544,433,336,225,128,20,0,0,0
664,0,Vitamin_C,3159,0,0,14,114,218,321,432,530,638,752,850,955,1056,1167,1279,1377,1488,1584,1683,1786,1903,1999,2096,2201,2300,2407,2509,2608,2715,2819,2938,3043,3159,3024,2883,2768,2650,2523,2415,2295,2197,2092,1964,1854,1745,1653,1531,1410,1302,1184,1083,973,873,754,647,541,434,336,224,155,21,0,0,0
665,0,Vitamin_C,3159,0,0,15,112,219,326,432,535,642,747,846,948,1070,1169,1265,1375,1486,1599,1699,1791,1893,1996,2095,2210,2293,2400,2509,2611,2725,2831,2931,3046,3159,3027,2896,2766,2645,2519,2419,2304,2190,2078,1967,1868,1759,1647,1520,1408,1310,1200,1078,965,852,762,656,552,435,337,229,121,16,0,0,0
666,0,Vitamin_C,3158,0,0,14,114,217,323,428,555,641,746,852,949,1063,1174,1276,1373,1481,1587,1707,1801,1889,1998,2102,2212,2314,2405,2499,2608,2724,2832,2934,3051,3158,3024,2896,2762,2640,2526,2421,2317,2185,2085,1969,1869,1757,1635,1525,1417,1310,1196,1075,966,857,752,647,549,434,326,231,109,19,0,0,0
667,0,Vitamin_C,3171,0,0,9,112,220,320,433,542,641,745,846,961,1072,1168,1264,1365,1485,1597,1693,1785,1895,2002,2109,2199,2304,2401,2518,2622,2724,2825,2930,3067,3171,3019,2881,2765,2650,2531,2408,2301,2189,2079,1970,1870,1745,1639,1527,1424,1307,1196,1082,976,867,758,643,549,432,336,229,115,21,0,0,0
668,0,Vitamin_C,3171,0,0,2,113,220,330,432,542,640,745,848,957,1057,1166,1264,1370,1487,1590,1683,1795,1890,2000,2105,2198,2304,2398,2512,2625,2715,2819,2934,3058,3171,3019,2882,2762,2656,2535,2409,2299,2194,2093,1975,1850,1749,1639,1533,1419,1296,1187,1085,970,863,752,645,547,437,336,231,125,22,0,0,0
669,0,Vitamin_C,3159,0,0,11,118,225,334,433,542,644,745,863,959,1057,1169,1270,1376,1483,1584,1685,1795,1903,2002,2097,2204,2299,2400,2510,2611,2711,2821,2945,3061,3159,3019,2890,2769,2657,2531,2417,2299,2194,2089,1967,1860,1747,1646,1534,1414,1296,1197,1081,967,864,761,652,547,437,336,227,119,20,0,0,0
670,0,Vitamin_C,3155,0,0,13,117,219,330,432,535,638,745,857,964,1054,1169,1266,1382,1488,1586,1685,1787,1907,2000,2096,2195,2291,2413,2515,2611,2720,2818,2941,3056,3155,3005,2885,2771,2654,2524,2415,2302,2199,2096,1968,1855,1744,1650,1531,1424,1301,1191,1083,975,869,756,652,542,436,336,225,119,22,0,0,0
671,0,Vitamin_C,3163,0,0,14,115,217,326,430,534,640,742,852,960,1062,1165,1268,1381,1488,1588,1701,1794,1899,1997,2106,2201,2303,2421,2512,2595,2718,2816,2943,3056,3163,3009,2880,2772,2657,2527,2410,2309,2202,2096,1968,1858,1745,1641,1531,1421,1300,1193,1083,974,868,752,646,544,445,334,225,123,17,0,0,0
672,0,Vitamin_C,3157,0,0,11,118,227,332,432,546,650,745,854,950,1068,1174,1257,1370,1481,1584,1701,1799,1898,1995,2102,2214,2311,2400,2504,2613,2724,2832,2928,3046,3157,3025,2863,2762,2641,2533,2422,2313,2190,2087,1968,1872,1751,1644,1520,1422,1315,1198,1079,976,858,763,657,546,432,332,225,122,20,0,0,0
673,0,Vitamin_C,3166,0,0,13,122,222,325,430,543,639,749,830,958,1068,1167,1274,1370,1490,1584,1689,1791,1891,2000,2096,2195,2298,2403,2512,2625,2720,2830,2932,3056,3166,3026,2882,2763,2645,2535,2422,2301,2192,2089,1978,1861,1744,1637,1527,1424,1309,1200,1085,973,863,759,648,539,438,334,228,124,16,0,0,0
674,0,Vitamin_C,3175,0,0,5,113,219,329,432,539,640,750,850,954,1062,1161,1274,1375,1488,1600,1697,1799,1892,2003,2112,2199,2299,2402,2512,2621,2715,2813,2932,3059,3175,3011,2882,2758,2660,2535,2416,2304,2186,2094,1975,1857,1754,1641,1527,1424,1308,1194,1077,972,866,763,651,541,430,336,229,140,16,0,0,0
675,0,Vitamin_C,3172,0,0,9,112,310,320,435,546,638,739,851,964,1072,1169,1271,1371,1512,1599,1691,1789,1891,1998,2112,2201,2298,2399,2499,2622,2714,2823,2930,3061,3172,3012,2888,2768,2645,2530,2425,2302,2192,2080,1971,1863,1741,1643,1523,1422,1309,1194,1079,970,871,763,648,549,433,334,227,119,13,0,0,0
676,0,Vitamin_C,3168,0,0,16,125,223,330,438,546,651,753,848,955,1067,1173,1278,1377,1486,1591,1696,1809,1895,1984,2107,2205,2318,2417,2512,2620,2723,2832,2949,3056,3168,3013,2896,2773,2653,2528,2415,2313,2206,2086,1968,1862,1761,1647,1533,1419,1298,1200,1094,976,878,752,657,554,438,329,230,128,19,0,0,0
677,0,Vitamin_C,3179,0,0,15,112,220,324,432,543,652,748,850,959,1072,1168,1275,1367,1488,1600,1701,1797,1895,1991,2112,2213,2310,2399,2507,2627,2727,2822,2938,3056,3179,3029,2890,2769,2650,2537,2423,2303,2189,2087,1969,1871,1753,1637,1530,1418,1311,1200,1087,968,867,758,656,543,434,329,230,128,24,0,0,0
678,0,Vitamin_C,3163,0,0,10,123,218,333,431,529,645,745,854,955,1067,1168,1273,1378,1481,1595,1698,1793,1889,1987,2115,2208,2298,2401,2506,2609,2734,2831,2939,3053,3163,3033,2896,2768,2644,2527,2422,2318,2189,2082,1966,1870,1756,1641,1524,1417,1310,1202,1083,970,862,759,646,546,432,330,231,128,18,0,0,0
679,0,Vitamin_C,3173,0,0,16,115,221,334,433,536,649,761,850,965,1063,1153,1275,1391,1492,1558,1692,1790,1899,2006,2114,2203,2302,2405,2519,2625,2717,2823,2939,3059,3173,3019,2888,2768,2672,2544,2417,2307,2194,2091,1973,1856,1758,1635,1535,1427,1314,1189,1088,975,871,752,650,553,443,327,231,120,19,0,0,0
680,0,Vitamin_C,3175,0,0,16,118,223,333,430,543,641,747,853,963,1072,1168,1279,1379,1479,1602,1702,1802,1891,1988,2112,2210,2303,2406,2500,2624,2729,2825,2935,3047,3175,3027,2889,2763,2651,2544,2427,2301,2192,2096,1973,1872,1745,1643,1525,1424,1307,1193,1072,976,865,767,652,547,437,336,227,111,19,0,0,0
681,0,Vitamin_C,3170,0,0,15,121,224,326,434,556,705,751,854,961,1072,1168,1267,1372,1493,1599,1691,1795,1891,2000,2112,2198,2295,2405,2511,2626,2728,2821,2928,3049,3170,3025,2886,2761,2651,2538,2428,2302,2191,2090,1975,1863,1734,1638,1524,1422,1307,1190,1087,966,866,757,645,548,434,334,226,126,17,0,0,0
682,0,Vitamin_C,3175,0,0,14,116,222,321,432,544,644,752,858,967,1072,1168,1267,1374,1502,1652,1692,1799,1899,2000,2113,2215,2301,2402,2507,2623,2731,2817,2935,3051,3175,3025,2887,2765,2649,2539,2420,2300,2192,2092,1974,1863,1746,1644,1527,1427,1303,1195,1088,972,866,767,646,546,432,336,219,119,25,0,0,0
683,0,Vitamin_C,3178,0,0,11,112,227,323,439,538,647,743,853,961,1062,1166,1275,1375,1485,1601,1697,1786,1894,2006,2102,2202,2305,2401,2512,2626,2711,2820,2934,3063,3178,3018,2891,2766,2659,2535,2416,2304,2193,2094,1981,1857,1745,1637,1534,1421,1305,1200,1077,957,865,755,645,539,433,337,231,130,16,0,0,0
684,0,Vitamin_C,3174,0,0,13,118,212,331,431,542,646,749,848,956,1074,1172,1279,1377,1483,1598,1706,1795,1901,1993,2112,2215,2302,2405,2505,2623,2735,2825,2928,3049,3174,3024,2879,2768,2647,2543,2423,2300,2191,2077,1981,1899,1756,1640,1523,1410,1310,1201,1087,967,863,758,654,550,443,329,233,128,16,0,0,0
685,0,Vitamin_C,3157,0,0,16,122,217,327,432,542,645,746,848,956,1083,1168,1276,1373,1482,1600,1702,1791,1895,1998,2109,2208,2312,2400,2509,2630,2733,2823,2928,3048,3157,3024,2878,2762,2642,2526,2429,2318,2195,2080,1963,1865,1754,1641,1522,1413,1309,1200,1078,978,863,753,653,544,436,329,231,125,24,0,0,0
686,0,Vitamin_C,3166,0,0,8,112,225,324,432,535,646,751,860,959,1069,1163,1278,1385,1482,1586,1691,1803,1904,2009,2101,2207,2303,2410,2501,2611,2710,2832,2941,3050,3166,2977,2882,2774,2653,2523,2416,2299,2188,2085,1967,1862,1748,1642,1520,1415,1298,1200,1091,966,863,759,650,547,440,335,224,124,20,0,0,0
687,0,Vitamin_C,3159,0,0,16,114,223,332,432,539,644,752,859,957,1059,1169,1286,1383,1483,1595,1698,1807,1903,1988,2098,2202,2314,2418,2505,2619,2718,2821,2941,3056,3159,3022,2889,2772,2659,2530,2414,2304,2199,2095,1965,1857,1749,1648,1535,1412,1285,1197,1088,969,865,761,651,548,441,334,232,123,19,0,0,0
688,0,Vitamin_C,3162,0,0,13,116,223,330,429,535,653,753,856,960,1061,1166,1280,1380,1484,1594,1691,1808,1904,1997,2097,2210,2309,2410,2511,2618,2716,2833,2944,3045,3162,3022,2895,2773,2647,2522,2417,2311,2197,2079,1967,1859,1762,1643,1520,1419,1302,1203,1081,970,854,755,643,553,440,322,226,117,25,0,0,0
689,0,Vitamin_C,3175,0,0,15,117,225,331,438,544,641,743,848,961,1070,1168,1266,1377,1494,1599,1691,1794,1894,1994,2109,2203,2297,2408,2506,2624,2710,2819,2934,3054,3175,3027,2880,2759,2641,2534,2421,2304,2195,2083,1971,1865,1751,1644,1520,1421,1305,1190,1078,964,864,764,644,546,433,335,229,131,21,0,0,0
690,0,Vitamin_C,3169,0,0,14,128,224,325,418,542,651,750,849,961,1068,1175,1265,1376,1483,1598,1699,1795,1902,1995,2111,2217,2303,2408,2515,2631,2727,2815,2931,3055,3169,3011,2882,2767,2657,2541,2429,2303,2191,2079,1923,1866,1758,1637,1522,1412,1304,1198,1079,964,861,761,651,541,436,333,230,125,16,0,0,0
691,0,Vitamin_C,3165,0,0,16,114,219,335,432,545,649,748,850,956,1072,1174,1279,1377,1488,1594,1700,1803,1895,1996,2098,2215,2310,2409,2496,2608,2730,2833,2935,3053,3165,3024,2896,2768,2640,2527,2425,2311,2196,2086,1969,1914,1760,1633,1520,1413,1305,1196,1085,963,862,754,656,542,439,333,223,128,22,0,0,0
692,0,Vitamin_C,3175,0,0,6,113,223,330,439,541,642,752,853,960,1058,1171,1268,1375,1483,1586,1695,1803,1901,1998,2111,2203,2294,2406,2513,2622,2722,2818,2942,3062,3175,3011,2885,2759,2654,2541,2416,2309,2196,2110,1977,1862,1745,1616,1529,1422,1303,1190,1081,976,866,753,640,540,439,335,225,126,15,0,0,0
693,0,Vitamin_C,3157,0,0,16,119,230,336,436,579,643,757,859,959,1070,1164,1283,1392,1488,1595,1699,1804,1911,2002,2107,2205,2311,2416,2519,2617,2718,2837,2947,3063,3157,3019,2887,2771,2663,2531,2414,2304,2207,2094,1971,1859,1747,1649,1535,1423,1299,1196,1092,979,859,759,651,547,437,331,230,124,17,0,0,0
694,0,Vitamin_C,3178,0,0,17,122,226,325,435,541,647,751,854,971,1070,1168,1279,1380,1498,1600,1693,1801,1899,2011,2112,2198,2302,2413,2519,2624,2721,2821,2934,3055,3178,3017,2887,2770,2649,2544,2419,2304,2195,2087,1973,1863,1753,1643,1525,1425,1301,1200,1083,972,869,758,653,548,439,335,226,117,18,0,0,0
695,0,Vitamin_C,3173,0,0,7,122,224,329,441,546,647,747,855,965,1069,1166,1276,1381,1488,1602,1710,1801,1903,2000,2111,2179,2307,2407,2510,2630,2725,2820,2930,3056,3173,3035,2886,2768,2641,2541,2342,2300,2182,2085,1974,1867,1756,1635,1535,1424,1307,1196,1088,969,850,755,656,545,436,336,233,119,24,0,0,0
696,0,Vitamin_C,3165,0,0,11,115,220,321,428,539,642,753,848,950,1070,1168,1277,1382,1485,1586,1695,1807,1903,2003,2101,2202,2315,2407,2510,2559,2720,2833,2943,3053,3165,3014,2899,2778,2650,2531,2411,2312,2202,2079,1966,1855,1754,1657,1535,1417,1298,1190,1079,963,864,762,651,547,438,332,223,112,19,0,0,0
697,0,Vitamin_C,3162,0,0,16,112,219,336,434,539,645,747,858,958,1064,1179,1277,1379,1489,1590,1695,1791,1904,2009,2095,2200,2305,2416,2521,2615,2702,2822,2935,3062,3162,3019,2886,2759,2657,2542,2413,2305,2192,2089,1975,1854,1750,1637,1534,1419,1299,1195,1081,974,866,750,636,542,439,333,220,123,17,0,0,0
698,0,Vitamin_C,3162,0,0,16,123,227,328,435,544,655,759,849,959,1072,1175,1328,1378,1487,1595,1703,1805,1900,2000,2110,2222,2318,2391,2512,2618,2731,2839,2942,3055,3162,3031,2898,2768,2647,2532,2425,2314,2192,2089,1968,1858,1761,1643,1529,1407,1296,1189,1091,976,866,753,656,544,438,331,229,125,20,0,0,0
699,0,Vitamin_C,3171,0,0,21,111,225,326,432,543,640,749,850,959,1072,1168,1270,1373,1485,1600,1706,1801,1898,1990,2118,2214,2301,2411,2507,2624,2722,2819,2930,3051,3171,3029,2887,2763,2647,2527,2417,2300,2192,2087,1975,1862,1747,1642,1521,1415,1309,1175,1075,976,868,761,643,545,432,334,224,126,17,0,0,0
700,0,Vitamin_C,3165,0,0,16,117,227,324,437,536,653,757,848,959,1070,1168,1278,1376,1490,1597,1693,1815,1904,2000,2110,2204,2317,2417,2499,2614,2722,2832,2941,3051,3165,3018,2900,2775,2646,2533,2413,2315,2202,2081,1967,1856,1749,1644,1525,1417,1298,1200,1089,968,866,756,650,549,430,331,227,114,48,0,0,0
701,0,Vitamin_C,3164,0,0,16,120,225,326,465,543,640,752,855,961,1072,1170,1275,1379,1488,1600,1690,1795,1902,1998,2115,2215,2301,2407,2510,2623,2731,2830,2932,3050,3164,3024,2882,2762,2642,2544,2435,2290,2188,2083,1973,1860,1746,1644,1520,1417,1303,1195,1078,964,865,761,651,539,438,335,224,120,15,0,0,0
702,0,Vitamin_C,3177,0,0,5,115,224,327,433,544,643,743,849,960,1059,1162,1271,1382,1488,1594,1691,1804,1897,2009,2118,2207,2301,2404,2521,2624,2715,2813,2930,3047,3177,3013,2873,2768,2653,2543,2409,2301,2193,2089,1971,1857,1747,1639,1535,1422,1299,1187,1063,977,863,755,652,546,429,336,216,124,16,0,0,0
703,0,Vitamin_C,3172,0,0,16,115,223,322,434,542,651,740,848,975,1067,1167,1277,1366,1488,1600,1697,1794,1901,2000,2112,2206,2304,2409,2512,2623,2713,2823,2934,3059,3172,3018,2882,2775,2654,2542,2415,2298,2190,2087,1969,1849,1750,1642,1520,1422,1298,1182,1088,963,867,756,645,535,434,333,227,112,20,0,0,0
704,0,Vitamin_C,3180,0,0,16,115,223,323,437,547,642,750,854,960,1069,1169,1274,1371,1488,1590,1700,1792,1895,1999,2113,2217,2309,2407,2514,2627,2721,2819,2929,3055,3180,3025,2880,2762,2649,2533,2423,2307,2190,2085,1984,1870,1744,1639,1519,1421,1303,1189,1073,964,853,759,654,548,436,336,230,126,23,0,0,0
705,0,Vitamin_C,3173,0,0,16,127,218,331,434,544,647,751,849,961,1072,1168,1280,1387,1488,1599,1699,1799,1894,2000,2117,2222,2291,2399,2511,2622,2731,2827,2934,3050,3173,3024,2885,2767,2650,2543,2416,2307,2191,2077,1983,1862,1752,1641,1529,1423,1310,1186,1082,967,864,757,649,557,430,325,230,122,20,0,0,0
706,0,Vitamin_C,3171,0,0,0,122,214,295,444,554,641,767,853,958,1071,1153,1266,1369,1478,1602,1703,1794,1900,2000,2110,2215,2301,2402,2507,2635,2709,2804,2934,3050,3171,3022,2880,2749,2646,2544,2422,2293,2192,2081,1975,1861,1744,1641,1516,1410,1301,1187,1075,957,855,765,641,537,434,332,221,126,3,0,0,0
707,0,Vitamin_C,3171,0,0,7,117,224,324,433,542,650,751,861,961,1072,1166,1276,1373,1489,1599,1695,1795,1894,2000,2112,2195,2302,2402,2514,2626,2715,2825,2930,3056,3171,3001,2885,2758,2654,2542,2416,2302,2192,2091,1967,1856,1735,1641,1527,1409,1296,1196,1073,970,867,756,643,544,432,350,225,121,16,0,0,0
708,0,Vitamin_C,3154,0,0,16,124,223,333,433,549,647,752,848,951,1069,1168,1271,1377,1482,1598,1700,1792,1897,1995,2112,2218,2305,2411,2512,2611,2723,2820,2939,3051,3154,3023,2894,2759,2640,2524,2407,2303,2187,2082,1968,1860,1754,1638,1521,1417,1301,1195,1076,969,860,762,653,545,433,330,224,122,16,0,0,0
709,0,Vitamin_C,3165,0,0,15,120,219,329,428,547,647,752,855,959,1072,1170,1274,1373,1488,1603,1707,1799,1894,1999,2113,2211,2296,2402,2501,2611,2723,2832,2932,3053,3165,3041,2895,2765,2640,2529,2427,2310,2189,2084,1967,1858,1757,1636,1520,1407,1314,1190,1078,960,870,757,647,546,434,337,236,121,6,0,0,0
710,0,Vitamin_C,3162,0,0,16,115,218,325,432,545,645,741,857,960,1075,1171,1274,1377,1487,1590,1714,1792,1899,2001,2102,2218,2309,2405,2512,2615,2726,2832,2930,3056,3162,3026,2896,2761,2643,2526,2422,2311,2183,2086,1968,1861,1751,1633,1524,1413,1305,1200,1081,969,865,758,645,544,439,322,229,121,14,0,0,0
711,0,Vitamin_C,3153,0,0,16,121,219,322,434,540,651,747,849,959,1072,1170,1270,1375,1482,1584,1699,1793,1899,1995,2105,2215,2303,2407,2511,2609,2729,2819,2934,3045,3153,3025,2890,2760,2646,2527,2423,2311,2192,2079,1965,1865,1756,1643,1520,1414,1309,1195,1081,963,861,752,650,543,432,325,219,123,2,0,0,0
712,0,Vitamin_C,3188,0,0,10,115,217,333,434,539,643,742,852,961,1069,1168,1270,1377,1494,1598,1693,1795,1900,2000,2138,2193,2303,2413,2515,2619,2715,2819,2929,3066,3188,3013,2879,2757,2662,2542,2415,2304,2192,2096,1974,1854,1744,1635,1531,1422,1296,1190,1081,970,867,752,647,547,432,329,225,118,20,0,0,0
713,0,Vitamin_C,3162,0,0,21,119,226,329,438,542,650,745,856,957,1072,1172,1275,1376,1479,1600,1707,1795,1895,1998,2108,2211,2308,2402,2511,2611,2724,2832,2930,3049,3162,3024,2893,2752,2640,2531,2432,2314,2192,2085,1969,1863,1759,1641,1523,1409,1309,1193,1084,972,855,747,656,556,432,332,234,121,12,0,0,0
714,0,Vitamin_C,3175,0,0,13,123,219,333,439,544,644,752,859,967,1066,1168,1269,1385,1489,1598,1697,1806,1907,1984,2099,2206,2305,2407,2523,2621,2715,2826,2933,3058,3175,3022,2890,2754,2659,2541,2415,2301,2188,2094,1968,1859,1746,1646,1531,1424,1295,1189,1073,971,862,747,642,544,439,335,227,120,17,0,0,0
715,0,Vitamin_C,3170,0,0,16,123,223,327,437,534,647,749,854,965,1081,1168,1276,1376,1487,1603,1692,1798,1896,1969,2112,2215,2302,2405,2497,2611,2742,2826,2931,3018,3170,3024,2883,2761,2644,2544,2432,2302,2195,2085,1974,1871,1745,1630,1506,1423,1309,1189,1078,967,863,753,644,538,432,329,219,123,39,0,0,0
716,0,Vitamin_C,3178,0,0,16,117,221,332,434,550,646,752,849,963,1070,1168,1274,1377,1488,1597,1696,1794,1898,1999,2107,2201,2304,2410,2517,2627,2710,2823,2931,3059,3178,3008,2883,2762,2659,2542,2409,2301,2187,2082,1971,1867,1735,1638,1520,1415,1296,1191,1079,961,871,755,655,537,433,335,223,121,16,0,0,0
717,0,Vitamin_C,3174,0,0,25,123,215,335,435,546,645,747,860,963,1067,1163,1275,1379,1488,1594,1691,1792,1911,2003,2103,2218,2304,2406,2513,2612,2719,2817,2932,3058,3174,3014,2881,2768,2661,2542,2416,2306,2191,2084,1971,1847,1741,1637,1531,1421,1295,1185,1074,969,866,752,643,541,433,331,224,112,18,0,0,0
718,0,Vitamin_C,3163,0,0,15,118,221,326,432,547,642,788,863,956,1069,1169,1274,1375,1483,1600,1702,1795,1904,1998,2117,2212,2298,2400,2510,2618,2731,2825,2929,3050,3163,3025,2891,2758,2648,2523,2421,2315,2187,2080,1964,1859,1747,1641,1520,1411,1305,1197,1083,960,858,754,651,545,433,320,226,119,35,0,0,0
719,0,Vitamin_C,3155,0,0,21,112,223,329,433,539,646,747,858,962,1048,1169,1280,1384,1490,1593,1701,1796,1905,2001,2102,2195,2307,2416,2522,2619,2717,2818,2943,3061,3155,3013,2883,2762,2672,2539,2410,2304,2190,2093,1972,1854,1744,1644,1521,1423,1294,1185,1076,976,866,752,649,541,435,331,224,112,19,0,0,0
720,0,Vitamin_C,3170,0,0,0,111,219,331,437,541,638,752,855,961,1079,1165,1267,1379,1485,1589,1689,1790,1897,2001,2098,2210,2303,2402,2510,2629,2731,2821,2928,3047,3170,3024,2889,2761,2641,2535,2422,2300,2192,2085,1971,1858,1744,1636,1522,1423,1302,1197,1077,961,862,754,640,545,430,332,225,115,18,0,0,0
721,0,Vitamin_C,3159,0,0,17,123,216,328,433,545,650,751,857,961,1061,1177,1278,1380,1488,1595,1709,1802,1894,2000,2098,2222,2309,2411,2503,2608,2724,2832,2934,3051,3159,3031,2896,2762,2645,2519,2422,2309,2189,2077,1955,1861,1757,1639,1520,1414,1303,1195,1077,967,857,752,653,549,430,329,229,125,22,0,0,0
722,0,Vitamin_C,3158,0,0,16,122,225,326,434,547,650,752,855,961,1069,1171,1279,1371,1488,1596,1707,1809,1893,1998,2099,2211,2317,2404,2511,2608,2736,2832,2931,3051,3158,3026,2890,2759,2642,2524,2423,2309,2187,2082,1966,1859,1750,1635,1520,1411,1296,1199,1078,966,855,752,651,540,432,324,223,119,17,0,0,0
723,0,Vitamin_C,3167,0,0,7,121,223,334,432,543,640,745,856,963,1070,1168,1275,1382,1490,1595,1696,1796,1904,2005,2097,2199,2297,2407,2516,2624,2715,2827,2932,3061,3167,3016,2883,2765,2655,2533,2411,2303,2176,2085,1970,1848,1748,1639,1529,1418,1294,1197,1081,965,864,749,646,548,432,330,210,112,14,0,0,0
724,0,Vitamin_C,3170,0,0,15,120,224,323,435,538,639,739,849,963,1072,1167,1273,1379,1489,1602,1694,1795,1895,1991,2098,2205,2303,2407,2506,2628,2714,2821,2929,3047,3170,3013,2883,2757,2650,2538,2410,2304,2192,2078,1977,1865,1743,1641,1519,1424,1298,1186,1072,964,862,759,647,543,430,336,222,114,16,0,0,0
725,0,Vitamin_C,3173,0,0,16,122,227,324,432,549,649,757,851,959,1073,1167,1273,1382,1487,1600,1706,1799,1895,1999,2112,2209,2304,2403,2500,2624,2721,2822,2921,3051,3173,3024,2879,2763,2645,2539,2422,2302,2192,2080,1974,1863,1747,1637,1519,1419,1299,1181,1081,964,863,752,647,531,431,322,224,123,16,0,0,0
726,0,Vitamin_C,3174,0,0,6,115,223,332,438,541,641,752,848,966,1066,1168,1270,1377,1488,1602,1691,1798,1899,2009,2113,2208,2302,2403,2513,2627,2739,2817,2933,3062,3174,3009,2885,2764,2656,2531,2413,2290,2193,2084,1968,1851,1753,1634,1522,1416,1296,1186,1072,966,866,752,647,535,431,327,229,122,16,0,0,0
727,0,Vitamin_C,3155,0,0,11,114,219,329,432,542,640,750,858,955,1063,1175,1278,1379,1488,1598,1707,1808,1901,2001,2092,2217,2318,2398,2513,2619,2723,2832,2932,3045,3155,3026,2895,2766,2646,2519,2422,2306,2193,2078,1959,1863,1747,1634,1520,1408,1302,1195,1073,962,853,754,645,541,433,327,223,122,16,0,0,0
728,0,Vitamin_C,3170,0,0,13,121,220,335,432,539,638,749,857,964,1070,1164,1280,1382,1491,1600,1693,1795,1898,2011,2113,2207,2303,2407,2518,2624,2715,2822,2928,3058,3170,3013,2881,2759,2653,2537,2416,2295,2190,2087,1975,1847,1744,1635,1529,1415,1296,1193,1083,975,861,750,645,547,431,330,215,121,13,0,0,0
729,0,Vitamin_C,3170,0,0,13,118,219,332,435,544,640,745,849,959,1071,1171,1268,1371,1488,1601,1700,1793,1889,1996,2111,2214,2319,2403,2507,2610,2712,2816,2927,3047,3170,3022,2879,2764,2641,2527,2423,2295,2189,2087,1975,1864,1745,1638,1520,1418,1303,1190,1076,960,861,752,641,542,432,327,221,124,20,0,0,0
730,0,Vitamin_C,3173,0,0,11,114,222,327,436,549,640,749,860,960,1071,1168,1275,1377,1497,1597,1687,1797,1895,2006,2110,2205,2307,2405,2512,2622,2711,2818,2930,3046,3173,3008,2877,2758,2663,2530,2409,2294,2190,2074,1974,1847,1744,1642,1521,1419,1289,1188,1082,960,869,752,647,541,432,332,222,110,11,0,0,0
731,0,Vitamin_C,3175,0,0,16,117,224,327,432,535,654,753,858,959,1071,1172,1278,1381,1488,1581,1703,1808,1897,1995,2105,2190,2291,2411,2505,2618,2736,2839,2938,3050,3175,3028,2896,2762,2651,2527,2416,2311,2192,2079,1964,1847,1753,1645,1519,1426,1296,1197,1087,963,861,754,647,545,433,329,214,121,17,0,0,0
732,0,Vitamin_C,3159,0,0,14,117,227,327,431,541,649,752,857,960,1072,1177,1280,1375,1486,1594,1697,1801,1897,1998,2110,2214,2299,2404,2510,2610,2714,2823,2928,3051,3159,3040,2895,2759,2640,2527,2421,2305,2191,2081,1959,1862,1749,1633,1520,1413,1306,1190,1085,970,863,763,650,535,432,323,223,113,18,0,0,0
733,0,Vitamin_C,3158,0,0,13,114,219,327,432,545,646,747,853,961,1063,1169,1274,1389,1492,1593,1691,1808,1905,2000,2108,2203,2307,2409,2515,2608,2719,2825,2949,3060,3158,3012,2881,2758,2661,2517,2407,2298,2188,2091,1972,1848,1745,1632,1527,1407,1296,1185,1074,970,864,751,647,541,435,331,220,116,15,0,0,0
734,0,Vitamin_C,3169,0,0,16,121,226,327,436,545,643,752,851,963,1071,1170,1280,1381,1489,1604,1680,1799,1897,2000,2111,2202,2309,2415,2518,2626,2718,2819,2934,3060,3169,3021,2880,2753,2652,2539,2413,2302,2185,2084,1972,1855,1747,1639,1517,1422,1296,1189,1079,976,861,755,639,539,429,322,228,113,17,0,0,0
735,0,Vitamin_C,3163,0,0,13,119,223,322,431,550,647,750,855,957,1063,1173,1269,1377,1486,1591,1707,1802,1904,2000,2032,2218,2309,2401,2499,2609,2729,2832,2928,3047,3163,3029,2891,2759,2644,2518,2420,2307,2181,2082,1966,1861,1755,1634,1521,1414,1298,1191,1085,966,861,755,647,539,432,329,224,118,19,0,0,0
736,0,Vitamin_C,3173,0,0,12,120,222,330,433,546,643,748,854,954,1072,1163,1275,1376,1488,1594,1702,1792,1902,1992,2112,2213,2310,2401,2507,2624,2718,2818,2932,3041,3173,3026,2880,2769,2641,2537,2417,2302,2192,2082,1961,1857,1740,1636,1521,1421,1297,1200,1079,963,869,752,640,538,427,287,226,117,16,0,0,0
737,0,Vitamin_C,3163,0,0,16,134,227,329,434,545,640,746,861,966,1072,1171,1281,1385,1494,1587,1695,1798,1902,2013,2106,2203,2303,2418,2513,2599,2718,2829,2950,3060,3163,3015,2876,2775,2654,2525,2409,2300,2187,2095,1969,1856,1746,1641,1523,1426,1294,1136,1081,972,865,755,655,546,441,334,226,121,31,0,0,0
738,0,Vitamin_C,3159,0,0,16,118,219,330,434,545,648,761,853,955,1061,1171,1281,1375,1487,1524,1699,1804,1907,2002,2102,2203,2317,2418,2508,2610,2717,2832,2946,3051,3159,3014,2894,2781,2647,2529,2411,2306,2205,2080,1963,1855,1750,1641,1520,1413,1303,1190,1081,965,857,757,639,544,431,326,223,116,13,0,0,0
739,0,Vitamin_C,3161,0,0,7,116,225,331,441,546,646,754,855,958,1072,1171,1274,1377,1484,1596,1699,1806,1898,2000,2103,2219,2311,2405,2511,2615,2715,2819,2935,3055,3161,3082,2896,2765,2640,2538,2406,2315,2186,2073,1955,1854,1755,1648,1522,1408,1295,1190,1082,959,859,752,654,546,431,327,223,115,16,0,0,0
740,0,Vitamin_C,3157,0,0,16,122,230,332,432,545,647,752,839,952,1072,1168,1282,1379,1488,1588,1697,1805,1910,2000,2110,2205,2307,2414,2512,2611,2717,2832,2949,3047,3157,3017,2895,2769,2640,2525,2415,2317,2197,2074,1962,1856,1744,1642,1523,1408,1294,1189,1083,967,862,751,647,535,440,330,218,116,19,0,0,0
741,0,Vitamin_C,3158,0,0,19,117,224,326,433,551,646,750,850,961,1071,1169,1280,1377,1489,1604,1709,1808,1897,1995,2103,2215,2311,2408,2510,2622,2727,2834,2933,3051,3158,3024,2896,2757,2640,2530,2423,2308,2192,2078,1968,1866,1749,1639,1522,1418,1309,1194,1081,961,860,753,645,564,432,329,225,122,19,0,0,0
742,0,Vitamin_C,3175,0,0,13,119,228,328,447,563,641,749,858,949,1070,1184,1279,1381,1495,1600,1698,1798,1903,2001,2107,2202,2302,2403,2522,2630,2716,2829,2932,3045,3175,3009,2880,2757,2639,2544,2421,2298,2188,2081,1969,1861,1750,1643,1522,1419,1296,1182,1073,965,866,750,647,532,427,335,230,121,12,0,0,0
743,0,Vitamin_C,3170,0,0,21,128,222,322,432,547,647,750,848,962,1071,1168,1275,1376,1488,1600,1695,1792,1899,2006,2115,2205,2307,2407,2513,2624,2722,2822,2931,3056,3170,3009,2873,2751,2644,2541,2420,2295,2189,2080,1957,1857,1744,1635,1515,1421,1305,1186,1075,962,848,752,640,540,433,329,228,112,10,0,0,0
744,0,Vitamin_C,3159,0,0,12,111,221,328,432,549,647,751,849,965,1070,1169,1271,1373,1488,1605,1708,1794,1898,2000,2111,2215,2239,2410,2514,2615,2722,2829,2933,3051,3159,3024,2896,2753,2641,2513,2425,2303,2191,2073,1967,1856,1757,1633,1511,1407,1303,1197,1082,962,857,753,645,534,430,325,226,116,13,0,0,0
745,0,Vitamin_C,3165,0,0,14,119,231,336,433,548,655,752,858,966,1072,1178,1271,1376,1493,1587,1708,1801,1891,2001,2107,2210,2314,2406,2511,2622,2736,2834,2933,3056,3165,3024,2895,2767,2642,2531,2426,2309,2202,2083,1967,1863,1751,1631,1521,1414,1305,1193,1072,970,860,753,642,539,433,327,227,124,16,0,0,0
746,0,Vitamin_C,3157,0,0,5,126,225,326,432,541,655,748,849,960,1069,1176,1279,1381,1487,1585,1709,1805,1906,2003,2106,2219,2321,2411,2499,2617,2721,2838,2940,3050,3157,3024,2896,2765,2640,2521,2427,2303,2202,2087,1968,1853,1755,1639,1521,1413,1296,1195,1076,961,863,753,642,537,431,320,223,126,18,0,0,0
747,0,Vitamin_C,3177,0,0,13,115,225,329,437,542,644,747,855,961,1075,1166,1273,1382,1500,1603,1698,1794,1899,1988,2109,2195,2299,2410,2518,2621,2712,2822,2930,3066,3177,3015,2883,2757,2654,2529,2406,2293,2187,2084,1966,1858,1744,1639,1520,1412,1300,1194,1073,963,862,751,643,535,431,334,225,112,11,0,0,0
748,0,Vitamin_C,3175,0,0,15,115,224,333,436,546,647,750,851,968,1073,1168,1279,1381,1491,1603,1696,1803,1893,2011,2113,2207,2307,2384,2510,2627,2722,2829,2931,3071,3175,3015,2881,2739,2645,2537,2411,2303,2192,2084,1971,1873,1746,1638,1532,1424,1309,1192,1076,972,862,759,652,542,432,343,223,120,13,0,0,0
749,0,Vitamin_C,3175,0,0,15,115,233,320,432,550,644,751,850,959,1074,1175,1276,1382,1493,1601,1710,1805,1898,2001,2113,2217,2308,2401,2511,2630,2726,2827,2931,3041,3175,3023,2879,2759,2641,2529,2410,2299,2192,2090,1973,1862,1746,1633,1526,1426,1298,1189,1079,966,862,757,645,538,429,323,224,125,16,0,0,0
750,0,Vitamin_C,3158,0,0,14,123,218,329,430,544,651,746,859,951,1070,1174,1271,1381,1488,1600,1703,1798,1901,2000,2118,2213,2305,2410,2506,2625,2730,2851,2947,3050,3158,3019,2881,2763,2643,2527,2402,2295,2192,2082,1964,1872,1746,1637,1520,1409,1311,1187,1082,964,855,752,645,541,433,323,226,125,13,0,0,0
751,0,Vitamin_C,3171,0,0,16,119,223,331,432,542,640,751,863,966,1066,1170,1277,1381,1494,1589,1697,1800,1904,2010,2099,2208,2306,2405,2520,2618,2722,2821,2933,3057,3171,3010,2881,2765,2654,2535,2416,2299,2191,2087,1971,1853,1744,1641,1517,1413,1299,1171,1084,969,861,752,652,539,432,324,223,117,12,0,0,0
752,0,Vitamin_C,3173,0,0,14,114,220,333,436,548,641,752,848,963,1072,1171,1275,1381,1495,1600,1697,1791,1902,2011,2112,2210,2305,2412,2509,2628,2720,2823,2930,3054,3173,3030,2885,2762,2627,2541,2423,2295,2188,2077,1975,1866,1751,1634,1519,1421,1298,1187,1075,962,870,767,646,535,433,331,218,124,16,0,0,0
753,0,Vitamin_C,3177,0,0,16,118,224,332,435,530,651,752,863,962,1070,1170,1279,1391,1494,1591,1700,1807,1906,2009,2112,2210,2310,2422,2522,2618,2721,2830,2939,3066,3177,3019,2888,2758,2659,2539,2415,2302,2192,2096,1978,1856,1744,1637,1527,1421,1296,1190,1078,976,864,754,642,542,433,333,226,118,16,0,0,0
754,0,Vitamin_C,3175,0,0,16,114,225,334,441,543,646,751,861,967,1083,1173,1279,1382,1495,1603,1697,1795,1903,2013,2117,2208,2301,2402,2519,2626,2725,2822,2935,3060,3175,3014,2883,2758,2656,2546,2410,2301,2192,2094,1975,1855,1744,1648,1529,1421,1295,1189,1077,970,859,752,649,539,430,333,228,110,19,0,0,0
755,0,Vitamin_C,3177,0,0,11,121,221,333,435,545,651,747,850,959,1070,1174,1279,1380,1498,1606,1698,1806,1902,2002,2112,2208,2303,2411,2519,2626,2718,2827,2934,3056,3177,3023,2890,2764,2643,2529,2417,2302,2188,2094,1971,1858,1744,1637,1525,1423,1296,1187,1075,963,857,744,647,540,421,329,219,123,8,0,0,0
756,0,Vitamin_C,3161,0,0,13,119,228,330,431,545,646,752,862,959,1072,1171,1275,1381,1488,1602,1707,1792,1898,1999,2113,2218,2303,2405,2507,2614,2722,2825,2935,3053,3161,3024,2879,2759,2649,2528,2423,2314,2187,2080,1964,1865,1750,1634,1520,1410,1292,1195,1072,961,859,754,645,535,434,325,224,118,17,0,0,0
757,0,Vitamin_C,3155,0,0,16,115,228,329,435,542,651,752,848,962,1065,1177,1282,1375,1490,1591,1703,1809,1885,2000,2107,2219,2317,2412,2513,2614,2735,2834,2930,3050,3155,3009,2896,2753,2645,2526,2412,2312,2196,2079,1959,1849,1756,1641,1522,1406,1301,1185,1075,964,854,753,647,542,432,328,221,122,18,0,0,0
758,0,Vitamin_C,3169,0,0,16,122,224,331,433,546,646,752,860,974,1062,1173,1275,1391,1495,1596,1703,1801,1902,2014,2100,2214,2307,2407,2515,2630,2714,2827,2934,3063,3169,3008,2883,2766,2663,2535,2416,2303,2191,2091,1974,1857,1747,1638,1520,1417,1292,1181,1078,970,862,737,640,540,432,319,223,117,13,0,0,0
759,0,Vitamin_C,3174,0,0,14,121,220,325,432,544,643,751,855,966,1072,1173,1268,1384,1494,1600,1695,1806,1902,1998,2113,2206,2306,2412,2525,2628,2707,2825,2928,3065,3174,3010,2888,2759,2641,2533,2411,2301,2192,2088,1968,1861,1749,1637,1520,1418,1316,1187,1059,963,867,753,644,534,431,338,226,115,7,0,0,0
760,0,Vitamin_C,3165,0,0,14,115,225,330,434,546,646,752,854,969,1075,1173,1279,1392,1488,1600,1709,1799,1904,2000,2113,2214,2308,2403,2509,2624,2731,2830,2934,3045,3165,3001,2885,2758,2640,2529,2421,2295,2192,2077,1968,1865,1755,1636,1520,1413,1305,1188,1083,960,852,752,647,542,432,322,219,117,11,0,0,0
761,0,Vitamin_C,3167,0,0,21,124,225,333,433,544,653,750,860,961,1065,1174,1279,1385,1493,1597,1707,1809,1902,2003,2106,2221,2320,2407,2510,2624,2734,2833,2943,3049,3167,3027,2902,2763,2647,2523,2423,2316,2192,2081,1965,1853,1751,1639,1524,1411,1296,1194,1081,970,859,749,647,543,428,330,225,124,16,0,0,0
762,0,Vitamin_C,3162,0,0,15,126,228,331,432,545,651,752,853,960,1070,1179,1278,1380,1489,1594,1706,1808,1872,2000,2112,2214,2311,2398,2511,2622,2729,2838,2935,3047,3162,3027,2896,2761,2643,2523,2422,2309,2187,2080,1967,1862,1753,1648,1518,1412,1303,1195,1073,967,853,752,650,537,426,326,220,113,1,0,0,0
763,0,Vitamin_C,3157,0,0,11,124,223,333,434,542,642,752,849,964,1067,1173,1259,1383,1489,1598,1700,1798,1914,2010,2111,2209,2303,2417,2518,2607,2704,2818,2942,3062,3157,3010,2873,2759,2657,2541,2411,2294,2194,2090,1970,1853,1745,1637,1530,1414,1296,1187,1074,974,860,751,638,543,432,327,221,121,14,0,0,0
764,0,Vitamin_C,3170,0,0,15,112,221,327,435,544,646,748,853,966,1073,1136,1274,1374,1477,1599,1701,1794,1898,2006,2112,2205,2301,2403,2515,2624,2715,2825,2936,3063,3170,3010,2883,2759,2653,2530,2412,2301,2189,2092,1973,1859,1738,1641,1521,1422,1296,1181,1083,960,859,752,645,541,426,335,222,113,15,0,0,0
765,0,Vitamin_C,3157,0,0,16,125,221,334,434,548,653,752,851,957,1075,1179,1280,1371,1482,1599,1710,1805,1902,2001,2109,2217,2313,2414,2512,2619,2730,2837,2929,3043,3157,3025,2895,2757,2645,2526,2416,2315,2190,2084,1965,1860,1751,1624,1520,1408,1300,1195,1075,963,853,756,646,534,432,327,223,122,32,0,0,0
766,0,Vitamin_C,3175,0,0,13,118,225,327,443,549,638,751,855,966,1064,1165,1275,1383,1491,1603,1698,1806,1899,2010,2114,2201,2306,2404,2523,2626,2721,2826,2930,3056,3175,3007,2885,2761,2656,2533,2416,2307,2193,2081,1969,1854,1744,1635,1520,1418,1300,1182,1058,961,864,743,647,541,431,326,220,116,16,0,0,0
767,0,Vitamin_C,3171,0,0,16,114,223,326,437,543,641,747,854,967,1069,1168,1280,1374,1488,1603,1700,1795,1899,2005,2114,2201,2304,2405,2515,2621,2715,2824,2933,3059,3171,3011,2879,2759,2658,2539,2413,2300,2190,2079,1968,1853,1745,1634,1515,1415,1303,1187,1073,960,859,752,641,535,432,323,221,112,8,0,0,0
768,0,Vitamin_C,3165,0,0,16,125,226,335,433,542,653,746,850,966,1070,1175,1277,1382,1486,1598,1701,1808,1900,2000,2110,2212,2321,2406,2505,2612,2731,2836,2934,3051,3165,3025,2896,2762,2646,2521,2418,2311,2182,2079,1974,1858,1751,1630,1521,1410,1299,1191,1073,964,854,753,646,540,429,326,221,119,15,0,0,0
769,0,Vitamin_C,3158,0,0,12,116,225,324,432,550,641,752,849,958,1071,1163,1284,1380,1487,1595,1694,1810,1904,1996,2106,2210,2299,2402,2509,2614,2718,2830,2946,3042,3158,3009,2890,2775,2640,2529,2407,2304,2195,2080,1943,1875,1754,1641,1520,1414,1296,1189,1075,959,853,751,640,542,432,325,223,123,9,0,0,0
770,0,Vitamin_C,3168,0,0,14,118,219,334,432,543,643,746,851,955,1072,1178,1280,1376,1481,1600,1696,1797,1894,1995,2119,2215,2307,2408,2509,2629,2736,2812,2931,3054,3168,3024,2886,2752,2645,2525,2418,2297,2185,2071,1965,1858,1749,1638,1514,1415,1302,1192,1073,965,860,752,643,536,423,325,231,112,10,0,0,0
771,0,Vitamin_C,3159,0,0,11,113,220,310,437,542,640,752,852,959,1072,1168,1281,1394,1487,1594,1693,1808,1904,2002,2105,2211,2320,2414,2505,2618,2719,2833,2947,3047,3159,3008,2895,2774,2640,2523,2406,2291,2197,2077,1964,1856,1744,1643,1521,1408,1296,1186,1083,958,855,750,641,542,423,320,219,117,13,0,0,0
772,0,Vitamin_C,3177,0,0,16,115,221,332,432,545,651,749,852,954,1072,1171,1274,1382,1488,1600,1706,1792,1901,2000,2109,2213,2308,2403,2508,2626,2730,2834,2935,3048,3177,3024,2880,2752,2640,2539,2416,2288,2195,2082,1970,1859,1743,1635,1517,1413,1298,1190,1078,963,853,757,647,535,430,321,221,115,15,0,0,0
773,0,Vitamin_C,3170,0,0,12,117,218,327,442,540,635,750,858,966,1061,1276,1273,1385,1535,1590,1693,1798,1909,2006,2102,2207,2304,2414,2512,2615,2723,2823,2931,3061,3170,3010,2881,2767,2658,2534,2410,2298,2191,2092,1968,1851,1743,1630,1530,1413,1295,1186,1078,963,862,750,644,537,432,329,214,113,13,0,0,0
774,0,Vitamin_C,3175,0,0,8,121,220,330,436,549,650,749,850,955,1070,1175,1271,1377,1489,1601,1708,1799,1904,1999,2122,2216,2308,2407,2512,2613,2641,2822,2933,3042,3175,3026,2883,2761,2645,2539,2419,2290,2187,2077,1975,1850,1761,1635,1518,1405,1293,1189,1075,963,853,757,645,537,429,317,222,118,16,0,0,0
775,0,Vitamin_C,3146,0,0,11,118,220,336,432,543,654,752,861,958,1069,1175,1280,1375,1485,1594,1713,1795,1904,2000,2101,2218,2316,2404,2507,2614,2726,2830,2935,3053,3146,3029,2896,2758,2640,2529,2419,2309,2182,2077,1965,1861,1755,1632,1519,1408,1299,1190,1069,966,854,753,643,540,430,325,222,119,9,0,0,0
776,0,Vitamin_C,3157,0,0,9,125,237,336,442,543,651,751,861,963,1072,1174,1273,1383,1498,1600,1700,1799,1911,2007,2118,2211,2311,2416,2522,2615,2718,2829,2951,3055,3157,3015,2891,2765,2654,2511,2416,2296,2189,2080,1972,1857,1744,1639,1524,1415,1294,1190,1074,967,865,752,643,543,438,334,219,115,17,0,0,0
777,0,Vitamin_C,3162,0,0,11,119,220,335,435,543,646,749,865,967,1069,1168,1264,1385,1489,1598,1694,1798,1907,2003,2108,2203,2304,2406,2512,2559,2718,2825,2941,3056,3162,3013,2889,2774,2659,2526,2416,2301,2194,2090,1967,1856,1743,1630,1526,1413,1291,1193,1074,967,863,720,640,534,432,327,222,112,15,0,0,0
778,0,Vitamin_C,3179,0,0,17,121,230,331,443,549,650,752,859,961,1079,1168,1280,1383,1503,1604,1706,1798,1904,2010,2117,2208,2307,2525,2527,2627,2716,2827,2935,3053,3179,3025,2886,2755,2640,2534,2421,2297,2185,2081,1974,1863,1744,1633,1513,1414,1302,1185,1073,966,864,753,641,531,432,327,218,112,17,0,0,0
779,0,Vitamin_C,3163,0,0,15,119,223,332,434,551,653,751,854,960,1072,1172,1273,1373,1486,1602,1710,1795,1902,2000,2118,2213,2301,2414,2509,2618,2733,2827,2974,3052,3163,3025,2896,2759,2640,2516,2423,2310,2191,2074,1963,1863,1755,1632,1520,1417,1303,1194,1079,965,854,752,642,530,432,322,220,125,16,0,0,0
780,0,Vitamin_C,3175,0,0,12,113,222,329,434,545,653,751,848,962,1088,1179,1271,1381,1490,1601,1705,1804,1903,1985,2113,2219,2305,2415,2512,2626,2729,2825,2942,3051,3175,3024,2883,2763,2646,2541,2420,2299,2194,2074,1968,1860,1744,1634,1522,1410,1296,1196,1076,957,851,752,642,537,426,322,219,118,15,0,0,0
781,0,Vitamin_C,3172,0,0,16,116,224,326,439,548,650,752,858,960,1075,1168,1275,1378,1489,1600,1698,1794,1900,2011,2106,2206,2309,2405,2516,2626,2713,2816,2932,3056,3172,3014,2884,2758,2645,2540,2421,2302,2190,2076,1977,1862,1742,1629,1519,1418,1297,1185,1074,962,880,751,642,531,432,330,219,112,11,0,0,0
782,0,Vitamin_C,3176,0,0,16,119,219,323,432,543,655,765,853,961,1072,1171,1280,1381,1488,1605,1705,1798,1904,2003,2112,2222,2319,2411,2510,2616,2729,2832,2942,3051,3176,3025,2895,2757,2643,2518,2422,2307,2189,2077,1968,1859,1757,1632,1519,1408,1307,1190,1076,958,860,758,650,541,432,329,221,120,13,0,0,0
783,0,Vitamin_C,3155,0,0,13,114,223,335,434,544,646,747,862,963,1073,1173,1280,1385,1493,1594,1693,1802,1904,2007,2100,2210,2306,2417,2519,2530,2718,2823,2950,3062,3155,3018,2883,2778,2653,2523,2406,2305,2190,2083,1968,1853,1744,1632,1530,1414,1298,1186,1077,970,861,748,638,533,432,330,218,112,16,0,0,0
784,0,Vitamin_C,3164,0,0,16,123,231,333,441,546,653,755,862,967,1066,1175,1279,1391,1491,1598,1699,1808,1906,1999,2111,2202,2310,2423,2521,2620,2721,2830,2947,3063,3164,3014,2886,2779,2657,2527,2416,2302,2189,2093,1968,1856,1744,1639,1525,1417,1296,1191,1072,971,863,752,643,538,434,330,219,117,14,0,0,0
785,0,Vitamin_C,3166,0,0,16,122,218,330,449,542,644,752,859,963,1072,1175,1280,1382,1491,1600,1711,1811,1901,2000,2109,2219,2320,2406,2512,2618,2731,2832,2933,3041,3166,3025,2895,2765,2642,2530,2433,2305,2190,2082,1962,1866,1751,1644,1521,1411,1296,1183,1073,956,853,751,643,533,431,321,203,114,16,0,0,0
786,0,Vitamin_C,3162,0,0,13,123,220,324,432,542,651,752,842,963,1070,1175,1281,1378,1488,1605,1703,1798,1904,1999,2117,2221,2303,2409,2514,2613,2730,2832,2939,3055,3162,3022,2898,2759,2647,2525,2414,2295,2192,2078,1959,1868,1744,1631,1520,1408,1299,1194,1075,965,858,757,644,533,430,322,220,113,28,0,0,0
787,0,Vitamin_C,3153,0,0,13,119,223,322,432,545,650,752,859,959,1072,1179,1276,1377,1488,1601,1707,1802,1898,2000,2103,2213,2318,2405,2511,2608,2725,2829,2928,3043,3153,3026,2893,2767,2640,2523,2417,2310,2224,2085,1968,1855,1751,1643,1521,1415,1301,1189,1074,955,855,752,647,539,429,320,222,114,23,0,0,0
788,0,Vitamin_C,3174,0,0,16,113,219,330,438,539,643,751,848,960,1069,1156,1277,1376,1487,1597,1698,1803,1901,2002,2121,2194,2304,2401,2524,2624,2719,2821,2928,3067,3174,3013,2885,2769,2655,2531,2415,2297,2192,2087,1969,1844,1744,1635,1529,1415,1293,1190,1074,969,863,751,640,541,432,327,222,115,7,0,0,0
789,0,Vitamin_C,3163,0,0,16,118,218,332,432,529,640,749,854,963,1069,1175,1281,1389,1486,1599,1698,1808,1905,1996,2111,2209,2309,2419,2521,2610,2715,2736,2941,3056,3163,3015,2886,2769,2657,2527,2407,2304,2197,2089,1957,1851,1744,1641,1522,1408,1296,1190,1079,965,850,750,637,535,435,327,215,114,13,0,0,0
790,0,Vitamin_C,3157,0,0,16,116,221,325,435,546,650,752,848,962,1063,1171,1275,1382,1488,1598,1706,1805,1903,2001,2112,2215,2322,2410,2512,2618,2735,2831,2931,3049,3157,3026,2895,2768,2641,2519,2410,2303,2192,2074,1968,1863,1750,1633,1520,1403,1297,1199,1069,961,859,752,646,534,432,323,214,118,16,0,0,0
791,0,Vitamin_C,3161,0,0,10,119,230,326,430,547,643,745,853,974,1073,1168,1280,1373,1493,1611,1698,1801,1898,2003,2114,2202,2313,2411,2519,2626,2711,2818,2938,3049,3161,3019,2886,2758,2655,2534,2410,2291,2190,2080,1973,1863,1743,1633,1522,1414,1296,1190,1079,961,858,751,636,530,432,327,223,109,16,0,0,0
792,0,Vitamin_C,3154,0,0,16,118,227,326,431,550,651,752,853,955,1072,1175,1279,1376,1488,1591,1709,1799,1896,2000,2111,2220,2303,2411,2512,2606,2727,2837,2935,3050,3154,3031,2896,2763,2642,2523,2421,2304,2185,2095,1959,1866,1754,1632,1519,1410,1301,1189,1074,963,851,751,645,533,432,322,223,113,16,0,0,0
793,0,Vitamin_C,3158,0,0,16,122,226,325,432,542,651,748,848,960,1057,1168,1280,1390,1488,1589,1694,1808,1905,2000,2112,2208,2320,2411,2510,2610,2720,2832,2947,3058,3158,3003,2895,2769,2639,2517,2413,2313,2195,2100,1965,1845,1746,1636,1514,1403,1290,1194,1078,959,848,752,639,542,432,322,220,114,16,0,0,0
794,0,Vitamin_C,3182,0,0,16,117,221,333,432,547,644,747,865,966,1072,1166,1277,1374,1487,1600,1705,1807,1895,1996,2109,2207,2301,2404,2507,2624,2729,2821,2928,3046,3182,3024,2875,2755,2641,2535,2419,2291,2191,2075,1970,1861,1744,1634,1520,1413,1295,1181,1076,960,861,752,632,540,430,331,215,114,10,0,0,0
795,0,Vitamin_C,3171,0,0,10,118,219,333,433,551,651,742,850,962,1070,1164,1275,1381,1497,1597,1694,1803,1897,2009,2114,2201,2307,2409,2507,2621,2723,2830,2922,3045,3171,3024,2881,2763,2640,2534,2416,2291,2189,2077,1970,1861,1743,1636,1521,1413,1289,1181,1056,962,860,752,634,538,432,321,218,112,12,0,0,0
796,0,Vitamin_C,3174,0,0,14,122,224,328,439,545,637,752,860,961,1074,1170,1271,1382,1490,1603,1697,1802,1901,2009,2117,2223,2306,2402,2519,2624,2714,2822,2931,3051,3174,3024,2880,2761,2640,2523,2422,2296,2190,2081,1973,1863,1744,1631,1515,1417,1299,1195,1075,960,864,751,642,540,431,321,215,113,11,0,0,0
797,0,Vitamin_C,3159,0,0,15,121,224,334,417,542,650,755,849,967,1068,1169,1285,1390,1488,1595,1694,1808,1904,1999,2105,2208,2314,2416,2503,2617,2716,2832,2945,3055,3159,3014,2894,2769,2641,2523,2410,2311,2198,2082,1966,1850,1750,1642,1515,1406,1296,1191,1077,962,851,746,640,538,432,320,219,111,14,0,0,0
798,0,Vitamin_C,3178,0,0,16,113,222,334,438,543,649,752,858,966,1062,1171,1289,1392,1497,1599,1696,1802,1906,2006,2107,2210,2310,2407,2522,2631,2718,2826,2912,3062,3178,3014,2880,2765,2656,2542,2417,2295,2185,2092,1968,1849,1745,1633,1524,1421,1294,1184,1079,970,861,748,635,530,429,332,222,111,14,0,0,0
799,0,Vitamin_C,3174,0,0,16,119,224,332,432,547,645,749,854,965,1072,1171,1270,1380,1490,1601,1698,1799,1904,2009,2115,2199,2308,2416,2517,2625,2719,2829,2920,3061,3174,3012,2881,2761,2660,2533,2407,2300,2191,2074,1971,1852,1744,1634,1520,1413,1299,1187,1073,956,860,752,640,534,431,327,215,116,10,0,0,0
800,0,Paracetamol,2717,0,40,124,221,304,390,464,576,659,745,838,912,999,1094,1184,1276,1356,1442,1494,1628,1712,1790,1873,1961,2055,2142,2214,2295,2381,2480,2557,2622,2717,2603,2515,2416,2306,2221,2128,2032,1936,1840,1749,1657,1564,1479,1381,1289,1191,1097,1003,914,817,735,642,560,464,380,289,205,103,33,0,0
801,0,Paracetamol,2660,0,0,69,160,243,332,425,510,601,682,770,861,950,1040,1123,1209,1305,1392,1474,1566,1648,1739,1826,1904,1983,2072,2159,2253,2320,2401,2491,2583,2660,2545,2453,2352,2272,2169,2066,1971,1887,1781,1698,1612,1503,1408,1319,1232,1143,1039,946,863,775,688,598,502,415,332,243,154,70,0,0,0
802,0,Paracetamol,2628,0,0,48,133,223,314,400,484,576,661,751,834,925,1006,1104,1184,1278,1360,1450,1535,1622,1706,1793,1879,1970,2047,2132,2223,2308,2394,2466,2545,2628,2533,2430,2329,2235,2134,2045,1950,1850,1751,1665,1579,1481,1386,1298,1201,1113,1013,917,819,737,656,571,471,388,302,217,132,44,0,0,0
803,0,Paracetamol,2619,0,0,32,123,208,303,387,463,561,651,743,826,907,1004,1087,1170,1264,1344,1430,1516,1609,1702,1786,1862,1950,2028,2127,2209,2284,2359,2448,2544,2619,2508,2402,2309,2224,2128,2022,1927,1840,1749,1653,1555,1456,1366,1269,1185,1088,997,902,818,731,641,550,460,374,286,195,114,26,0,0,0
804,0,Paracetamol,2603,0,0,34,113,198,292,381,465,559,635,726,820,899,978,1072,1169,1255,1337,1419,1507,1589,1689,1775,1851,1931,2014,2117,2194,2271,2355,2435,2530,2603,2493,2389,2288,2199,2110,2003,1917,1822,1738,1637,1530,1450,1355,1270,1182,1073,976,877,804,719,624,537,445,366,272,187,102,16,0,0,0
805,0,Paracetamol,2600,0,0,27,110,193,286,369,463,545,632,721,809,895,976,1067,1155,1252,1337,1414,1502,1584,1679,1766,1840,1923,2004,2101,2192,2259,2346,2421,2509,2600,2477,2381,2288,2203,2099,2000,1899,1808,1719,1626,1530,1433,1344,1253,1167,1072,970,880,768,704,622,528,433,352,266,178,91,6,0,0,0
806,0,Paracetamol,2593,0,0,20,111,198,282,368,458,549,629,715,801,895,982,1071,1146,1246,1337,1423,1493,1588,1663,1760,1845,1919,2003,2096,2186,2265,2327,2421,2507,2593,2483,2371,2278,2188,2097,1995,1893,1804,1705,1612,1520,1425,1337,1241,1152,1067,967,870,784,694,615,511,432,345,256,175,91,2,0,0,0
807,0,Paracetamol,2559,0,0,16,103,193,272,361,457,546,630,710,800,889,975,1058,1148,1233,1318,1413,1499,1578,1665,1744,1840,1926,1994,2080,2169,2258,2342,2420,2497,2559,2478,2378,2269,2174,2086,1987,1893,1797,1700,1613,1520,1426,1331,1231,1152,1051,960,863,769,687,603,510,419,336,246,167,75,0,0,0,0
808,0,Paracetamol,2559,0,0,13,98,188,272,364,449,538,624,707,797,880,965,1057,1141,1231,1318,1409,1485,1577,1660,1746,1838,1904,1988,2078,2167,2256,2320,2407,2494,2559,2471,2362,2263,2169,2068,1984,1879,1782,1695,1602,1511,1415,1324,1223,1152,1045,944,855,767,686,599,503,416,333,241,151,70,0,0,0,0
809,0,Paracetamol,2553,0,0,14,100,179,273,367,447,533,606,708,787,880,965,1058,1139,1232,1319,1411,1486,1575,1659,1738,1830,1904,1990,2077,2160,2253,2333,2401,2480,2553,2470,2369,2259,2167,2075,1977,1890,1777,1696,1600,1507,1415,1322,1228,1136,1038,944,855,756,676,592,499,424,330,240,155,75,0,0,0,0
810,0,Paracetamol,2554,0,0,10,89,179,272,358,447,530,613,704,790,880,967,1055,1138,1227,1314,1398,1489,1570,1651,1735,1829,1913,1986,2070,2158,2249,2323,2402,2484,2554,2470,2368,2258,2160,2072,1982,1886,1775,1682,1594,1501,1411,1313,1222,1131,1041,944,839,755,669,586,496,413,323,235,150,64,0,0,0,0
811,0,Paracetamol,2559,0,0,0,92,179,270,362,439,526,618,700,784,878,959,1046,1131,1231,1317,1392,1477,1568,1659,1745,1810,1904,1981,2078,2160,2236,2320,2393,2493,2559,2451,2355,2253,2170,2055,1968,1872,1776,1687,1597,1490,1402,1308,1216,1136,1037,939,846,750,675,585,493,398,316,233,144,62,0,0,0,0
812,0,Paracetamol,2544,0,0,6,98,182,267,356,458,528,623,699,784,875,955,1047,1137,1223,1309,1395,1483,1570,1649,1733,1810,1904,1991,2066,2153,2226,2321,2403,2471,2544,2448,2352,2256,2154,2066,1959,1876,1779,1680,1584,1489,1407,1317,1212,1117,1023,939,846,747,662,576,491,405,314,230,141,55,0,0,0,0
813,0,Paracetamol,2555,0,0,0,83,177,269,351,434,528,621,713,787,883,960,1040,1136,1231,1301,1391,1473,1563,1650,1729,1816,1898,1979,2077,2160,2225,2304,2389,2480,2555,2444,2343,2246,2160,2065,1962,1863,1771,1688,1587,1482,1392,1306,1210,1129,1010,927,832,753,668,558,481,399,304,226,134,47,0,0,0,0
814,0,Paracetamol,2550,0,0,2,87,176,256,356,446,526,608,693,785,873,953,1045,1132,1223,1309,1416,1467,1562,1645,1743,1808,1891,1981,2071,2159,2224,2307,2386,2480,2550,2442,2342,2244,2161,2063,1950,1862,1762,1675,1590,1483,1390,1298,1203,1121,1020,925,833,742,661,573,474,396,309,222,134,48,0,0,0,0
815,0,Paracetamol,2544,0,0,1,93,176,265,363,437,528,612,699,784,869,959,1040,1128,1219,1301,1391,1477,1535,1641,1727,1818,1893,1971,2065,2141,2231,2314,2390,2468,2544,2451,2347,2239,2139,2054,1953,1865,1766,1665,1573,1488,1398,1296,1200,1109,1014,926,829,743,655,569,482,386,307,217,128,48,0,0,0,0
816,0,Paracetamol,2544,0,0,0,82,169,262,351,432,526,609,695,781,866,944,1040,1124,1219,1309,1392,1473,1535,1648,1727,1807,1886,1971,2055,2150,2223,2301,2384,2465,2544,2443,2343,2241,2145,2057,1955,1851,1763,1666,1584,1481,1389,1294,1202,1109,1009,919,816,739,657,569,466,384,301,211,136,42,0,0,0,0
817,0,Paracetamol,2547,0,0,2,85,170,262,352,433,525,609,697,784,871,957,1038,1124,1217,1303,1386,1463,1535,1643,1731,1783,1891,1967,2054,2151,2229,2297,2380,2463,2547,2442,2330,2235,2144,2047,1949,1850,1754,1663,1578,1479,1376,1288,1199,1111,1008,910,825,741,654,570,481,381,299,213,128,45,0,0,0,0
818,0,Paracetamol,2544,0,0,0,93,171,261,348,432,533,611,695,780,874,943,1037,1136,1221,1309,1382,1467,1554,1648,1729,1799,1887,1967,2066,2142,2224,2298,2377,2480,2544,2430,2325,2238,2154,2047,1939,1851,1754,1659,1578,1475,1377,1284,1200,1114,1009,917,817,727,646,561,471,381,304,211,128,37,0,0,0,0
819,0,Paracetamol,2523,0,0,0,85,178,258,342,435,509,608,690,779,863,948,1039,1123,1211,1297,1377,1470,1557,1633,1721,1807,1890,1971,2058,2128,2217,2306,2391,2461,2523,2427,2340,2242,2142,2032,1937,1859,1759,1662,1568,1470,1385,1295,1198,1103,1007,914,826,725,643,560,464,384,301,210,120,34,0,0,0,0
820,0,Paracetamol,2546,0,0,0,83,169,266,349,437,537,604,688,781,864,951,1040,1123,1213,1315,1387,1467,1558,1641,1729,1811,1889,1963,2062,2150,2224,2299,2379,2457,2546,2435,2355,2225,2138,2037,1949,1854,1753,1662,1567,1482,1389,1275,1200,1105,1003,918,818,736,640,553,471,381,302,208,122,23,0,0,0,0
821,0,Paracetamol,2523,0,0,0,81,170,259,349,432,523,605,688,774,867,944,1034,1124,1203,1298,1382,1466,1520,1626,1712,1808,1893,1965,2046,2138,2224,2303,2375,2455,2523,2433,2342,2226,2132,2029,1942,1850,1748,1654,1559,1462,1376,1283,1187,1101,997,912,820,725,640,560,465,378,291,205,113,37,0,0,0,0
822,0,Paracetamol,2537,0,0,0,83,172,256,347,432,525,606,685,782,866,935,1040,1120,1216,1301,1381,1456,1535,1648,1727,1799,1877,1965,2045,2142,2223,2288,2384,2456,2537,2480,2323,2155,2134,2039,1947,1840,1749,1653,1571,1466,1370,1280,1189,1105,1007,903,823,725,646,562,471,373,296,207,117,35,0,0,0,0
823,0,Paracetamol,2522,0,0,0,79,173,258,342,428,511,601,688,767,855,943,1023,1127,1215,1286,1379,1457,1554,1635,1713,1803,1821,1968,2055,2128,2207,2289,2384,2457,2522,2427,2320,2231,2138,2026,1935,1825,1751,1655,1559,1465,1366,1284,1193,1094,995,899,817,727,635,545,463,373,288,199,117,35,0,0,0,0
824,0,Paracetamol,2532,0,0,0,78,168,239,342,433,511,603,689,774,861,950,1009,1119,1203,1300,1386,1456,1535,1628,1719,1807,1879,1958,2037,2133,2221,2288,2367,2452,2532,2419,2319,2226,2126,2038,1937,1840,1743,1648,1570,1463,1364,1281,1184,1095,1003,905,816,717,636,560,466,370,276,194,117,33,0,0,0,0
825,0,Paracetamol,2525,0,0,0,80,169,253,349,432,511,597,686,769,862,944,1015,1119,1211,1296,1376,1455,1535,1618,1724,1799,1877,1958,2037,2141,2222,2290,2367,2448,2525,2428,2320,2223,2128,2032,1937,1840,1744,1653,1564,1463,1369,1267,1185,1103,997,895,812,723,639,552,475,368,281,197,114,30,0,0,0,0
826,0,Paracetamol,2534,0,0,0,80,165,262,353,442,511,602,695,777,853,946,1036,1117,1216,1292,1377,1471,1535,1643,1726,1797,1875,1969,2055,2135,2208,2297,2369,2467,2534,2418,2320,2224,2137,2037,1935,1836,1747,1661,1564,1456,1362,1274,1189,1100,995,900,807,730,641,545,456,372,288,202,115,23,0,0,0,0
827,0,Paracetamol,2518,0,0,0,83,176,256,335,427,511,596,686,775,859,945,1019,1115,1202,1284,1382,1460,1535,1623,1712,1803,1884,1962,2044,2128,2222,2303,2427,2448,2518,2427,2330,2224,2128,2023,1937,1840,1740,1646,1553,1461,1376,1288,1187,1088,1003,897,808,726,629,551,464,368,284,203,115,27,0,0,0,0
828,0,Paracetamol,2543,0,0,0,80,172,252,338,437,504,603,690,771,851,938,1023,1120,1216,1284,1380,1456,1535,1636,1715,1794,1830,1953,2047,2129,2209,2271,2368,2458,2543,2423,2311,2209,2130,2032,1922,1825,1762,1656,1557,1457,1363,1276,1183,1088,988,895,805,721,637,547,454,366,285,198,119,20,0,0,0,0
829,0,Paracetamol,2513,0,0,0,83,163,257,339,432,511,607,687,776,866,945,1035,1113,1207,1291,1382,1473,1535,1622,1717,1796,1886,1958,2038,2128,2212,2299,2368,2448,2513,2426,2325,2224,2119,2027,1935,1840,1741,1653,1552,1465,1373,1264,1194,1089,996,903,805,719,628,549,452,366,280,193,112,29,0,0,0,0
830,0,Paracetamol,2522,0,0,0,80,162,251,346,421,511,595,687,771,847,933,1023,1121,1211,1295,1375,1461,1535,1628,1717,1794,1878,1950,2051,2128,2205,2286,2352,2454,2522,2414,2311,2213,2128,2029,1925,1833,1731,1650,1535,1462,1360,1271,1183,1088,981,896,805,707,635,544,448,367,276,197,111,16,0,0,0,0
831,0,Paracetamol,2510,0,0,0,77,167,251,334,428,511,596,687,768,852,939,1023,1105,1205,1290,1378,1447,1535,1618,1706,1797,1879,1952,2036,2127,2211,2295,2355,2445,2510,2419,2321,2213,2114,2023,1936,1841,1738,1646,1535,1460,1366,1263,1171,1086,993,899,816,720,629,543,455,364,273,191,94,18,0,0,0,0
832,0,Paracetamol,2527,0,0,0,80,164,255,336,424,511,595,688,775,861,940,1036,1105,1199,1292,1375,1454,1535,1618,1713,1798,1871,1953,2030,2129,2208,2282,2359,2447,2527,2427,2318,2215,2119,2017,1933,1829,1726,1634,1507,1456,1357,1254,1170,1086,989,893,802,712,625,545,448,359,274,192,107,17,0,0,0,0
833,0,Paracetamol,2521,0,0,0,83,161,246,336,429,511,592,679,763,850,943,1019,1107,1199,1293,1377,1454,1527,1623,1708,1798,1867,1954,2033,2119,2206,2288,2359,2443,2521,2421,2303,2215,2119,2020,1931,1824,1734,1643,1535,1454,1359,1259,1139,1078,987,891,803,711,626,539,416,364,273,186,108,22,0,0,0,0
834,0,Paracetamol,2512,0,0,0,77,163,252,336,425,509,594,679,769,851,942,1011,1111,1197,1289,1378,1456,1535,1625,1714,1797,1876,1956,2032,2119,2210,2287,2355,2442,2512,2419,2320,2215,2114,2017,1931,1837,1731,1639,1535,1455,1362,1264,1173,1079,982,896,790,710,623,541,448,353,272,195,106,19,0,0,0,0
835,0,Paracetamol,2509,0,0,0,77,170,249,336,423,499,598,690,765,853,938,1023,1113,1200,1283,1371,1462,1535,1616,1703,1782,1871,1959,2034,2114,2197,2273,2368,2448,2509,2411,2306,2221,2124,1953,1932,1831,1739,1647,1529,1443,1350,1269,1177,1073,976,887,796,720,619,537,442,363,272,185,98,9,0,0,0,0
836,0,Paracetamol,2517,0,0,0,71,158,243,338,425,507,592,681,848,857,936,1023,1108,1206,1291,1364,1455,1533,1622,1712,1779,1872,1949,2037,2124,2179,2278,2355,2457,2517,2402,2310,2211,2121,2032,1917,1817,1714,1631,1535,1453,1355,1257,1167,1085,976,881,790,704,624,541,436,361,272,189,97,14,0,0,0,0
837,0,Paracetamol,2507,0,0,0,80,170,259,339,430,507,595,688,770,857,941,1023,1117,1210,1284,1371,1454,1535,1629,1712,1787,1866,1964,2039,2113,2199,2282,2368,2454,2507,2414,2310,2224,2124,2020,1920,1829,1735,1642,1535,1447,1357,1267,1173,1075,976,885,793,707,629,534,443,357,273,188,109,17,0,0,0,0
838,0,Paracetamol,2505,0,0,0,79,167,252,335,426,502,592,688,767,853,936,1034,1121,1200,1281,1363,1453,1531,1630,1707,1783,1871,1955,2042,2113,2195,2278,2366,2447,2505,2407,2304,2213,2123,2015,1911,1823,1735,1648,1535,1445,1345,1263,1168,1072,976,884,795,714,624,541,443,356,272,176,97,16,0,0,0,0
839,0,Paracetamol,2503,0,0,0,80,164,248,334,425,510,595,679,766,852,941,1023,1103,1195,1286,1361,1447,1533,1616,1701,1792,1872,1940,2023,2112,2210,2287,2355,2437,2503,2416,2314,2209,2112,2011,1927,1829,1732,1623,1530,1445,1351,1257,1166,1074,976,886,791,704,623,530,443,353,265,176,93,13,0,0,0,0
840,0,Paracetamol,2518,0,0,0,75,160,257,339,421,508,591,688,774,848,932,1023,1115,1207,1280,1360,1453,1526,1627,1706,1782,1858,1943,2032,2126,2194,2278,2353,2449,2518,2410,2301,2202,2123,2018,1916,1824,1728,1642,1535,1440,1356,1262,1171,1085,977,884,795,711,624,535,439,355,272,189,99,11,0,0,0,0
841,0,Paracetamol,2512,0,0,0,76,176,256,336,427,507,594,679,767,848,938,1021,1105,1197,1285,1367,1456,1534,1616,1705,1791,1873,1942,2028,2113,2204,2282,2355,2438,2512,2416,2317,2199,2109,2014,1920,1824,1719,1627,1515,1449,1359,1255,1163,1072,978,892,795,704,614,538,439,352,270,179,94,11,0,0,0,0
842,0,Paracetamol,2515,0,0,0,78,164,246,331,420,505,591,676,761,849,931,1023,1104,1195,1285,1371,1450,1529,1617,1711,1796,1854,1941,2026,2125,2195,2265,2352,2432,2515,2407,2295,2206,2100,2000,1921,1826,1721,1623,1531,1443,1355,1265,1161,1069,977,890,786,697,611,533,439,343,262,179,101,15,0,0,0,0
843,0,Paracetamol,2490,0,0,0,74,160,252,336,418,498,588,682,768,838,929,1011,1111,1200,1278,1364,1439,1535,1619,1697,1779,1861,1951,2031,2107,2191,2274,2364,2438,2490,2402,2300,2213,2115,2001,1911,1811,1730,1629,1526,1437,1347,1253,1164,1077,972,880,790,701,621,528,432,347,268,178,98,4,0,0,0,0
844,0,Paracetamol,2502,0,0,0,71,157,251,335,415,505,591,678,754,846,927,1018,1105,1186,1280,1360,1456,1531,1618,1703,1776,1872,1950,2019,2103,2192,2282,2355,2425,2502,2398,2310,2210,2102,2002,1908,1808,1728,1631,1524,1433,1341,1259,1167,1066,969,874,791,706,616,528,432,349,269,176,91,3,0,0,0,0
845,0,Paracetamol,2511,0,0,0,67,160,246,336,420,504,595,677,770,848,933,1018,1104,1202,1285,1366,1445,1526,1625,1706,1777,1863,1945,2037,2114,2192,2271,2353,2448,2511,2403,2301,2192,2113,2015,1909,1814,1717,1632,1535,1435,1344,1253,1163,1067,962,881,790,705,618,531,432,349,259,176,93,11,0,0,0,0
846,0,Paracetamol,2512,0,0,0,75,155,244,337,423,502,590,675,763,847,927,1011,1099,1199,1282,1361,1440,1522,1616,1707,1781,1861,1953,2030,2116,2186,2269,2347,2448,2512,2395,2299,2202,2115,2014,1907,1815,1712,1634,1535,1425,1345,1259,1153,1072,976,878,787,697,624,527,435,353,262,178,91,1,0,0,0,0
847,0,Paracetamol,2503,0,0,0,73,160,245,336,423,506,588,678,759,848,933,1005,1102,1195,1275,1383,1447,1522,1611,1700,1783,1873,1938,2023,2109,2197,2281,2352,2430,2503,2411,2304,2192,2096,1998,1914,1824,1716,1627,1524,1440,1349,1247,1156,1070,975,880,787,695,613,511,436,348,259,176,86,6,0,0,0,0
848,0,Paracetamol,2507,0,0,0,65,159,242,334,421,502,591,675,757,849,930,1009,1104,1187,1286,1366,1450,1523,1605,1699,1781,1851,1936,2021,2113,2192,2257,2351,2429,2507,2403,2292,2193,2102,2006,1921,1809,1713,1627,1533,1434,1341,1242,1154,1072,966,874,784,694,609,528,434,342,257,175,85,7,0,0,0,0
849,0,Paracetamol,2505,0,0,0,75,165,254,336,417,504,599,684,768,848,934,1023,1107,1197,1280,1361,1456,1534,1616,1697,1778,1872,1950,2027,2112,2186,2302,2368,2430,2505,2402,2315,2207,2102,2009,1907,1827,1732,1626,1529,1436,1345,1261,1220,1072,974,880,790,703,618,528,411,353,263,176,97,2,0,0,0,0
850,0,Paracetamol,2517,0,0,0,73,158,250,335,417,501,592,676,763,848,929,1018,1104,1200,1283,1362,1443,1530,1616,1699,1779,1862,1939,2025,2116,2191,2270,2351,2444,2517,2395,2295,2192,2110,2013,1899,1808,1718,1630,1531,1430,1339,1254,1168,1070,968,871,785,704,615,521,432,349,260,191,88,2,0,0,0,0
851,0,Paracetamol,2508,0,0,0,74,155,242,336,416,497,592,679,761,848,925,1014,1103,1198,1281,1359,1438,1520,1621,1698,1789,1863,1936,2018,2112,2192,2267,2336,2427,2508,2406,2288,2193,2105,2010,1911,1805,1722,1625,1526,1429,1342,1249,1153,1069,964,882,785,690,607,526,415,339,257,176,89,3,0,0,0,0
852,0,Paracetamol,2507,0,0,0,70,158,240,335,421,497,592,679,770,848,937,1011,1102,1195,1280,1357,1434,1521,1615,1700,1776,1856,1963,2030,2117,2187,2258,2352,2441,2507,2396,2297,2193,2112,2044,1905,1807,1714,1629,1531,1430,1344,1247,1163,1066,960,867,786,688,610,528,429,337,246,175,82,3,0,0,0,0
853,0,Paracetamol,2497,0,0,0,69,162,240,336,413,497,591,678,755,848,938,1012,1104,1196,1270,1362,1451,1521,1607,1691,1790,1867,1935,2019,2101,2193,2269,2346,2427,2497,2400,2299,2195,2096,2001,1914,1815,1714,1617,1520,1435,1345,1243,1153,1060,966,874,779,692,607,511,432,337,260,171,80,0,0,0,0,0
854,0,Paracetamol,2492,0,0,0,65,146,245,330,415,496,589,674,768,839,925,1010,1106,1198,1276,1360,1439,1526,1615,1693,1773,1857,1942,2034,2101,2187,2260,2356,2433,2492,2394,2288,2192,2106,2005,1901,1805,1715,1625,1525,1424,1328,1243,1158,1069,962,867,778,689,609,523,427,341,258,176,83,0,0,0,0,0
855,0,Paracetamol,2509,0,0,0,80,159,248,336,420,499,585,671,757,813,938,1020,1107,1198,1278,1363,1442,1530,1614,1707,1790,1858,1937,2018,2109,2192,2263,2349,2423,2509,2402,2299,2192,2103,2010,1910,1808,1717,1616,1526,1439,1339,1246,1153,1072,967,877,786,693,608,527,422,345,259,174,86,1,0,0,0,0
856,0,Paracetamol,2494,0,0,0,71,155,240,332,421,507,587,675,754,848,930,1019,1101,1190,1278,1360,1442,1524,1611,1693,1786,1861,1934,2015,2106,2192,2271,2343,2427,2494,2402,2304,2192,2096,2000,1907,1821,1710,1619,1519,1431,1342,1242,1147,1067,962,867,781,688,609,509,432,352,258,164,80,0,0,0,0,0
857,0,Paracetamol,2502,0,0,0,67,145,240,335,416,497,589,681,759,842,928,1009,1095,1196,1280,1351,1437,1520,1619,1699,1776,1855,1936,2027,2110,2187,2261,2344,2441,2502,2384,2289,2192,2110,2007,1890,1801,1712,1626,1529,1428,1339,1243,1147,1062,960,867,778,691,602,511,421,336,265,174,82,3,0,0,0,0
858,0,Paracetamol,2507,0,0,0,74,151,243,334,407,496,589,676,758,848,925,1009,1100,1197,1279,1345,1445,1528,1613,1699,1767,1850,1935,2030,2108,2181,2262,2341,2431,2507,2394,2285,2187,2110,2005,1904,1809,1712,1625,1522,1419,1327,1239,1157,1062,951,867,778,696,606,510,424,337,253,175,80,0,0,0,0,0
859,0,Paracetamol,2501,0,0,0,64,155,240,331,415,493,585,671,758,840,923,1008,1091,1171,1274,1362,1442,1519,1599,1698,1783,1850,1931,2014,2107,2179,2257,2341,2423,2501,2399,2287,2189,2104,2000,1904,1797,1712,1616,1523,1430,1328,1246,1147,1064,962,867,771,691,596,507,423,336,252,163,80,0,0,0,0,0
860,0,Paracetamol,2496,0,0,0,64,151,240,325,410,496,589,669,755,843,918,1016,1104,1202,1269,1360,1441,1522,1607,1691,1774,1861,1939,2019,2098,2177,2262,2352,2420,2496,2387,2287,2203,2096,1995,1904,1812,1712,1614,1517,1424,1344,1243,1148,1061,958,864,779,687,601,509,426,337,256,162,77,0,0,0,0,0
861,0,Paracetamol,2503,0,0,0,70,150,243,333,416,496,587,677,753,843,923,1012,1104,1199,1269,1350,1442,1520,1615,1694,1771,1855,1934,2026,2109,2184,2256,2346,2432,2503,2390,2289,2194,2108,2001,1898,1807,1711,1615,1521,1434,1332,1242,1146,1062,960,866,778,692,606,524,432,337,255,166,91,0,0,0,0,0
862,0,Paracetamol,2492,0,0,0,67,157,240,332,414,495,592,670,757,841,927,1010,1103,1187,1271,1355,1444,1535,1607,1693,1770,1855,1930,2014,2101,2179,2266,2352,2423,2492,2389,2300,2196,2096,1988,1872,1808,1718,1616,1505,1422,1345,1243,1143,1054,950,869,782,688,595,503,422,336,253,161,79,0,0,0,0,0
863,0,Paracetamol,2497,0,0,0,72,150,241,323,414,496,578,677,756,839,925,1009,1097,1180,1273,1344,1437,1520,1613,1698,1766,1846,1936,2007,2107,2181,2258,2347,2419,2497,2401,2285,2192,2096,2010,1907,1808,1706,1616,1521,1429,1328,1237,1143,1063,959,873,769,681,609,523,424,334,242,169,80,0,0,0,0,0
864,0,Paracetamol,2487,0,0,0,65,154,240,329,413,500,582,663,753,843,925,1005,1090,1189,1278,1358,1440,1520,1609,1695,1778,1850,1934,2015,2098,2185,2256,2330,2417,2487,2395,2299,2192,2094,1991,1907,1808,1705,1616,1510,1426,1341,1235,1146,1055,957,865,771,686,599,511,422,337,249,165,81,0,0,0,0,0
865,0,Paracetamol,2499,0,0,0,64,154,240,334,417,490,584,671,754,839,927,1008,1095,1179,1275,1357,1437,1520,1605,1693,1775,1847,1923,2013,2098,2177,2257,2337,2421,2499,2395,2287,2192,2093,1999,1906,1802,1695,1616,1523,1401,1325,1216,1143,1056,958,876,774,685,605,511,415,336,243,161,80,0,0,0,0,0
866,0,Paracetamol,2506,0,0,0,64,150,243,337,409,496,582,671,756,835,922,1010,1104,1189,1264,1349,1440,1520,1615,1694,1776,1854,1936,2025,2110,2187,2256,2340,2433,2506,2390,2291,2192,2101,2000,1903,1795,1711,1616,1523,1415,1328,1237,1150,1058,949,867,768,688,598,503,419,336,254,165,74,0,0,0,0,0
867,0,Paracetamol,2483,0,0,0,65,149,240,320,411,496,589,670,752,839,927,1009,1097,1184,1272,1360,1437,1520,1600,1682,1772,1858,1934,2009,2096,2172,2266,2338,2419,2483,2391,2298,2188,2095,1987,1904,1808,1702,1617,1516,1427,1328,1232,1143,1050,954,871,758,688,596,507,423,320,248,158,75,0,0,0,0,0
868,0,Paracetamol,2487,0,0,0,63,145,238,320,410,496,585,662,752,833,918,1013,1099,1183,1271,1358,1437,1520,1604,1685,1767,1855,1939,2027,2100,2181,2256,2352,2426,2487,2384,2286,2197,2101,1985,1889,1802,1715,1616,1511,1411,1328,1247,1148,1058,954,863,767,688,592,506,419,333,250,160,80,0,0,0,0,0
869,0,Paracetamol,2497,0,0,0,64,153,241,329,404,494,577,673,763,841,917,1007,1104,1192,1267,1354,1441,1520,1606,1695,1771,1848,1935,2023,2109,2178,2258,2342,2434,2497,2383,2287,2187,2099,1999,1888,1805,1708,1623,1530,1415,1328,1242,1147,1058,950,873,771,688,597,505,417,336,253,164,78,0,0,0,0,0
870,0,Paracetamol,2498,0,0,0,62,154,240,326,412,496,582,673,759,843,924,1007,1095,1193,1278,1350,1435,1514,1604,1695,1767,1855,1931,2017,2109,2175,2255,2336,2417,2498,2398,2232,2187,2085,1999,1906,1807,1706,1616,1521,1424,1327,1241,1141,1058,960,863,774,682,603,511,417,333,248,169,80,0,0,0,0,0
871,0,Paracetamol,2485,0,0,0,64,152,239,326,407,497,586,662,754,832,926,1003,1095,1187,1268,1358,1446,1517,1604,1682,1774,1855,1934,2015,2096,2187,2267,2338,2416,2485,2399,2290,2189,2096,1991,1904,1808,1710,1610,1511,1426,1334,1234,1141,1052,954,863,769,688,592,509,424,330,251,161,75,0,0,0,0,0
872,0,Paracetamol,2485,0,0,0,61,151,239,326,411,493,586,672,753,840,917,1008,1098,1182,1265,1356,1437,1521,1607,1680,1764,1861,1936,2006,2113,2174,2295,2347,2422,2485,2386,2288,2194,2101,1993,1893,1795,1709,1616,1504,1417,1328,1234,1136,1049,947,855,774,688,595,503,418,337,242,161,77,0,0,0,0,0
873,0,Paracetamol,2498,0,0,0,64,141,240,324,412,490,577,679,754,840,912,1004,1091,1192,1261,1350,1438,1515,1611,1692,1770,1842,1932,2023,2103,2175,2256,2334,2426,2498,2384,2285,2182,2096,1997,1889,1794,1699,1616,1524,1417,1321,1230,1139,1059,945,851,768,683,603,511,412,336,242,163,75,0,0,0,0,0
874,0,Paracetamol,2496,0,0,0,62,147,240,326,407,495,592,669,757,843,925,1001,1095,1183,1274,1350,1440,1514,1615,1696,1765,1853,1933,2012,2108,2183,2255,2334,2417,2496,2390,2285,2183,2094,2000,1903,1797,1700,1613,1526,1423,1327,1234,1138,1056,957,858,768,681,595,510,412,331,251,166,78,0,0,0,0,0
875,0,Paracetamol,2486,0,0,0,69,157,240,331,411,499,587,671,755,835,919,1020,1101,1187,1265,1354,1446,1522,1603,1683,1766,1859,1936,2013,2098,2181,2269,2351,2416,2486,2384,2293,2192,2094,1994,1904,1810,1714,1616,1513,1417,1342,1250,1140,1053,956,866,782,687,597,503,417,336,247,155,78,0,0,0,0,0
876,0,Paracetamol,2495,0,0,0,66,151,236,325,412,493,589,673,762,839,918,1008,1097,1193,1275,1350,1438,1519,1614,1699,1766,1849,1927,2022,2107,2176,2256,2331,2420,2495,2398,2292,2183,2096,2000,1898,1795,1703,1607,1519,1425,1330,1233,1145,1056,957,864,773,742,595,510,417,336,240,160,80,0,0,0,0,0
877,0,Paracetamol,2485,0,0,0,64,156,237,326,415,499,587,667,752,833,924,1008,1088,1183,1273,1358,1440,1520,1600,1690,1776,1846,1926,2012,2110,2179,2257,2337,2417,2485,2399,2291,2179,2090,1986,1899,1804,1707,1600,1506,1424,1338,1232,1139,1051,946,855,763,682,594,497,416,330,240,160,67,0,0,0,0,0
878,0,Paracetamol,2494,0,0,0,63,147,236,323,410,478,582,665,752,839,923,1006,1093,1190,1266,1348,1437,1515,1600,1693,1773,1843,1931,2006,2093,2182,2251,2333,2419,2494,2393,2282,2179,2093,1997,1901,1792,1701,1611,1510,1423,1328,1235,1136,1054,954,848,767,681,597,501,417,332,240,166,67,0,0,0,0,0
879,0,Paracetamol,2479,0,0,0,71,144,230,322,415,496,578,663,749,837,923,1003,1101,1179,1274,1356,1429,1510,1600,1680,1771,1853,1921,2011,2093,2179,2262,2338,2416,2479,2387,2289,2180,2096,1989,1897,1799,1701,1603,1507,1424,1328,1232,1141,1041,947,861,767,677,595,502,417,329,242,156,74,0,0,0,0,0
880,0,Paracetamol,2481,0,0,0,64,146,240,325,410,494,585,668,755,832,912,1007,1103,1193,1264,1347,1434,1522,1606,1684,1767,1850,1936,2023,2096,2176,2255,2347,2431,2481,2379,2286,2191,2098,1984,1898,1799,1712,1616,1510,1417,1328,1238,1142,1047,951,857,774,688,592,504,410,334,250,162,65,0,0,0,0,0
881,0,Paracetamol,2498,0,0,0,66,151,231,321,414,496,576,667,751,843,918,1002,1093,1187,1269,1353,1437,1510,1600,1693,1776,1847,1929,2005,2106,2185,2253,2335,2416,2498,2391,2285,2181,2086,1984,1899,1799,1703,1606,1505,1424,1331,1232,1138,1042,954,863,763,677,594,502,422,327,240,158,74,0,0,0,0,0
882,0,Paracetamol,2495,0,0,0,62,143,240,323,410,494,578,669,752,838,921,1002,1093,1185,1270,1348,1428,1515,1606,1684,1771,1840,1923,2022,2105,2168,2249,2328,2416,2495,2385,2285,2185,2087,1996,1895,1790,1706,1607,1515,1424,1318,1232,1136,1045,947,854,762,679,592,502,410,332,242,156,72,0,0,0,0,0
883,0,Paracetamol,2483,0,0,0,64,146,241,328,407,496,580,663,751,837,903,1006,1088,1182,1267,1346,1458,1516,1599,1681,1770,1851,1922,2005,2096,2182,2258,2331,2416,2483,2387,2288,2180,2085,1975,1894,1787,1701,1607,1503,1418,1328,1231,1134,1048,948,853,759,674,592,499,418,322,241,158,58,0,0,0,0,0
884,0,Paracetamol,2480,0,0,0,64,145,231,325,408,496,579,667,749,836,928,1008,1092,1174,1264,1358,1424,1513,1600,1639,1773,1851,1921,2001,2096,2181,2256,2323,2412,2480,2389,2287,2179,2078,1987,1894,1802,1699,1624,1518,1424,1329,1228,1142,1046,950,858,763,673,582,497,413,326,241,156,71,0,0,0,0,0
885,0,Paracetamol,2491,0,0,0,64,148,236,329,404,493,578,659,747,836,915,1005,1093,1176,1271,1355,1425,1515,1599,1691,1777,1847,1926,2007,2096,2179,2255,2331,2413,2491,2389,2286,2182,2089,1994,1898,1792,1699,1603,1509,1424,1326,1225,1137,1053,948,852,758,678,595,501,411,330,233,155,86,0,0,0,0,0
886,0,Paracetamol,2484,0,0,0,67,147,230,324,407,496,577,666,743,841,909,1003,1094,1183,1270,1349,1431,1511,1599,1695,1769,1843,1922,2005,2095,2183,2265,2333,2417,2484,2386,2289,2181,2085,1987,1898,1801,1696,1610,1501,1424,1328,1232,1135,1045,949,862,762,677,593,496,384,331,240,151,69,0,0,0,0,0
887,0,Paracetamol,2496,0,0,0,64,147,239,320,416,496,580,663,752,834,919,1004,1087,1182,1265,1355,1424,1513,1591,1693,1776,1843,1925,2003,2101,2177,2247,2342,2411,2496,2384,2274,2178,2087,1996,1898,1789,1697,1599,1520,1416,1316,1230,1136,1053,950,853,768,675,592,503,410,321,240,112,73,0,0,0,0,0
888,0,Paracetamol,2486,0,0,0,65,149,240,323,410,496,587,669,752,838,926,1023,1094,1184,1264,1354,1433,1518,1634,1686,1767,1849,1930,2007,2084,2183,2263,2335,2417,2486,2391,2288,2183,2085,1986,1885,1813,1707,1607,1500,1417,1330,1232,1138,1047,944,863,768,683,592,496,420,326,249,152,69,0,0,0,0,0
889,0,Paracetamol,2491,0,0,0,65,141,239,323,410,489,579,665,755,842,914,997,1098,1190,1267,1356,1428,1512,1607,1687,1765,1847,1925,2006,2099,2174,2248,2323,2408,2491,2387,2277,2185,2078,1990,1894,1789,1697,1600,1514,1424,1319,1225,1136,1049,950,853,767,673,593,497,410,331,238,155,70,0,0,0,0,0
890,0,Paracetamol,2492,0,0,0,62,147,236,325,402,493,576,661,752,832,910,1000,1118,1184,1263,1345,1429,1516,1607,1677,1764,1843,1927,2015,2090,2171,2253,2315,2419,2492,2382,2278,2178,2094,1990,1887,1789,1690,1607,1513,1411,1321,1229,1143,1047,944,854,765,677,592,496,403,327,240,154,64,0,0,0,0,0
891,0,Paracetamol,2485,0,0,0,64,145,238,323,411,496,582,669,756,841,927,1008,1092,1184,1277,1355,1431,1511,1597,1679,1775,1856,1935,2010,2096,2188,2274,2338,2416,2485,2395,2288,2188,2091,1984,1895,1805,1703,1606,1509,1425,1332,1242,1139,1050,953,861,768,674,597,502,418,331,242,152,70,0,0,0,0,0
892,0,Paracetamol,2480,0,0,0,64,146,237,322,410,496,581,667,736,837,919,1007,1097,1180,1264,1359,1444,1517,1596,1681,1765,1855,1923,2002,2096,2182,2257,2327,2415,2480,2388,2288,2176,2086,1983,1895,1797,1699,1605,1573,1419,1329,1230,1125,1072,944,862,764,675,592,507,418,323,235,156,64,0,0,0,0,0
893,0,Paracetamol,2483,0,0,0,57,150,237,322,403,485,581,669,747,833,912,1001,1099,1183,1266,1341,1432,1520,1603,1680,1763,1841,1936,2015,2094,2173,2254,2342,2432,2483,2379,2271,2189,2089,1981,1879,1791,1706,1609,1502,1408,1322,1232,1139,1045,947,863,771,688,582,503,414,321,240,157,67,0,0,0,0,0
894,0,Paracetamol,2484,0,0,0,64,144,235,320,406,494,572,663,751,836,918,1003,1091,1171,1263,1355,1426,1506,1591,1675,1772,1853,1921,2000,2096,2180,2256,2267,2415,2484,2384,2284,2180,2085,1984,1899,1803,1693,1601,1500,1417,1326,1223,1134,1041,948,858,759,676,586,503,406,320,239,149,65,0,0,0,0,0
895,0,Paracetamol,2480,0,0,0,64,153,235,320,400,487,578,684,747,835,914,1008,1093,1174,1264,1346,1441,1520,1591,1675,1764,1851,1933,2003,2093,2174,2256,2341,2410,2480,2378,2320,2190,2087,1983,1885,1803,1707,1606,1498,1407,1317,1232,1132,1042,939,855,768,671,592,493,407,330,240,150,64,0,0,0,0,0
896,0,Paracetamol,2487,0,0,0,57,144,234,323,402,491,576,661,752,831,915,993,1090,1185,1268,1343,1427,1508,1603,1685,1759,1840,1922,2011,2096,2168,2246,2326,2417,2487,2371,2274,2180,2077,1989,1872,1782,1691,1601,1510,1414,1309,1222,1139,1050,957,850,761,670,592,496,413,320,240,153,65,0,0,0,0,0
897,0,Paracetamol,2481,0,0,0,62,141,231,320,404,494,576,655,749,839,921,999,1090,1175,1264,1358,1426,1505,1591,1678,1770,1842,1923,2000,2099,2181,2250,2323,2411,2481,2384,2281,2175,2082,1975,1892,1799,1697,1600,1499,1415,1323,1218,1135,1041,959,851,758,671,586,496,413,321,235,147,65,0,0,0,0,0
898,0,Paracetamol,2480,0,0,0,59,148,233,320,411,496,581,665,750,829,924,1007,1090,1178,1255,1359,1437,1505,1594,1678,1776,1851,1914,2005,2087,2175,2259,2321,2409,2480,2384,2288,2175,2089,1980,1888,1791,1687,1602,1501,1415,1321,1222,1136,1047,950,855,763,682,589,495,407,321,239,148,68,0,0,0,0,0
899,0,Paracetamol,2489,0,0,0,63,140,224,318,401,494,631,656,743,831,915,1000,1086,1173,1265,1357,1425,1508,1598,1683,1771,1840,1917,2003,2096,2177,2247,2328,2402,2489,2382,2275,2178,2078,1990,1888,1787,1689,1600,1506,1405,1315,1226,1132,1045,944,850,763,671,589,495,411,320,240,148,64,0,0,0,0,0
900,0,Paracetamol,2489,0,0,0,53,145,231,320,401,491,576,659,751,724,912,1003,1091,1179,1264,1345,1425,1504,1606,1671,1759,1840,1920,2015,2096,2160,2254,2324,2417,2489,2371,2270,2176,2091,1986,1881,1787,1693,1605,1505,1407,1309,1227,1140,1043,1034,848,757,672,585,497,406,323,245,150,62,0,0,0,0,0
901,0,Paracetamol,2479,0,0,0,66,146,233,320,400,491,585,659,747,831,917,1007,1088,1181,1263,1352,1435,1506,1591,1679,1769,1850,1934,2014,2093,2176,2256,2331,2406,2479,2374,2286,2175,2083,1979,1885,1802,1701,1595,1500,1395,1324,1232,1134,1037,941,856,772,675,592,496,411,323,240,154,66,0,0,0,0,0
902,0,Paracetamol,2483,0,0,0,61,139,234,317,409,492,577,656,752,830,916,996,1078,1173,1253,1347,1434,1507,1594,1674,1765,1847,1919,2000,2087,2180,2258,2321,2410,2483,2384,2281,2180,2080,1977,1889,1801,1694,1597,1498,1411,1325,1219,1125,1040,946,853,762,671,592,498,411,315,238,150,62,0,0,0,0,0
903,0,Paracetamol,2471,0,0,0,52,144,234,320,402,491,576,665,747,823,915,1003,1095,1181,1255,1343,1426,1515,1601,1680,1766,1840,1934,2013,2089,2169,2246,2341,2418,2471,2376,2274,2176,2094,1975,1883,1790,1691,1613,1510,1401,1315,1227,1138,1043,942,849,752,676,585,493,409,320,250,153,56,0,0,0,0,0
904,0,Paracetamol,2487,0,0,0,55,144,237,326,406,487,548,658,752,831,913,995,1088,1181,1265,1339,1424,1509,1602,1685,1761,1838,1926,2003,2098,2165,2247,2322,2407,2487,2385,2270,2171,2079,1982,1884,1787,1693,1600,1505,1412,1315,1218,1131,1046,944,848,754,663,587,493,405,319,227,145,65,0,0,0,0,0
905,0,Paracetamol,2496,0,0,0,51,144,234,320,400,489,575,666,743,835,899,987,1096,1183,1259,1345,1425,1509,1585,1680,1761,1842,1921,2015,2097,2173,2246,2338,2416,2496,2375,2273,2181,2094,1983,1887,1782,1690,1606,1509,1401,1322,1229,1136,1041,935,848,759,673,588,492,411,315,240,150,73,0,0,0,0,0
906,0,Paracetamol,2477,0,0,0,63,144,230,320,403,491,577,658,747,844,918,1002,1089,1179,1265,1353,1427,1510,1591,1683,1773,1839,1924,2003,2096,2176,2241,2326,2415,2477,2383,2274,2178,2078,1990,1891,1779,1697,1599,1508,1417,1315,1207,1135,1035,944,844,758,675,581,496,402,320,235,145,68,0,0,0,0,0
907,0,Paracetamol,2485,0,0,0,57,143,229,326,400,490,577,663,751,832,914,994,1088,1182,1247,1345,1433,1501,1600,1682,1749,1836,1922,2011,2098,2160,2251,2326,2414,2485,2369,2271,2174,2094,1983,1882,1790,1690,1605,1510,1411,1314,1225,1136,1049,935,846,757,678,592,495,410,316,233,154,64,0,0,0,0,0
908,0,Paracetamol,2481,0,0,0,64,144,229,320,410,493,576,662,740,832,912,972,1089,1174,1263,1354,1436,1507,1598,1680,1770,1854,1925,2007,2093,2175,2256,2327,2414,2481,2382,2288,2178,2084,1972,1890,1797,1694,1604,1493,1417,1328,1219,1136,1041,945,854,759,667,589,490,411,316,239,144,64,0,0,0,0,0
909,0,Paracetamol,2479,0,0,0,63,122,229,319,406,491,579,663,748,830,912,1003,1095,1177,1259,1344,1434,1515,1594,1679,1757,1847,1936,2003,2090,2165,2258,2337,2411,2479,2374,2286,2185,2082,1982,1886,1793,1711,1600,1504,1413,1320,1232,1130,1040,943,848,766,661,583,492,406,322,237,144,59,0,0,0,0,0
910,0,Paracetamol,2475,0,0,0,52,144,243,320,408,491,574,662,749,830,915,1002,1109,1177,1263,1338,1424,1513,1605,1671,1755,1840,1935,2010,2084,2160,2241,2333,2416,2475,2377,2275,2180,2086,1975,1879,1788,1703,1611,1492,1411,1318,1227,1136,1043,943,847,752,672,587,491,409,321,238,151,66,0,0,0,0,0
911,0,Paracetamol,2477,0,0,0,58,140,227,315,404,496,575,659,746,832,918,991,1089,1178,1264,1351,1424,1507,1590,1682,1771,1840,1920,2002,2090,2176,2257,2323,2410,2477,2384,2278,2174,2077,1977,1887,1795,1689,1601,1502,1410,1328,1215,1131,1040,944,851,756,673,581,496,406,320,229,144,59,0,0,0,0,0
912,0,Paracetamol,2480,0,0,0,64,153,231,323,410,495,577,668,752,838,926,995,1096,1183,1275,1346,1435,1517,1600,1695,1771,1841,1932,2007,2096,2178,2257,2334,2416,2480,2395,2289,2178,2081,1988,1893,1795,1699,1600,1507,1421,1326,1226,1133,1040,953,860,762,672,591,505,415,320,237,144,69,0,0,0,0,0
913,0,Paracetamol,2485,0,0,0,55,145,235,321,400,480,576,658,752,832,914,1005,1087,1185,1267,1342,1424,1508,1601,1686,1767,1842,1923,2021,2098,2167,2245,2331,2421,2485,2377,2275,2176,2093,1985,1875,1779,1687,1605,1509,1402,1317,1227,1141,1040,937,835,752,670,585,493,403,321,235,146,63,0,0,0,0,0
914,0,Paracetamol,2479,0,0,0,58,144,235,318,400,485,571,667,751,828,912,999,1085,1181,1264,1335,1427,1505,1601,1683,1753,1840,1926,2015,2099,2171,2244,2323,2416,2479,2375,2275,2170,2083,1983,1878,1789,1691,1607,1502,1408,1315,1219,1136,1046,939,850,753,668,588,496,402,319,239,150,62,0,0,0,0,0
915,0,Paracetamol,2480,0,0,0,67,150,237,324,403,496,583,659,752,841,924,1012,1087,1182,1264,1360,1438,1514,1604,1680,1767,1855,1934,2007,2096,2171,2262,2343,2407,2480,2374,2289,2191,2083,1987,1889,1797,1706,1605,1503,1408,1328,1232,1135,1041,941,852,763,674,592,496,413,326,240,150,67,0,0,0,0,0
916,0,Paracetamol,2481,0,0,0,59,144,234,319,411,490,579,657,749,837,915,1002,1088,1181,1267,1351,1424,1509,1595,1684,1766,1843,1920,2009,2093,2177,2250,2333,2412,2481,2385,2283,2174,2067,1987,1895,1802,1693,1603,1503,1413,1328,1229,1137,1040,945,859,754,610,586,499,411,318,231,144,65,0,0,0,0,0
917,0,Paracetamol,2479,0,0,0,56,143,234,318,411,490,563,662,742,833,914,997,1083,1176,1265,1351,1423,1503,1593,1676,1771,1856,1920,2001,2084,2177,2256,2326,2405,2479,2383,2283,2176,2077,1979,1891,1793,1687,1594,1497,1415,1323,1226,1129,1040,945,854,763,672,582,496,404,319,230,143,61,0,0,0,0,0
918,0,Paracetamol,2476,0,0,0,59,144,232,317,402,489,574,659,748,836,917,992,1086,1172,1261,1346,1433,1506,1598,1680,1750,1838,1927,2015,2096,2173,2256,2323,2406,2476,2384,2287,2176,2073,1979,1889,1793,1694,1600,1503,1410,1324,1224,1125,1040,942,848,752,666,586,497,407,314,228,141,62,0,0,0,0,0
919,0,Paracetamol,2486,0,0,0,61,146,233,321,406,491,573,665,755,830,918,1003,1090,1188,1259,1340,1428,1509,1600,1678,1760,1840,1923,2016,2075,2161,2251,2329,2432,2486,2379,2274,2173,2087,1984,1878,1791,1691,1611,1509,1401,1317,1231,1135,1041,933,848,755,677,588,491,399,321,238,157,44,0,0,0,0,0
920,0,Paracetamol,2484,0,0,0,55,144,235,320,403,486,575,656,752,833,914,999,1086,1182,1263,1343,1427,1510,1602,1685,1756,1835,1917,2013,2098,2167,2245,2331,2416,2484,2368,2271,2176,2094,1983,1876,1782,1689,1605,1506,1410,1310,1227,1131,1042,939,849,765,671,562,493,407,314,211,144,58,0,0,0,0,0
921,0,Paracetamol,2486,0,0,0,54,144,229,320,401,486,574,659,752,829,912,999,1083,1182,1264,1342,1419,1504,1600,1680,1753,1840,1921,2000,2096,2160,2243,2323,2403,2486,2382,2267,2171,2077,1984,1890,1786,1685,1595,1502,1411,1315,1220,1124,1041,943,834,752,663,576,495,400,317,227,145,64,0,0,0,0,0
922,0,Paracetamol,2485,0,0,0,52,143,224,311,402,482,576,659,749,838,909,995,1078,1179,1263,1339,1424,1424,1600,1680,1757,1835,1919,2000,2096,2165,2242,2323,2416,2485,2373,2272,2172,2079,1987,1876,1780,1693,1595,1506,1410,1316,1219,1125,1043,939,845,766,662,583,493,400,313,230,146,64,0,0,0,0,0
923,0,Paracetamol,2487,0,0,0,55,143,232,320,405,483,567,657,746,826,888,986,1083,1180,1264,1344,1425,1507,1599,1686,1762,1834,1919,2012,2096,2165,2242,2327,2416,2487,2371,2270,2170,2086,1993,1877,1789,1696,1604,1503,1403,1311,1217,1132,1044,944,848,756,660,585,496,406,317,232,145,62,0,0,0,0,0
924,0,Paracetamol,2477,0,0,0,57,144,229,322,413,494,576,663,748,837,922,999,1130,1174,1259,1347,1431,1509,1600,1680,1771,1852,1922,2007,2094,2176,2255,2327,2410,2477,2390,2288,2176,2031,1983,1901,1797,1687,1600,1497,1419,1325,1223,1134,1042,944,848,753,672,586,504,406,321,238,146,60,0,0,0,0,0
925,0,Paracetamol,2479,0,0,0,52,143,236,318,400,479,577,655,740,827,911,1001,1090,1172,1264,1341,1431,1506,1595,1678,1757,1855,1926,2015,2090,2162,2232,2335,2403,2479,2372,2270,2182,2087,1977,1873,1792,1701,1607,1503,1406,1317,1228,1131,1023,938,848,763,651,577,495,400,320,238,144,55,0,0,0,0,0
926,0,Paracetamol,2483,0,0,0,57,135,226,319,399,481,582,656,751,833,917,994,1087,1113,1262,1346,1420,1507,1598,1680,1763,1839,1919,2000,2095,2173,2227,2327,2402,2483,2382,2267,2172,2080,1985,1888,1775,1683,1591,1497,1414,1315,1220,1128,1033,943,848,756,663,583,493,403,320,228,145,60,0,0,0,0,0
927,0,Paracetamol,2475,0,0,0,59,142,227,306,413,487,570,656,739,828,914,995,1088,1177,1251,1342,1427,1498,1589,1673,1766,1850,1925,1999,2083,2175,2253,2320,2405,2475,2374,2267,2172,2081,1979,1888,1790,1690,1595,1497,1403,1321,1219,1126,1038,939,850,751,666,586,494,400,312,228,144,55,0,0,0,0,0
928,0,Paracetamol,2482,0,0,0,54,138,224,317,405,491,573,656,751,834,912,987,1083,1174,1264,1347,1422,1502,1588,1681,1765,1840,1919,2000,2091,2171,2238,2323,2401,2482,2374,2269,2173,2069,1986,1897,1789,1679,1592,1503,1408,1311,1217,1129,1032,939,848,826,671,581,493,404,317,231,144,62,0,0,0,0,0
929,0,Paracetamol,2480,0,0,0,57,142,231,314,400,485,576,663,750,829,907,991,1094,1177,1259,1341,1425,1506,1600,1671,1755,1840,1931,2008,2087,2160,2242,2325,2415,2480,2366,2275,2175,2085,1982,1881,1776,1682,1600,1501,1403,1318,1219,1136,1037,930,839,755,666,583,487,399,311,229,148,47,0,0,0,0,0
930,0,Paracetamol,2480,0,0,0,57,135,223,317,400,483,572,655,749,830,910,993,1086,1178,1264,1340,1424,1502,1601,1683,1753,1837,1922,2009,2097,2159,2240,2321,2407,2480,2360,2267,2172,2077,1985,1889,1776,1683,1565,1504,1411,1308,1216,1131,1040,938,846,752,665,577,495,396,312,230,142,59,0,0,0,0,0
931,0,Paracetamol,2477,0,0,0,59,141,228,313,402,489,573,654,739,831,912,992,1081,1173,1253,1345,1415,1502,1588,1670,1759,1843,1923,1999,2096,2169,2242,2334,2406,2477,2374,2275,2172,2074,1973,1890,1794,1693,1591,1499,1410,1317,1216,1129,1040,938,849,754,665,587,491,402,308,227,143,61,0,0,0,0,0
932,0,Paracetamol,2468,0,0,0,57,144,225,317,401,482,581,656,743,831,940,1003,1088,1175,1263,1331,1425,1509,1595,1671,1753,1847,1922,2000,2075,2160,2253,2335,2399,2468,2368,2283,2181,2074,1973,1874,1789,1693,1591,1491,1401,1319,1222,1127,1038,935,840,756,673,577,494,400,321,239,141,58,0,0,0,0,0
933,0,Paracetamol,2480,0,0,0,48,141,233,320,403,485,575,656,749,831,912,997,1088,1181,1263,1342,1427,1510,1599,1685,1753,1838,1918,2009,2096,2160,2234,2329,2417,2480,2364,2266,2169,2086,1983,1875,1776,1669,1605,1503,1398,1310,1220,1127,1040,943,847,757,663,582,487,395,315,225,144,60,0,0,0,0,0
934,0,Paracetamol,2484,0,0,0,67,140,229,319,403,483,577,657,746,831,913,999,1089,1173,1264,1346,1426,1505,1591,1681,1759,1837,1918,1998,2091,2176,2247,2322,2401,2484,2384,2269,2161,2079,1983,1887,1783,1694,1585,1505,1411,1307,1218,1127,1040,944,847,753,661,581,496,400,322,230,144,53,0,0,0,0,0
935,0,Paracetamol,2483,0,0,0,64,144,228,315,402,484,574,656,749,827,912,999,1088,1174,1264,1342,1427,1490,1601,1683,1749,1828,1919,2015,2098,2162,2245,2327,2420,2483,2375,2267,2170,2069,1989,1886,1787,1683,1594,1501,1409,1310,1225,1130,1040,939,848,755,661,587,491,400,311,229,144,56,0,0,0,0,0
936,0,Paracetamol,2480,0,0,0,49,141,222,309,396,486,576,661,749,831,912,997,1086,1171,1264,1343,1424,1506,1599,1681,1758,1834,1918,2006,2096,2161,2241,2319,2416,2480,2368,2267,2172,2079,1983,1875,1781,1690,1599,1501,1398,1301,1221,1136,1040,933,848,754,671,592,491,400,315,230,144,63,0,0,0,0,0
937,0,Paracetamol,2466,0,0,0,51,140,231,318,394,483,577,659,742,832,912,997,1088,1170,1263,1350,1422,1508,1587,1681,1762,1843,1915,2000,2095,2169,2241,2324,2404,2466,2384,2264,2174,2077,1971,1878,1795,1684,1593,1495,1410,1313,1218,1123,1036,934,848,750,664,576,494,401,315,223,130,62,0,0,0,0,0
938,0,Paracetamol,2476,0,0,0,56,144,233,316,400,487,576,658,726,823,911,1001,1088,1172,1257,1344,1431,1515,1586,1673,1758,1840,1920,2001,2084,2166,2245,2327,2413,2476,2367,2258,2178,2086,1973,1876,1778,1697,1600,1490,1405,1307,1219,1136,1035,934,836,752,666,576,487,399,314,225,142,53,0,0,0,0,0
939,0,Paracetamol,2480,0,0,0,54,142,223,314,403,486,576,657,742,830,907,991,1087,1168,1259,1345,1423,1503,1590,1679,1771,1838,1914,1997,2096,2172,2243,2332,2403,2480,2380,2263,2175,2077,1978,1886,1780,1689,1581,1502,1411,1312,1218,1120,1038,944,848,751,665,576,489,400,316,228,142,59,0,0,0,0,0
940,0,Paracetamol,2473,0,0,0,54,144,231,318,399,484,573,663,743,832,912,997,1089,1173,1254,1342,1425,1506,1615,1680,1744,1835,1929,2007,2080,2165,2240,2321,2409,2473,2368,2272,2182,2085,1968,1879,1783,1695,1601,1500,1395,1301,1216,1134,1039,934,843,753,665,578,489,391,305,225,146,51,0,0,0,0,0
941,0,Paracetamol,2480,0,0,0,50,143,229,320,400,480,576,656,741,832,912,998,1089,1178,1253,1335,1427,1499,1590,1680,1776,1834,1920,2000,2096,2167,2240,2321,2397,2480,2382,2274,2170,2068,1981,1855,1785,1690,1592,1501,1408,1305,1214,1127,1039,935,843,749,664,579,493,398,316,226,144,55,0,0,0,0,0
942,0,Paracetamol,2469,0,0,0,58,149,234,309,403,487,576,663,743,828,912,1006,1086,1173,1264,1348,1433,1506,1593,1663,1751,1845,1905,2000,2083,2162,2255,2330,2401,2469,2371,2282,2176,2071,1969,1873,1791,1709,1600,1494,1399,1322,1226,1125,1034,939,848,756,672,576,482,404,315,229,146,53,0,0,0,0,0
943,0,Paracetamol,2482,0,0,0,55,142,230,309,400,483,574,646,747,832,912,997,1085,1179,1264,1341,1425,1506,1600,1683,1758,1845,1919,2010,2096,2160,2242,2320,2418,2482,2373,2267,2171,2079,1982,1881,1780,1691,1597,1501,1397,1309,1216,1125,1044,938,843,753,660,587,490,400,318,224,144,62,0,0,0,0,0
944,0,Paracetamol,2483,0,0,0,59,144,230,320,401,479,575,665,748,823,912,995,1088,1182,1265,1346,1425,1504,1600,1680,1753,1839,1917,2009,2096,2160,2242,2327,2400,2483,2378,2272,2172,2079,1984,1886,1783,1681,1594,1497,1409,1311,1221,1131,1047,944,847,753,660,582,485,401,314,232,139,55,0,0,0,0,0
945,0,Paracetamol,2482,0,0,0,55,144,224,320,400,487,571,659,749,823,909,997,1084,1171,1262,1332,1423,1508,1597,1680,1753,1835,1920,2003,2090,2159,2246,2321,2405,2482,2379,2269,2176,2079,1983,1881,1780,1692,1595,1506,1410,1312,1219,1123,1040,942,845,752,658,579,492,401,309,215,142,60,0,0,0,0,0
946,0,Paracetamol,2483,0,0,0,50,153,224,311,400,495,571,659,739,823,917,994,1087,1173,1257,1343,1424,1502,1594,1680,1759,1840,1922,1998,2080,2176,2242,2320,2403,2483,2384,2262,2174,2075,1985,1884,1774,1681,1588,1505,1407,1313,1214,1125,1037,937,846,749,667,577,496,402,317,226,141,58,0,0,0,0,0
947,0,Paracetamol,2471,0,0,0,54,147,238,321,400,495,576,665,747,823,918,1005,1077,1169,1259,1344,1427,1513,1588,1674,1766,1844,1926,1998,2088,2172,2256,2338,2401,2471,2371,2282,2182,2075,1974,1883,1791,1699,1597,1489,1402,1314,1223,1124,1035,933,851,764,671,585,495,400,320,229,145,56,0,0,0,0,0
948,0,Paracetamol,2480,0,0,0,58,144,237,320,397,487,577,658,741,832,916,1002,1088,1168,1255,1347,1431,1511,1591,1678,1764,1844,1914,2001,2083,2176,2224,2320,2411,2480,2384,2283,2173,2079,1977,1874,1789,1706,1597,1497,1401,1320,1223,1121,1039,932,847,758,664,577,487,402,311,229,138,50,0,0,0,0,0
949,0,Paracetamol,2480,0,0,0,52,139,226,315,400,486,576,661,749,830,902,991,1085,1179,1263,1339,1424,1512,1596,1680,1750,1838,1917,1999,2095,2174,2241,2322,2399,2480,2384,2260,2166,2074,1983,1888,1781,1690,1590,1501,1409,1312,1213,1120,1040,942,844,752,659,578,491,395,316,222,142,61,0,0,0,0,0
950,0,Paracetamol,2473,0,0,0,58,143,227,318,400,487,577,661,742,828,913,1004,1086,1172,1254,1349,1430,1500,1593,1671,1756,1844,1921,2000,2085,2162,2253,2337,2402,2473,2370,2282,2176,2074,1970,1875,1791,1698,1592,1491,1394,1315,1222,1121,1038,934,848,758,661,576,484,403,323,229,144,52,0,0,0,0,0
951,0,Paracetamol,2485,0,0,0,56,144,236,321,405,493,572,657,749,823,912,999,1079,1181,1264,1348,1424,1507,1600,1683,1758,1840,1920,2011,2100,2160,2247,2327,2418,2485,2373,2269,2171,2089,1983,1872,1786,1687,1602,1508,1406,1312,1220,1123,1040,937,845,747,663,580,490,399,307,227,145,64,0,0,0,0,0
952,0,Paracetamol,2473,0,0,0,62,148,233,320,401,490,583,663,742,831,911,1008,1094,1175,1261,1351,1436,1511,1591,1675,1782,1850,1931,2002,2090,2160,2240,2339,2401,2473,2377,2259,2183,2096,1978,1877,1784,1697,1601,1498,1408,1311,1225,1136,1031,933,842,761,665,584,491,399,319,231,146,62,0,0,0,0,0
953,0,Paracetamol,2477,0,0,0,64,144,229,320,412,496,583,665,752,839,919,1004,1088,1182,1263,1358,1425,1513,1595,1619,1767,1840,1923,2006,2091,2175,2245,2331,2410,2477,2388,2285,2177,2085,1978,1891,1799,1680,1601,1497,1409,1322,1221,1122,1034,944,849,751,667,585,496,413,327,229,142,62,0,0,0,0,0
954,0,Paracetamol,2471,0,0,0,54,144,228,320,401,487,575,661,742,842,912,1005,1086,1171,1259,1346,1393,1509,1600,1675,1750,1849,1930,2002,2080,2164,2256,2341,2405,2471,2369,2279,2179,2073,1968,1882,1793,1700,1597,1488,1399,1319,1228,1130,1040,939,841,757,660,579,489,411,319,226,144,60,0,0,0,0,0
955,0,Paracetamol,2483,0,0,0,64,144,234,321,403,486,578,666,752,828,912,1000,1088,1180,1268,1341,1425,1509,1597,1689,1759,1840,1920,2012,2095,2172,2245,2330,2417,2483,2374,2272,2176,2083,1984,1873,1783,1693,1601,1498,1406,1316,1221,1137,1040,935,847,752,673,583,491,401,315,236,144,57,0,0,0,0,0
956,0,Paracetamol,2482,0,0,0,57,144,220,310,402,482,566,656,743,829,911,994,1078,1175,1264,1344,1420,1503,1600,1680,1751,1838,1911,2007,2091,2160,2240,2319,2406,2482,2377,2271,2171,2074,1983,1883,1780,1687,1591,1504,1409,1307,1212,1123,1037,934,842,755,660,583,491,400,307,230,143,58,0,0,0,0,0
957,0,Paracetamol,2482,0,0,0,60,144,230,322,404,490,576,659,748,836,921,1003,1092,1170,1255,1354,1429,1513,1600,1680,1773,1853,1921,2000,2087,2174,2256,2329,2407,2482,2384,2284,2176,2079,1981,1888,1796,1691,1599,1498,1412,1321,1223,1129,1040,944,839,757,665,579,496,403,315,235,143,71,0,0,0,0,0
958,0,Paracetamol,2478,0,0,0,51,144,233,318,407,491,574,669,752,827,912,999,1091,1184,1255,1342,1429,1515,1604,1678,1763,1840,1924,2009,2087,2170,2243,2339,2420,2478,2371,2267,2179,2089,1985,1874,1786,1698,1602,1498,1409,1315,1229,1136,1043,939,846,752,676,587,492,400,320,234,146,57,0,0,0,0,0
959,0,Paracetamol,2485,0,0,0,57,143,230,320,400,493,576,661,747,835,917,997,1079,1170,1265,1350,1427,1509,1597,1683,1765,1838,1921,2000,2095,2178,2241,2324,2401,2485,2384,2280,2166,2077,1985,1886,1776,1685,1593,1509,1408,1307,1219,1131,1031,930,843,752,667,578,493,402,315,229,146,55,0,0,0,0,0
960,0,Paracetamol,2483,0,0,0,59,144,230,322,410,486,573,656,753,836,912,1001,1087,1185,1264,1345,1429,1513,1599,1681,1760,1835,1919,2002,2097,2165,2240,2331,2411,2483,2382,2270,2173,2071,1987,1892,1786,1691,1595,1500,1407,1312,1220,1126,1042,942,847,759,670,583,493,404,317,232,154,54,0,0,0,0,0
961,0,Paracetamol,2487,0,0,0,64,144,232,308,407,495,578,658,752,833,915,994,1087,1176,1264,1353,1424,1509,1593,1680,1767,1825,1920,2001,2097,2175,2245,2323,2410,2487,2386,2270,2175,2083,1974,1887,1792,1690,1596,1500,1408,1319,1218,1133,1038,938,848,755,635,580,493,407,318,227,141,61,0,0,0,0,0
962,0,Paracetamol,2467,0,0,0,57,141,231,314,399,485,579,660,745,826,914,998,1097,1179,1259,1342,1425,1510,1599,1678,1747,1839,1927,2011,2081,2165,2242,2337,2416,2467,2369,2263,2179,2086,1968,1873,1786,1686,1600,1503,1401,1316,1223,1125,1035,932,847,758,663,582,487,400,309,227,143,51,0,0,0,0,0
963,0,Paracetamol,2474,0,0,0,54,147,228,315,386,491,560,655,741,832,913,1002,1081,1167,1261,1345,1427,1504,1585,1670,1760,1847,1916,2000,2080,2173,2247,2323,2406,2474,2383,2282,2166,2089,1975,1883,1791,1683,1587,1494,1412,1314,1216,1117,1039,935,845,741,661,575,493,400,305,230,138,58,0,0,0,0,0
964,0,Paracetamol,2471,0,0,0,52,141,231,313,400,483,572,659,741,820,912,1003,1088,1160,1254,1335,1429,1518,1585,1674,1755,1840,1926,2000,2080,2160,2245,2327,2398,2471,2368,2262,2179,2078,1970,1873,1779,1669,1602,1488,1398,1310,1220,1127,1023,928,842,752,666,577,485,397,303,224,143,48,0,0,0,0,0
965,0,Paracetamol,2475,0,0,0,55,143,227,311,403,487,576,657,739,826,911,1001,1088,1171,1258,1339,1423,1509,1584,1671,1757,1843,1927,1996,2079,2167,2254,2322,2402,2475,2370,2278,2179,2066,1969,1870,1793,1697,1593,1490,1401,1307,1223,1123,1019,927,848,754,660,576,485,400,313,225,134,54,0,0,0,0,0
966,0,Paracetamol,2467,0,0,0,55,151,230,312,394,474,570,656,738,823,902,999,1089,1169,1250,1344,1423,1514,1599,1673,1754,1836,1926,2006,2081,2159,2238,2329,2411,2467,2362,2266,2174,2083,1968,1872,1783,1691,1591,1488,1392,1306,1226,1127,1021,930,839,753,667,574,466,397,308,223,141,52,0,0,0,0,0
967,0,Paracetamol,2468,0,0,0,59,141,230,315,399,487,577,657,740,826,912,1001,1089,1168,1254,1339,1423,1514,1584,1681,1758,1844,1918,1991,2082,2160,2246,2327,2409,2468,2367,2277,2176,2071,1968,1871,1786,1696,1586,1495,1395,1316,1219,1123,1034,935,848,755,655,582,487,395,313,226,144,52,0,0,0,0,0
968,0,Paracetamol,2471,0,0,0,55,139,227,320,399,489,567,658,746,826,912,993,1090,1179,1258,1333,1423,1513,1600,1654,1751,1833,1917,2003,2081,2159,2241,2324,2415,2471,2369,2259,2179,2087,1968,1873,1777,1685,1597,1504,1393,1306,1218,1135,1040,930,843,752,663,580,489,400,312,229,144,51,0,0,0,0,0
969,0,Paracetamol,2480,0,0,0,68,139,223,309,400,487,574,656,737,827,909,991,1086,1169,1264,1344,1424,1504,1593,1674,1758,1834,1917,2000,2090,2173,2238,2321,2402,2480,2374,2271,2165,2073,1983,1883,1778,1682,1586,1498,1310,1303,1216,1123,1021,935,848,750,656,572,484,400,314,223,144,51,0,0,0,0,0
970,0,Paracetamol,2473,0,0,0,58,144,232,316,398,486,576,662,746,828,912,998,1103,1175,1260,1342,1425,1510,1601,1675,1765,1837,1933,2007,2081,2159,2243,2333,2414,2473,2370,2269,2181,2084,1975,1874,1783,1696,1602,1488,1395,1305,1232,1129,1023,926,867,752,673,585,485,399,309,225,144,48,0,0,0,0,0
971,0,Paracetamol,2465,0,0,0,57,142,229,314,398,486,570,663,750,827,912,999,1090,1178,1261,1339,1420,1514,1600,1675,1751,1839,1925,2006,2090,2163,2243,2337,2416,2465,2363,2267,2180,2083,1975,1876,1777,1695,1601,1491,1399,1310,1227,1131,1035,929,842,749,668,578,487,395,309,232,141,54,0,0,0,0,0
972,0,Paracetamol,2468,0,0,0,48,139,226,310,397,483,573,662,735,826,910,997,1088,1173,1255,1339,1431,1509,1590,1674,1754,1841,1926,1993,2077,2162,2246,2337,2404,2468,2370,2272,2174,2071,1969,1872,1785,1694,1584,1488,1397,1309,1217,1122,1034,927,837,752,659,576,481,400,316,223,136,50,0,0,0,0,0
973,0,Paracetamol,2483,0,0,0,58,144,234,316,401,490,571,659,752,829,910,1000,1094,1181,1264,1337,1424,1510,1599,1677,1765,1841,1919,2004,2086,2166,2243,2322,2410,2483,2374,2281,2173,2081,1979,1872,1779,1685,1601,1503,1398,1307,1214,1127,1041,932,843,751,667,583,485,400,312,229,145,57,0,0,0,0,0
974,0,Paracetamol,2473,0,0,0,51,137,225,310,400,485,566,656,741,819,919,995,1075,1166,1252,1345,1424,1499,1581,1674,1740,1840,1915,1989,2082,2171,2247,2319,2391,2473,2375,2273,2163,2065,1969,1883,1791,1684,1590,1487,1408,1310,1211,1118,1023,974,843,749,655,571,481,393,305,221,135,49,0,0,0,0,0
975,0,Paracetamol,2467,0,0,0,52,144,227,309,402,483,572,657,736,830,905,991,1084,1188,1258,1344,1431,1502,1584,1667,1762,1845,1914,1994,2078,2165,2252,2320,2399,2467,2370,2273,2167,2070,1968,1879,1789,1687,1595,1491,1405,1311,1213,1123,1031,933,847,743,659,576,481,400,304,225,142,48,0,0,0,0,0
976,0,Paracetamol,2467,0,0,0,48,138,226,319,401,481,566,656,751,821,910,991,1087,1171,1243,1333,1423,1507,1599,1665,1747,1827,1921,2002,2075,2160,2242,2327,2410,2467,2361,2267,2161,2075,1966,1874,1776,1680,1600,1515,1394,1312,1216,1123,1033,928,832,752,659,576,479,398,305,225,138,48,0,0,0,0,0
977,0,Paracetamol,2484,0,0,0,58,145,233,317,400,490,576,661,752,836,899,995,1086,1183,1264,1344,1429,1504,1594,1681,1761,1841,1920,2000,2103,2176,2241,2326,2401,2484,2384,2268,2173,2076,1978,1889,1783,1684,1597,1499,1408,1311,1219,1118,1040,938,842,751,667,582,487,400,311,223,141,60,0,0,0,0,0
978,0,Paracetamol,2463,0,0,0,54,144,219,317,396,479,576,656,739,826,906,999,1088,1166,1255,1341,1425,1514,1584,1671,1752,1841,1920,2001,2084,2160,2250,2335,2399,2463,2363,2275,2177,2068,1971,1875,1788,1683,1572,1489,1398,1312,1224,1123,1022,932,843,751,657,576,483,391,310,225,135,51,0,0,0,0,0
979,0,Paracetamol,2479,0,0,0,59,143,232,322,401,485,581,660,749,832,913,1002,1077,1182,1265,1344,1424,1505,1603,1680,1755,1834,1917,1995,2096,2170,2239,2325,2407,2479,2384,2272,2173,2081,1977,1883,1777,1685,1593,1502,1404,1307,1222,1123,1040,941,843,752,669,566,505,400,318,231,139,57,0,0,0,0,0
980,0,Paracetamol,2467,0,0,0,49,141,225,316,400,481,576,657,744,821,904,993,1089,1177,1254,1334,1425,1516,1592,1673,1759,1834,1926,2003,2069,2160,2237,2337,2408,2467,2368,2272,2171,2081,1957,1872,1776,1693,1593,1491,1398,1303,1217,1128,1020,927,838,743,659,579,482,390,305,229,142,54,0,0,0,0,0
981,0,Paracetamol,2473,0,0,0,49,139,228,316,400,478,571,656,742,828,912,990,1081,1170,1262,1345,1421,1503,1591,1680,1758,1836,1915,1927,2093,2170,2234,2319,2399,2473,2377,2261,2166,2067,1985,1875,1775,1680,1581,1491,1399,1305,1218,1118,1035,930,832,742,657,574,486,397,305,224,139,50,0,0,0,0,0
982,0,Paracetamol,2471,0,0,0,56,141,224,315,404,487,578,656,747,841,906,989,1088,1172,1267,1351,1419,1505,1598,1681,1765,1838,1921,1994,2064,2174,2265,2318,2403,2471,2377,2283,2162,2068,1969,1884,1790,1688,1587,1490,1407,1318,1214,1119,1040,934,848,753,658,576,486,400,306,215,143,51,0,0,0,0,0
983,0,Paracetamol,2473,0,0,0,49,142,225,311,398,480,576,662,739,819,907,1004,1081,1174,1259,1340,1422,1509,1588,1670,1754,1840,1922,1995,2087,2162,2249,2331,2398,2473,2368,2275,2177,2066,1970,1866,1787,1686,1601,1489,1394,1313,1217,1122,1023,928,847,756,657,570,478,395,311,228,139,51,0,0,0,0,0
984,0,Paracetamol,2471,0,0,0,54,141,220,311,397,486,572,652,746,830,912,993,1085,1170,1262,1343,1419,1496,1589,1677,1767,1829,1915,1995,2079,2164,2253,2320,2405,2471,2371,2272,2167,2075,1969,1879,1783,1679,1588,1488,1402,1312,1214,1121,1023,935,841,750,655,574,479,399,307,222,131,51,0,0,0,0,0
985,0,Paracetamol,2469,0,0,0,46,139,224,309,396,479,570,656,737,830,909,997,1089,1168,1252,1336,1427,1511,1582,1669,1756,1842,1919,1997,2080,2160,2244,2330,2404,2469,2363,2272,2177,2073,1951,1872,1788,1691,1587,1493,1392,1309,1217,1119,1018,925,845,752,661,575,480,392,304,225,131,48,0,0,0,0,0
986,0,Paracetamol,2475,0,0,0,48,130,220,308,385,489,563,656,737,819,910,990,1076,1168,1258,1339,1414,1496,1585,1686,1762,1830,1909,1985,2089,2166,2237,2317,2367,2475,2375,2262,2163,2070,1975,1877,1776,1679,1593,1492,1406,1299,1210,1108,1017,931,834,752,656,576,475,392,304,214,135,48,0,0,0,0,0
987,0,Paracetamol,2467,0,0,0,53,137,222,316,399,484,560,655,743,821,912,994,1078,1163,1254,1330,1418,1499,1584,1671,1758,1835,1906,1999,2079,2162,2251,2320,2397,2467,2375,2271,2165,2065,1966,1874,1780,1681,1587,1489,1399,1311,1215,1121,1020,927,839,743,656,574,483,397,308,214,129,51,0,0,0,0,0
988,0,Paracetamol,2480,0,0,0,48,134,225,318,397,478,566,655,739,825,909,983,1084,1174,1254,1331,1412,1499,1584,1683,1753,1840,1915,1995,2087,2167,2240,2318,2398,2480,2372,2266,2163,2065,1971,1875,1773,1681,1584,1493,1392,1302,1211,1111,1033,933,828,741,652,575,486,387,308,220,141,49,0,0,0,0,0
989,0,Paracetamol,2467,0,0,0,47,139,221,307,393,481,568,658,741,816,911,990,1085,1169,1255,1334,1419,1506,1587,1672,1746,1830,1927,1997,2073,2155,2237,2330,2407,2467,2363,2259,2174,2078,1963,1869,1776,1680,1594,1487,1391,1265,1216,1117,1019,925,834,744,660,577,471,395,309,218,138,48,0,0,0,0,0
990,0,Paracetamol,2467,0,0,0,48,133,221,305,397,475,595,657,736,817,909,982,1081,1174,1252,1337,1423,1505,1589,1667,1751,1829,1918,2003,2075,2159,2238,2346,2406,2467,2359,2258,2171,2077,1963,1863,1749,1689,1585,1485,1388,1305,1214,1118,1019,922,835,768,656,575,479,384,308,218,131,47,0,0,0,0,0
991,0,Paracetamol,2473,0,0,0,48,130,219,316,399,474,573,655,737,822,905,983,1077,1169,1264,1328,1410,1498,1587,1677,1763,1827,1918,1995,2083,2169,2236,2317,2384,2473,2373,2261,2160,2064,1977,1872,1775,1676,1585,1497,1399,1301,1214,1120,1033,929,837,743,652,577,486,387,308,211,134,50,0,0,0,0,0
992,0,Paracetamol,2465,0,0,0,48,136,221,311,400,479,567,649,739,816,912,990,1075,1166,1255,1337,1424,1497,1587,1665,1759,1838,1905,1992,2074,2161,2244,2317,2391,2465,2373,2267,2160,2061,1968,1882,1781,1786,1584,1487,1399,1305,1207,1107,1017,938,838,743,656,574,481,389,307,214,122,45,0,0,0,0,0
993,0,Paracetamol,2462,0,0,0,49,131,224,305,400,482,564,656,721,823,908,993,1076,1173,1255,1344,1421,1501,1583,1677,1757,1830,1908,1989,2075,2160,2246,2322,2398,2462,2370,2273,2164,2066,1963,1871,1777,1679,1584,1488,1402,1307,1210,1115,1022,929,835,741,651,568,481,397,301,215,133,48,0,0,0,0,0
994,0,Paracetamol,2477,0,0,0,48,137,223,305,389,475,565,653,742,816,897,991,1079,1169,1251,1330,1418,1501,1595,1671,1746,1828,1907,2003,2087,2157,2231,2311,2406,2477,2364,2263,2160,2075,1974,1872,1776,1680,1592,1494,1390,1296,1205,1127,1023,923,838,737,650,574,477,389,303,219,129,48,0,0,0,0,0
995,0,Paracetamol,2461,0,0,0,39,139,224,302,395,479,567,654,735,816,906,983,1075,1170,1244,1344,1416,1502,1591,1669,1754,1824,1914,2000,2079,2165,2235,2324,2394,2461,2363,2257,2161,2074,1967,1871,1773,1678,1587,1490,1390,1303,1218,1118,1019,927,830,750,661,570,475,384,309,213,128,47,0,0,0,0,0
996,0,Paracetamol,2474,0,0,0,43,135,214,310,399,471,563,650,741,821,906,990,1070,1165,1252,1332,1422,1502,1584,1670,1744,1824,1918,2000,2085,2165,2237,2276,2397,2474,2370,2256,2158,2058,1980,1875,1776,1679,1584,1478,1397,1287,1213,1118,1035,925,832,762,651,576,479,387,314,219,133,48,0,0,0,0,0
997,0,Paracetamol,2478,0,0,0,55,142,226,315,400,477,572,624,750,832,902,989,1087,1173,1248,1334,1420,1498,1597,1679,1744,1831,1918,2000,2086,2167,2235,2319,2397,2478,2375,2256,2160,2064,1971,1882,1776,1680,1578,1493,1398,1298,1210,1119,1023,934,835,747,655,574,477,388,307,215,138,48,0,0,0,0,0
998,0,Paracetamol,2477,0,0,0,48,131,230,311,395,496,573,653,737,816,903,991,1083,1171,1261,1333,1421,1488,1587,1680,1753,1826,1911,1995,2088,2162,2234,2319,2399,2477,2375,2256,2161,2064,1970,1857,1775,1681,1584,1489,1402,1298,1207,1115,1023,930,834,742,651,573,481,390,300,211,138,50,0,0,0,0,0
999,0,Paracetamol,2481,0,0,0,51,139,221,313,400,477,566,657,742,829,900,992,1079,1172,1264,1340,1424,1535,1596,1675,1747,1835,1909,2000,2094,2166,2238,2320,2397,2481,2377,2257,2165,2067,1974,1872,1776,1680,1584,1499,1409,1298,1207,1111,1031,935,837,740,656,576,481,396,307,215,140,50,0,0,0,0,0
1000,0,Paracetamol,2477,0,0,0,54,144,231,320,405,486,575,662,736,817,911,1006,1089,1175,1259,1335,1429,1513,1587,1671,1756,1835,1911,1991,2081,2160,2244,2333,2412,2477,2402,2261,2181,2076,1971,1876,1776,1687,1599,1488,1398,1301,1232,1120,1020,931,845,751,663,576,465,390,316,231,140,56,0,0,0,0,0
1001,0,Paracetamol,2464,0,0,0,104,145,231,316,400,483,576,658,742,828,911,989,1089,1173,1260,1342,1417,1511,1599,1675,1756,1838,1920,2002,2082,2161,2234,2331,2410,2464,2367,2261,2177,2084,1968,1872,1776,1687,1599,1486,1396,1306,1216,1128,1019,928,835,750,661,571,482,394,307,224,134,51,0,0,0,0,0
1002,0,Paracetamol,2464,0,0,0,59,131,225,306,396,483,561,655,733,827,907,995,1077,1168,1261,1342,1414,1499,1584,1658,1755,1831,1905,1986,2080,2165,2245,2311,2395,2464,2374,2270,2153,2066,1959,1875,1776,1680,1584,1486,1396,1307,1205,1118,1023,929,834,745,656,575,481,390,303,224,133,48,0,0,0,0,0
1003,0,Paracetamol,2470,0,0,0,48,139,225,316,391,475,569,656,742,815,903,992,1073,1168,1261,1369,1420,1500,1594,1672,1747,1830,1910,2007,2089,2158,2235,2309,2404,2470,2358,2255,2164,2074,1968,1873,1773,1680,1593,1502,1376,1296,1195,1127,1023,927,834,745,655,573,466,387,293,215,141,48,0,0,0,0,0
1004,0,Paracetamol,2469,0,0,0,50,176,233,306,399,477,565,653,735,818,912,993,1079,1170,1250,1343,1424,1486,1584,1659,1765,1839,1908,1996,2077,2162,2243,2313,2401,2469,2370,2269,2160,2069,1968,1878,1781,1679,1585,1487,1400,1307,1205,1111,1022,926,835,743,654,567,484,396,304,219,139,45,0,0,0,0,0
1005,0,Paracetamol,2471,0,0,0,48,138,224,311,399,489,563,651,743,822,909,988,1076,1172,1258,1335,1418,1494,1585,1679,1747,1833,1903,1995,2087,2147,2234,2317,2402,2471,2366,2256,2160,2073,1974,1866,1775,1680,1592,1490,1392,1295,1211,1119,1023,918,831,742,659,576,478,387,302,218,142,46,0,0,0,0,0
1006,0,Paracetamol,2464,0,0,0,51,138,226,317,398,481,571,655,737,821,912,997,1076,1168,1246,1363,1424,1499,1587,1665,1759,1840,1904,1984,2075,2160,2241,2321,2393,2464,2375,2266,2157,2071,1964,1873,1779,1680,1584,1491,1404,1299,1209,1111,1022,927,836,746,655,569,479,390,304,220,130,57,0,0,0,0,0
1007,0,Paracetamol,2476,0,0,0,53,135,224,309,399,468,570,651,741,827,906,983,1078,1166,1256,1343,1421,1499,1584,1674,1755,1830,1913,1995,2082,2162,2237,2315,2394,2476,2373,2256,2165,2061,1975,1877,1775,1679,1586,1494,1394,1296,1197,1109,1013,935,833,743,654,570,479,397,305,215,133,48,0,0,0,0,0
1008,0,Paracetamol,2461,0,0,0,49,135,219,304,395,480,560,651,738,820,911,993,1077,1170,1259,1337,1419,1497,1587,1678,1755,1823,1917,1991,2066,2166,2233,2317,2398,2461,2371,2285,2158,2065,1959,1877,1779,1680,1584,1488,1404,1308,1200,1118,1023,923,843,743,651,573,481,397,301,215,135,42,0,0,0,0,0
1009,0,Fake,0,0,0,0,0,0,0,0,0,0,0,0,0,0,0,0,0,0,0,0,0,0,0,0,0,0,0,0,0,0,0,0,0,0,0,0,0,0,0,0,0,0,0,0,0,0,0,0,0,0,0,0,0,0,0,0,0,0,0,0,0,0,0,0,0
1010,0,Fake,0,0,0,0,0,0,0,0,0,0,0,0,0,0,0,0,0,0,0,0,0,0,0,0,0,0,0,0,0,0,0,0,0,0,0,0,0,0,0,0,0,0,0,0,0,0,0,0,0,0,0,0,0,0,0,0,0,0,0,0,0,0,0,0,0
1011,0,Fake,3165,0,0,97,206,309,400,530,666,699,793,887,982,1086,1185,1275,1361,1475,1450,1684,1754,1782,1937,1973,2161,2242,2351,2449,2559,2672,2773,2911,3025,3165,3135,2867,2762,2765,2513,2415,2206,2166,2039,1922,1808,1702,1582,1456,1345,1232,1121,998,894,784,658,561,452,360,251,149,45,0,0,0,0
1012,0,Fake,3195,0,0,103,130,274,384,490,593,731,797,912,1023,1119,1296,1329,1381,1443,1495,1695,1986,1892,2060,2155,2254,2365,2478,2559,2672,2833,2865,2990,3094,3195,2862,2877,2785,2509,2521,2399,2290,2176,2043,1968,1832,1739,1577,1517,1409,1198,1010,966,895,825,535,624,511,427,304,207,89,0,0,0,0
1013,0,Fake,3211,0,0,59,181,259,370,465,581,665,787,861,986,1109,1280,1304,1520,1535,1678,1757,1845,1937,2062,2155,2284,2342,2464,2559,2671,2764,2801,3113,3173,3211,3100,2850,2789,2679,2555,2416,2314,2195,2083,1922,1856,1753,1616,1562,1299,1299,1182,972,962,858,741,635,583,419,319,230,109,16,0,0,0
1014,0,Fake,3267,0,0,43,144,251,368,438,535,676,849,866,999,996,1232,1312,1417,1492,1584,1743,1831,1936,2046,2144,2259,2385,2443,2535,2686,2772,2867,2909,3267,3190,3082,2915,2786,2656,2515,2416,2315,2186,2096,1938,1861,1712,1633,1585,1493,1344,1206,1072,957,845,750,620,507,426,304,203,112,8,0,0,0
1015,0,Fake,3179,0,0,22,131,240,343,447,560,658,763,879,978,1086,1188,1296,1403,1515,1619,1715,1821,1920,2028,2128,2232,2326,2437,2535,2627,2734,2847,2961,3081,3179,3026,2896,2773,2654,2522,2402,2291,2176,2066,1948,1840,1729,1622,1505,1391,1267,1165,1049,947,834,720,619,511,404,305,192,93,0,0,0,0
1016,0,Fake,3168,0,0,21,128,186,337,452,557,650,682,832,1078,995,1242,1262,1394,1504,1607,1723,1783,1927,1969,2119,2221,2303,2426,2468,2642,2694,2727,2950,3067,3168,3002,2865,2715,2657,2509,2372,2288,2174,2058,2042,1721,1699,1678,1499,1380,1263,1174,1040,941,827,780,611,499,304,281,119,39,0,0,0,0
1017,0,Fake,3171,0,0,0,0,115,308,500,551,653,758,815,963,1072,1181,1278,1380,1477,1574,1790,1790,1919,1969,2151,2223,2322,2407,2479,2622,2735,2833,2933,3040,3171,3008,2669,2740,2650,2559,2398,2288,2162,2057,1935,1857,1710,1598,1494,1383,1221,1154,1040,937,786,703,607,496,394,294,240,82,0,0,0,0
1018,0,Fake,3149,0,0,11,115,219,298,431,549,704,723,859,882,1042,1090,1376,1393,1757,1613,1704,1799,1867,1985,2118,2207,2336,2408,2511,2400,2692,2832,2916,3051,3149,3003,2880,2736,2637,2502,2399,2283,2193,2046,1938,1840,1677,1566,1407,1520,1260,1146,1035,909,822,721,598,561,377,330,84,41,0,0,0,0
1019,0,Fake,3154,0,0,0,34,193,321,431,527,621,802,860,946,1046,1168,1348,1467,1583,1588,1728,1808,1914,2004,2096,2182,2279,2428,2507,2614,2713,2928,2919,2950,3154,3125,2882,2731,2625,2506,2335,2266,2146,2059,1936,1823,1656,1618,1520,1535,1279,1107,1035,919,815,666,607,493,379,297,190,16,0,0,0,0
1020,0,Fake,3151,0,0,16,96,208,323,400,633,672,735,922,950,1065,1224,1264,1381,1488,1596,1696,1751,1902,1983,2114,2283,2293,2422,2502,2614,2721,2816,2922,3047,3151,2994,2860,2783,2420,2492,2418,2246,2177,2064,1924,1821,1815,1534,1427,1365,1313,1110,1074,919,807,799,651,427,368,260,167,53,0,0,0,0
1021,0,Fake,3136,0,0,9,96,205,307,441,534,560,917,721,912,1126,1215,1267,1367,1487,1578,1705,1797,1916,1985,2096,2225,2317,2485,2374,2545,2791,2816,2918,3024,3136,3001,2869,2746,2608,2498,2445,2351,2137,2018,2026,1731,1709,1570,1467,1365,1232,1136,1059,904,797,686,599,510,359,304,181,64,0,0,0,0
1022,0,Fake,3153,0,0,0,81,227,322,409,592,661,880,867,1038,1061,1172,1271,1350,1493,1595,1691,1806,1888,1985,2103,2305,2386,2530,2496,2611,2719,2806,2919,3034,3153,2945,2879,2733,2618,2549,2380,2190,2266,2055,1913,1811,1709,1584,1470,1356,1247,1137,1034,912,799,697,592,482,371,263,163,64,0,0,0,0
1023,0,Fake,3146,0,0,0,128,198,285,421,533,637,689,860,929,1023,1129,1265,1369,1479,1609,1698,1777,1879,1985,2260,2225,2263,2352,2467,2548,2777,2800,2911,3037,3146,2966,2855,2740,2612,2495,2460,2152,1936,1885,1837,1811,1690,1584,1465,1360,1255,1120,984,950,807,667,464,695,395,223,171,53,0,0,0,0
1024,0,Fake,3123,0,0,0,45,218,362,416,528,631,729,843,819,1077,1163,1263,1371,1472,1583,1687,1801,1906,1968,2091,2189,2243,2386,2417,2640,2752,2826,2921,3031,3123,2981,2859,2736,2623,2497,2355,2217,2233,1972,1846,1643,1668,1597,1471,1360,1251,1138,997,901,751,688,737,372,196,309,210,63,0,0,0,0
1025,0,Fake,3082,0,0,27,112,163,320,405,530,609,590,659,964,1059,1185,1264,1360,1486,1607,1708,1785,1893,1987,2096,2226,2166,2485,2608,2738,2711,2805,2909,3018,3082,2962,2846,2736,2611,2489,2384,2243,2072,2063,1917,1808,1681,1577,1443,1359,1259,1124,1003,898,737,688,503,379,486,319,143,58,0,0,0,0
1026,0,Fake,3327,0,0,0,116,208,304,409,654,555,752,877,949,1047,1156,1307,1341,1469,1581,1681,1807,1875,1961,2191,2404,2151,2321,2491,2599,2699,2779,2908,3035,3327,3024,2855,2738,2591,2438,2448,2192,2142,2015,1907,1802,1674,1442,1500,1345,1232,1134,973,899,613,767,613,592,354,262,154,55,0,0,0,0
1027,0,Fake,3156,0,0,0,58,176,307,419,539,592,733,758,1014,1239,1298,1232,1349,1479,1584,1691,1793,1887,1997,2166,2188,2288,2447,2480,2405,2704,2656,2889,3027,3156,2981,2850,2736,2604,2498,2352,2233,2160,1906,1884,1766,1644,1596,1456,1352,1248,1105,982,903,849,699,654,467,460,208,207,56,0,0,0,0
1028,0,Fake,3126,0,0,24,101,220,208,313,541,628,434,834,943,1060,1232,1265,1346,1479,1584,1665,1685,2116,2069,2082,2170,2291,2383,2485,2617,2760,2798,2903,3037,3126,2983,2826,2838,2657,2467,2357,2306,2133,2016,1899,1819,1683,1589,1449,1342,1248,1106,1213,977,729,707,576,464,364,261,160,44,0,0,0,0
1029,0,Fake,3137,0,0,0,64,241,307,407,479,606,721,797,976,995,1186,1200,1423,1403,1617,1723,1787,1892,1982,2033,2186,2295,2401,2503,2609,2652,2848,2957,3063,3137,2926,2854,2729,2592,2478,2361,2256,2097,2009,1901,1753,1709,1792,1520,1372,1217,1121,1008,889,764,669,592,526,326,244,170,47,0,0,0,0
1030,0,Fake,3137,0,0,0,107,207,310,420,511,670,734,830,999,1061,1150,1358,1354,1462,1577,1658,1701,1889,1986,2090,2128,2292,2399,2502,2592,2685,2802,2898,2960,3137,2961,2924,2711,2608,2502,2353,2177,2128,2015,1874,1791,1681,1387,1355,1439,1341,1117,1002,896,804,723,586,464,368,258,143,0,0,0,0,0
1031,0,Fake,3168,0,0,0,97,207,340,426,499,634,593,781,919,1173,1155,1261,1369,1517,1533,1671,1773,1877,1991,2099,2178,2086,2399,2506,2551,2691,2795,2915,3054,3168,2971,2847,2676,2608,2549,2308,2449,1985,2009,1887,1783,1678,1583,1451,1355,1246,1106,983,916,781,754,529,437,339,257,149,39,0,0,0,0
1032,0,Fake,3119,0,99,24,32,224,310,417,529,640,766,842,902,1043,1153,1240,1441,1483,1570,1830,1776,1887,1975,2094,2241,2285,2397,2487,2583,2816,2768,3119,3054,3113,2980,2835,2723,2609,2471,2350,2240,2130,2022,1927,1801,1908,1600,1503,1202,1205,1113,998,889,784,684,541,463,347,431,170,133,0,0,0,0
1033,0,Fake,3018,0,0,1,128,217,279,448,445,624,720,710,938,1054,1157,1237,1360,1446,1579,1683,1780,1883,1970,2160,2181,2352,2291,2483,2598,2682,2800,2896,3015,3018,2960,2823,2708,2506,2480,2358,2398,2128,2016,1907,1807,1680,1562,1457,1361,1227,1056,984,724,811,545,386,464,355,267,175,43,0,0,0,0
1034,0,Fake,3129,0,0,0,100,206,296,379,511,622,722,893,931,1159,1214,1436,1423,1478,1600,1684,1775,1857,1982,2158,2134,2283,2374,2512,2594,2559,2910,2916,3023,3129,2985,2833,2726,2628,2480,2366,2240,2129,1952,1915,1747,1596,1613,1450,1340,1230,1087,983,866,794,673,581,498,366,367,175,151,0,0,0,0
1035,0,Fake,3110,0,43,33,196,205,314,382,528,626,700,823,926,1045,1121,1260,1344,1482,1497,1631,1776,2002,1979,2085,2189,2273,2385,2483,2599,2704,2796,2814,3024,3110,3026,2973,2694,2591,2471,2367,2253,2090,2005,1855,1802,1744,1560,1424,1313,1217,1139,991,886,781,608,558,443,369,261,147,112,0,0,0,0
1036,0,Fake,3125,0,0,0,99,194,305,417,528,628,731,831,944,1050,1149,1257,1353,1475,1583,1678,1774,1872,1984,2091,2178,2278,2373,2493,2599,2693,2794,2893,3021,3125,2966,2832,2708,2608,2480,2349,2242,2123,2020,1904,1779,1679,1559,1451,1340,1216,1111,992,878,784,682,563,460,352,256,147,42,0,0,0,0
1037,0,Fake,3136,0,0,0,103,169,321,431,544,656,727,843,1054,949,1138,1386,1369,1477,1576,1659,1774,1872,1969,2091,2192,2505,2405,2441,2492,2769,2800,2914,3014,3136,2979,2858,2720,2559,2503,2359,2239,2230,2121,1893,1787,1687,1576,1451,1322,1255,1127,1019,880,781,687,581,304,400,221,210,46,0,0,0,0
1038,0,Fake,3023,0,0,0,95,238,325,432,510,398,737,861,918,1117,976,1259,1361,1465,1567,1666,1776,1842,2003,2085,2219,2358,2615,2559,2582,2697,2797,2896,3023,2949,2969,2779,2726,2607,2451,2352,2403,2094,1968,1872,1781,1677,1533,1463,1336,1218,1127,995,1108,777,604,688,571,398,256,144,37,0,0,0,0
1039,0,Fake,3120,0,0,0,98,202,309,421,523,624,731,835,944,1051,1151,1261,1358,1471,1583,1681,1776,1875,1984,2087,2182,2288,2381,2494,2593,2683,2784,2883,3019,3120,2961,2831,2710,2602,2476,2351,2233,2124,2016,1900,1780,1675,1559,1453,1339,1214,1094,989,881,781,670,563,453,352,247,142,41,0,0,0,0
1040,0,Fake,3138,0,0,0,141,180,442,627,481,592,733,835,953,1004,1170,1250,1424,1483,1584,1642,1672,1722,1874,2178,2102,2279,2381,2502,2595,2665,2791,2832,3024,3138,2970,2848,2704,2559,2496,2347,2233,2119,2001,1918,1802,1649,1533,1431,1344,1230,1221,1040,898,787,672,560,449,351,217,157,27,0,0,0,0
1041,0,Fake,3134,0,0,0,113,176,484,496,485,659,728,845,953,1040,1140,1253,1362,1470,1696,1673,1753,1851,1862,2146,2178,2279,2381,2496,2559,2681,2750,2908,3134,3108,2922,2926,2761,2350,2477,2350,2250,2083,1974,1898,1792,1696,1553,1477,1424,1155,1083,1121,903,775,661,573,455,338,243,128,42,128,0,0,0
1042,0,Fake,3120,0,177,0,96,202,321,417,535,619,724,831,901,1141,1228,1204,1207,1456,1579,1680,1773,1877,1952,2093,2197,2290,2435,2481,2641,2649,2762,2940,3003,3120,2935,2826,2707,2581,2465,2363,2232,2113,2045,1933,1813,1669,1554,1438,1335,1200,1069,992,869,783,672,663,511,456,187,133,19,0,0,0,0
1043,0,Fake,3123,0,0,0,44,85,378,348,565,553,725,831,893,1054,1203,1264,1331,1464,1535,1680,1840,1731,1973,2064,2184,2275,2388,2474,2583,2699,2827,2903,2955,3123,2863,2763,2721,2602,2464,2358,2240,2145,1996,1886,1804,1723,1535,1485,1398,1279,1087,870,880,777,671,545,445,354,272,129,42,0,0,0,0
1044,0,Fake,3105,0,0,0,141,160,269,410,528,663,725,842,945,1040,1139,1256,1370,1575,1680,1712,1776,1882,1969,2032,2218,2270,2384,2511,2610,2699,2790,3019,2967,3105,3008,2847,2707,2581,2411,2303,2256,2118,2000,1888,1759,1791,1456,1421,1168,1253,1108,990,848,771,678,533,448,336,241,154,0,0,0,0,0
1045,0,Fake,3108,0,0,0,90,144,173,366,525,626,727,826,912,1043,1155,1276,1266,1472,1675,1659,1798,1857,1975,2075,2165,2290,2387,2480,2586,2688,2866,2895,2950,3108,2944,2956,2705,2583,2528,2364,2228,2113,1991,1905,1745,1558,1520,1490,1317,1121,1110,985,883,787,697,551,467,346,240,185,256,0,0,0,0
1046,0,Fake,3122,0,0,0,0,182,464,400,511,623,730,828,950,1114,1164,1255,1502,1477,1593,1676,1743,1808,1987,2095,2415,2279,2370,2498,2610,2690,2691,2893,3046,3122,2918,2928,2702,2590,2483,2352,2235,2111,2023,1872,1787,1652,1610,1535,1369,1132,1095,987,880,770,670,550,458,290,247,98,0,23,0,0,0
1047,0,Fake,3109,0,0,0,85,191,304,409,499,646,731,842,1004,1059,1156,1219,1330,1467,1573,1635,1771,1876,1976,2032,2192,2283,2365,2464,2559,2807,2911,3109,2959,3109,2975,2832,2699,2596,2463,2352,2190,2123,2012,1907,1770,1679,1589,1355,1390,1217,1109,1023,872,818,663,529,455,352,240,230,58,0,0,0,0
1048,0,Fake,3097,0,0,0,87,203,347,404,496,626,731,763,832,1072,1102,1136,1341,1462,1570,1699,1776,1882,1968,2078,2192,2272,2521,2437,2548,2646,2810,2896,3002,3097,2967,2821,2697,2542,2466,2407,2240,2122,2042,1919,1902,1668,1535,1398,1289,1195,1104,965,883,960,705,384,346,269,112,137,34,0,0,0,0
1049,0,Fake,3120,0,0,0,94,196,304,413,523,643,720,827,938,1047,1146,1258,1346,1463,1580,1675,1769,1874,1980,2090,2192,2275,2379,2486,2595,2678,2782,2896,3017,3120,2963,2823,2703,2595,2471,2339,2226,2113,2013,1895,1775,1664,1556,1435,1335,1207,1102,987,874,775,666,560,443,347,241,133,0,0,0,0,0
1050,0,Fake,3127,0,0,144,99,206,307,414,506,592,728,835,921,989,1194,1266,1325,1453,1577,1678,1875,1862,1983,2085,2167,2290,2384,2469,2537,2649,2749,2905,3004,3127,3021,2835,2716,2585,2437,2367,2167,2112,1897,1829,1792,1440,1555,1439,1289,1266,1104,808,884,784,667,587,502,231,233,240,37,0,0,0,0
1051,0,Fake,3030,0,0,0,83,190,304,399,528,757,718,795,873,1098,1111,1251,1358,1469,1554,1687,1775,1907,1999,1849,2128,2121,2432,2480,2624,2692,2788,2873,2957,3030,2976,2822,2766,2583,2437,2361,2320,2085,2097,1899,1788,1666,1606,1392,1311,1203,1116,991,879,781,627,548,423,336,242,138,39,0,0,0,0
1052,0,Fake,3084,0,0,4,75,200,315,397,688,477,679,839,941,1043,1216,1250,1326,1423,1515,1691,1739,1862,2169,2064,2160,2435,2368,2484,2553,2707,2800,2895,3013,3084,2731,2833,2817,2557,2463,2381,2240,2115,2000,1918,1799,1680,1578,1436,1328,1342,980,903,922,735,667,561,454,351,224,117,50,0,0,0,0
1053,0,Fake,3104,0,0,0,80,192,338,463,531,674,732,688,1023,1035,1136,1254,1360,1470,1584,1739,1789,1890,1970,2077,2204,2262,2271,2478,2247,2695,2800,2899,3022,3104,2965,2848,2705,2583,2480,2399,2416,2100,2119,2064,1778,1666,1535,1454,1319,1232,1108,985,821,693,635,511,495,336,243,135,40,0,0,0,0
1054,0,Fake,3103,0,0,0,90,197,431,393,447,640,721,827,912,1061,1145,1232,1360,1463,1519,1654,1706,1856,1839,2096,2192,2272,2373,2479,2559,2706,2803,2896,3027,3103,3039,2857,2776,2583,2409,2354,2273,2113,2010,1895,1791,1687,1580,1434,1445,1104,1088,945,879,769,674,565,455,347,240,144,33,0,8,0,0
1055,0,Fake,3110,0,0,0,208,158,379,449,511,630,734,777,913,1051,1185,1262,1360,1610,1564,1813,1744,1899,1966,2083,2176,2294,2378,2465,2559,2699,2800,2928,2992,3110,3057,2791,2770,2586,2462,2370,2256,2096,2005,1925,1763,1724,1594,1450,1266,1196,1023,995,879,765,664,574,455,350,243,139,16,0,32,0,0
1056,0,Fake,3108,0,0,0,101,217,289,425,523,678,738,857,836,1092,1122,1331,1378,1471,1581,1659,1741,1878,1991,2097,2193,2034,2374,2596,2522,2765,2762,2891,3008,3108,2968,2782,2710,2586,2462,2299,2235,2013,2085,1856,1611,1675,1555,1474,1351,1221,1110,1018,876,783,673,440,449,336,263,137,38,0,0,0,0
1057,0,Fake,3153,0,0,6,144,218,268,405,385,622,747,802,923,1046,1160,1260,1200,1482,1621,1627,1774,1840,1982,2092,2160,2309,2387,2479,2596,2672,2782,2896,3153,3130,2976,2707,2705,2590,2476,2317,2214,2117,2026,1898,1775,1707,1644,1402,1293,1122,1104,987,883,766,671,528,430,343,236,211,142,70,0,0,0
1058,0,Fake,3257,0,0,0,97,217,305,373,479,624,661,878,941,887,942,1261,1349,1472,1616,1622,1778,1901,1958,2089,2169,2273,2320,2478,2559,2714,2784,2887,2991,3257,3024,2940,2704,2581,2384,2358,2228,2119,2090,1961,1779,1664,1505,1425,1376,1216,1107,980,878,806,691,592,425,339,242,130,37,0,0,0,0
1059,0,Fake,3114,0,0,34,74,209,303,441,528,650,715,925,935,1007,1155,1232,1355,1481,1575,1657,1725,1900,1974,2052,2179,2092,2421,2451,2846,2689,2795,2839,3005,3114,2970,2834,2688,2598,2454,2473,2253,2130,1779,1882,1779,1669,1478,1429,1324,1185,1085,976,837,646,692,585,449,335,240,132,48,0,0,0,0
1060,0,Fake,3102,0,0,0,164,197,140,359,530,688,722,833,885,1040,1146,1239,1374,1446,1473,1699,1998,1823,1984,2185,2186,2272,2386,2503,2602,2704,2782,2890,3003,3102,2896,2798,2747,2641,2458,2352,2238,2128,1978,1890,1745,1678,1535,1669,1216,1430,1079,811,849,768,659,501,447,349,229,112,33,0,0,0,0
1061,0,Fake,3139,0,0,38,95,491,205,411,509,634,715,848,967,1043,1141,1222,1328,1570,1572,1685,1585,1872,1982,2077,2170,2289,2370,2436,2609,2415,2768,3058,2886,3139,3106,2822,2699,2579,2464,2340,2238,2128,1983,1892,1775,1603,1584,1565,1306,1213,1099,998,878,785,664,560,462,337,222,199,0,0,0,0,0
1062,0,Fake,3151,0,0,96,98,192,313,406,511,752,720,835,883,991,1168,1250,1356,1499,1566,1680,1777,1810,1993,1971,2162,2291,2451,2614,2755,2682,2800,2882,2992,3151,2950,2818,2681,2581,2458,2436,2170,2099,1840,1891,1769,1667,1565,1427,1341,1272,1132,979,880,722,658,560,480,336,240,139,64,0,0,0,0
1063,0,Fake,3092,0,0,0,94,208,314,398,539,626,718,838,1023,1264,1360,1323,1264,1465,1581,1669,1755,1853,1976,2076,2180,2274,2441,2687,2625,2707,2769,2895,3014,3092,2975,2833,2694,2581,2464,2340,2100,2098,2009,1842,1763,1653,1555,1439,1285,1206,1119,988,866,778,592,539,384,306,304,128,26,0,0,0,0
1064,0,Fake,3122,0,0,0,106,203,307,389,528,694,735,833,973,1040,1145,1234,1362,1466,1571,1649,1765,1894,1983,1904,2190,2215,2408,2481,2559,2686,2773,2901,3015,3122,2955,2768,2698,2578,2459,2259,2128,2103,2007,1889,1751,1670,1535,1455,1328,1184,1077,844,874,758,610,555,442,357,241,144,16,0,0,0,0
1065,0,Fake,3115,0,0,0,95,196,295,414,525,624,721,829,941,1046,1145,1251,1353,1472,1576,1669,1776,1872,1985,2090,2176,2275,2377,2480,2581,2688,2781,2887,3015,3115,2960,2818,2698,2559,2467,2339,2223,2114,1991,1893,1779,1658,1535,1433,1334,1214,1104,976,869,763,659,559,445,338,245,126,19,0,0,0,0
1066,0,Fake,3119,0,0,0,79,187,350,398,546,701,723,829,941,1100,1161,1250,1318,1471,1580,1680,1649,1858,1951,1994,2176,2265,2421,2485,2589,2690,2784,2884,3015,3119,2910,2771,2704,2501,2460,2354,2204,2096,1994,1887,1787,1670,1612,1451,1331,1184,1079,976,869,763,664,555,438,336,231,134,0,0,0,0,0
1067,0,Fake,3125,0,0,0,98,211,296,471,342,641,688,819,937,1041,1191,1258,1371,1450,1563,1680,1760,1691,2207,2105,2416,2274,2374,2475,2587,2689,2807,2832,2999,3125,2939,2953,2679,2606,2478,2359,2240,2114,1968,1882,1743,1676,1559,1435,1399,1200,1229,1040,885,790,663,561,461,349,272,129,44,0,0,0,0
1068,0,Fake,3323,0,0,0,80,154,321,415,606,585,610,870,787,1069,1145,1256,1344,1461,1586,1683,1780,1871,1959,2234,2401,2295,2355,2494,2587,2679,2796,2885,2998,3323,2954,2832,2701,2711,2523,2361,2286,2128,2000,1889,1774,1632,1535,1478,1314,1199,1115,944,796,720,729,601,447,337,236,131,22,0,0,0,0
1069,0,Fake,3098,0,0,0,40,98,532,362,510,624,721,847,953,1051,1163,1250,1371,1457,1558,1667,1587,1917,1879,2072,2174,2283,2346,2480,2559,2698,2774,2900,3007,3098,3011,2853,2599,2602,2455,2339,2256,2123,2001,1875,1746,1655,1516,1425,1403,1168,1012,975,872,767,670,551,483,366,241,133,16,0,0,0,0
1070,0,Fake,3163,0,0,0,118,199,318,389,432,625,766,861,944,1003,1083,1248,1358,1466,1616,1671,1780,1883,1974,2088,2194,2331,2331,2492,2559,2685,2777,2886,2960,3163,2945,2834,2704,2593,2442,2346,2211,2002,2112,1875,1770,1663,1553,1453,1339,1225,1079,970,875,770,847,416,374,363,240,122,0,0,0,0,0
1071,0,Fake,3199,0,0,36,78,202,330,418,560,536,628,816,1251,922,1150,1254,1379,1456,1567,1641,1776,1876,1999,2097,2099,2292,2394,2489,2584,2694,2741,2880,3018,3199,2962,2832,2706,2603,2407,2384,2117,2129,2000,1881,1786,1671,1559,1463,1330,1195,1332,1005,999,734,675,494,445,340,236,105,18,0,0,0,0
1072,0,Fake,3110,0,0,0,89,231,302,415,522,592,715,835,995,1045,1154,1372,1296,1397,1559,1535,1770,1872,1971,2074,2192,2271,2369,2474,2593,2689,2704,2880,3002,3110,2969,2816,2700,2559,2465,2343,2224,2097,1991,2103,1781,1729,1533,1434,1325,1213,1088,961,907,759,724,608,400,370,352,157,45,18,0,0,0
1073,0,Fake,3104,0,0,0,100,113,303,447,474,620,729,842,951,1020,1164,1279,1363,1471,1442,1648,1854,1712,1840,2084,2175,2271,2383,2469,2559,2682,2783,2910,2974,3104,2917,2773,2685,2593,2467,2341,2192,2105,2015,1910,1766,1666,1510,1433,1332,1194,1168,949,881,771,640,566,455,302,211,121,21,0,0,0,0
1074,0,Fake,3114,0,0,0,214,195,289,406,528,615,747,831,928,1100,1118,1246,1326,1490,1749,1717,1811,1867,1978,2090,2153,2267,2378,2486,2610,2676,2871,2835,2811,3114,2949,2839,2699,2585,2480,2351,2256,2119,2011,1886,1778,1648,1507,1457,1347,1237,1098,976,864,764,618,553,444,347,266,128,0,0,0,0,0
1075,0,Fake,3286,0,0,0,58,192,315,416,355,619,624,859,937,871,1145,1249,1314,1456,1580,1630,1774,1916,1920,2096,2322,2371,2347,2463,2584,2688,2768,2899,2993,3286,2962,2816,2688,2588,2558,2310,2211,1949,2000,1888,1771,1617,1553,1424,1291,1245,1096,980,840,861,653,369,432,338,273,156,31,0,0,0,0
1076,0,Fake,3218,0,0,0,97,163,305,403,403,546,730,841,896,1041,1152,1252,1337,1424,1574,1654,1770,1870,1911,2145,2199,2246,2198,2467,2586,2679,2753,2830,2994,3218,2960,2829,2650,2610,2547,2458,2194,2111,1997,1899,1749,1667,1535,1424,1338,1214,1093,944,707,630,671,511,438,337,234,189,29,0,0,0,0
1077,0,Fake,3099,0,0,65,90,192,314,419,528,624,656,836,989,1042,1204,1133,1270,1264,1577,1673,1754,1856,1970,2069,2229,2287,2368,2477,2551,2559,2832,2919,2992,3099,2973,2816,2703,2559,2448,2351,2307,2098,2027,1720,1891,1687,1535,1423,1315,1226,1106,948,877,731,640,487,444,328,268,259,19,0,0,0,0
1078,0,Fake,3139,0,0,0,118,146,157,403,511,635,715,834,933,1004,1168,1284,1367,1369,1559,1799,1905,1871,1968,2078,2155,2271,2382,2495,2556,2779,2779,2902,2967,3091,3139,2828,2693,2604,2438,2347,2241,2119,1979,1885,1777,1625,1557,1403,1185,1203,1096,976,848,750,660,550,486,323,211,0,0,0,0,0,0
1079,0,Fake,3096,0,0,146,80,189,304,413,496,606,706,805,938,1152,1167,1152,1426,1407,1569,1678,1776,1855,1974,2067,2192,2283,2363,2471,2416,2790,2775,2960,2993,3096,2959,2832,2698,2554,2449,2353,2232,2147,2018,1881,1791,1662,1535,1424,1313,1178,1088,978,863,768,658,549,411,429,273,114,0,0,0,0,0
1080,0,Fake,3090,0,38,0,94,195,269,410,497,595,732,832,928,892,983,1181,1296,1462,1567,1635,1739,1850,1970,2029,2184,2271,2357,2496,2598,2630,2514,2903,2992,3090,2934,2813,2694,2595,2453,2351,2086,2151,2091,1842,1759,1662,1535,1427,1317,1205,1008,960,893,770,636,611,408,276,157,142,16,0,0,0,0
1081,0,Fake,3069,0,0,0,133,193,283,414,557,621,909,784,923,1043,1141,1247,1395,1470,1569,1669,1760,1879,1911,2065,2142,2278,2342,2513,2559,2671,2785,2898,3025,3069,2931,2814,2556,2555,2475,2354,2183,2128,2002,1874,1790,1654,1529,1437,1271,1195,1073,955,863,751,640,470,438,331,247,104,21,0,0,0,0
1082,0,Fake,3120,0,0,0,81,199,280,402,529,589,690,828,943,848,1091,1227,1371,1455,1574,1673,1745,1877,1970,2074,2193,2273,2425,2277,2544,2675,2793,2883,2993,3120,2957,2809,2699,2587,2453,2342,2209,2142,2165,1874,1693,1651,1535,1428,1305,1213,1087,983,817,767,651,643,507,343,82,130,19,0,0,0,0
1083,0,Fake,3127,0,0,0,100,192,310,411,528,597,720,821,1083,1034,1265,1094,1418,1507,1576,1904,1772,1872,1991,2063,2179,2267,2132,2430,2499,2673,2815,2881,2997,3127,2965,2759,2703,2559,2472,2341,2016,2101,1922,1991,1779,1639,1535,1434,1269,1203,1113,939,862,750,672,543,622,349,265,112,28,0,0,0,0
1084,0,Fake,3096,0,0,53,172,211,273,403,524,616,787,853,931,1052,1150,1253,1301,1566,1490,1670,1800,1873,1971,2071,2189,2270,2379,2473,2559,2677,2778,2933,3055,3096,2928,2832,2704,2590,2450,2337,2227,2107,2019,1871,1758,1757,1535,1413,1298,1204,1190,987,871,729,657,511,447,375,213,179,6,0,0,0,0
1085,0,Fake,3122,0,0,69,45,89,453,400,507,613,712,847,934,1009,1149,1285,1344,1310,1604,1664,1861,1881,1971,2071,2180,2271,2386,2467,2559,2658,2762,2859,3029,3120,3122,2815,2713,2582,2464,2345,2219,2087,2001,1835,1750,1629,1601,1511,1456,1202,1091,944,894,761,656,498,435,400,233,208,16,0,0,0,0
1086,0,Fake,3085,0,0,0,155,146,368,404,511,640,718,832,932,1104,1159,1264,1328,1424,1682,1705,1823,1863,1967,2108,2182,2269,2368,2479,2582,2832,2791,2944,2942,3085,2859,2832,2695,2591,2445,2351,2238,2107,1990,1866,1764,1755,1535,1522,1519,1210,1058,974,865,769,655,498,432,394,249,203,0,0,0,0,0
1087,0,Fake,3120,0,0,0,102,92,287,622,480,608,827,838,939,1066,1137,1264,1358,1443,1578,1703,1787,2086,1960,2083,2013,2285,2373,2465,2559,2696,2783,2887,2992,3120,2967,2843,2707,2395,2594,2349,2229,2103,2000,1847,1776,1735,1553,1461,1327,1072,1074,840,1002,766,660,599,428,282,239,116,33,0,0,0,0
1088,0,Fake,3119,0,0,0,96,193,310,411,528,624,726,830,942,1054,1142,1247,1351,1470,1574,1667,1773,1870,1979,2090,2171,2278,2375,2481,2590,2674,2780,2885,2976,3119,2960,2895,2699,2559,2522,2341,2225,2112,1980,1890,1778,1662,1535,1415,1317,1207,1096,934,880,723,657,380,415,296,190,126,26,0,0,0,0
1089,0,Fake,3099,0,0,0,103,176,273,400,529,590,727,971,992,1079,1060,1345,1353,1457,1578,1664,1776,1872,1991,2121,2169,2339,2311,2497,2559,2681,2790,2896,3009,3099,2931,2833,2728,2629,2459,2317,2201,2059,1978,1915,1765,1663,1535,1451,1332,1200,1126,990,853,753,710,595,432,402,232,125,16,0,0,0,0
1090,0,Fake,3121,0,0,0,111,166,260,421,564,531,806,703,919,1040,1151,1195,1338,1474,1571,1678,1775,1938,1989,2094,2291,2283,2431,2482,2590,2695,2775,2891,3008,3121,2951,2638,2682,2689,2530,2279,2187,2112,1996,1856,1757,1639,1535,1457,1329,1291,1097,923,843,651,678,554,435,336,240,156,39,0,0,0,0
1091,0,Fake,3109,0,0,0,87,190,419,487,559,592,725,830,955,1020,1184,1211,1334,1468,1530,1655,1846,1984,2064,2089,2176,2272,2387,2482,2559,2671,2798,2883,3013,3109,3067,2818,2679,2608,2478,2283,2223,2111,1990,1895,1760,1650,1506,1313,1408,1254,1390,961,873,759,663,536,443,305,211,128,117,0,0,0,0
1092,0,Fake,3114,0,0,0,87,198,305,421,578,626,720,818,942,1021,1137,1203,1394,1441,1579,1519,1834,1856,1941,2081,2172,2256,2399,2487,2559,2688,2736,2894,2999,3114,2955,2801,2630,2589,2464,2341,2213,2115,2000,1908,1775,1655,1519,1347,1267,1191,1136,978,874,781,615,548,426,331,249,176,21,25,0,0,0
1093,0,Fake,3110,0,0,0,143,162,416,388,511,619,720,837,916,1009,1146,1253,1359,1465,1571,1676,1964,1993,1898,1997,2181,2284,2387,2493,2559,2682,2789,2902,2979,3110,3067,2782,2711,2706,2457,2333,2241,2124,2002,1882,1774,1659,1550,1446,1343,1274,1009,944,880,768,690,569,439,337,219,130,32,0,0,0,0
1094,0,Fake,3091,0,0,31,52,207,278,416,524,620,705,834,927,1023,1126,1257,1293,1332,1502,1658,1986,1869,1974,2041,2160,2295,2365,2480,2593,2695,2798,2902,3035,3091,2927,2832,2695,2551,2478,2349,2226,2112,1999,1897,1819,1691,1562,1419,1379,1215,1098,967,923,752,656,560,446,313,247,141,0,0,0,0,0
1095,0,Fake,3101,0,0,11,71,215,310,392,502,624,733,827,902,1019,1126,1247,1360,1589,1484,1796,1797,1760,1972,2077,2173,2255,2390,2495,2559,2678,2783,2843,3006,3101,2921,2846,2704,2587,2453,2345,2167,2112,2005,1858,1775,1669,1380,1405,1294,1325,1091,979,875,751,667,560,438,345,214,135,0,0,0,0,0
1096,0,Fake,3099,0,0,11,85,299,243,435,392,626,725,833,912,1043,1149,1248,1354,1347,1565,1592,1738,1869,2111,2077,2187,2224,2371,2441,2559,2696,2788,2672,2995,3099,2911,2799,2499,2559,2448,2369,2224,2307,1993,1906,1776,1727,1534,1459,1179,1223,1126,982,867,774,635,545,434,351,221,161,16,0,0,0,0
1097,0,Fake,3115,0,0,16,96,189,301,426,507,492,749,724,986,1014,853,1247,1361,1422,1535,1665,1766,1916,1983,2099,2185,2329,2388,2531,2617,2675,2779,2854,3008,3115,2958,2806,2699,2512,2480,2421,2277,2154,1974,1884,1770,1633,1535,1448,1328,1215,1102,891,851,723,664,554,369,337,238,176,28,0,0,0,0
1098,0,Fake,3143,0,0,0,88,150,368,412,532,634,708,829,934,1068,1137,1223,1369,1456,1701,1619,1753,1872,1963,2055,2162,2266,2368,2548,2587,2682,2782,3090,2960,3143,2958,2818,2700,2528,2465,2343,2223,2096,2002,1853,1747,1755,1535,1471,1118,1199,1085,976,947,767,650,534,482,339,222,2,50,0,0,0,0
1099,0,Fake,3110,0,0,0,90,214,145,279,497,701,723,827,937,1002,1098,1274,1365,1475,1566,1598,1808,1738,1968,2037,2181,2270,2368,2487,2587,2683,2831,2887,3006,3110,2906,2927,2659,2545,2464,2330,2224,2174,2007,1904,1735,1646,1534,1378,1281,1210,1102,967,846,764,656,560,447,327,221,112,35,0,0,0,0
1100,0,Fake,3071,0,0,14,94,204,290,399,566,623,681,848,1152,1044,1075,1331,1353,1655,1579,1673,1787,1853,1922,2079,2239,2267,2380,2479,2491,2681,2798,2932,2993,3071,2962,2833,2720,2579,2458,2335,2256,2126,1926,1929,1738,1535,1535,1427,1314,1195,1106,947,935,784,652,574,357,273,234,132,16,0,0,0,0
1101,0,Fake,3071,0,0,0,96,197,275,335,530,635,727,832,925,1196,1064,1195,1395,1443,1566,1673,1799,1879,1955,2085,2206,2272,2167,2474,2606,2624,2767,2800,3007,3071,2902,2813,2703,2589,2457,2340,2200,2129,2085,1847,1810,1717,1535,1433,1201,1216,1077,977,883,766,698,543,382,285,187,129,25,0,0,0,0
1102,0,Fake,3093,0,0,0,96,124,336,396,511,624,733,833,889,1041,1126,1255,1361,1489,1451,1680,1614,1885,1976,2078,2154,2277,2391,2511,2559,2671,2559,2706,3049,3093,2975,2809,2705,2588,2398,2333,2225,2149,2015,1883,1719,1653,1747,1514,1329,1185,1087,980,863,754,657,543,493,340,272,131,34,0,0,0,0
1103,0,Fake,3168,0,0,42,72,198,245,527,749,752,735,1041,939,1090,1138,1232,1348,1481,1572,1678,1775,1870,2011,2081,2080,2306,2365,2485,2594,2687,2809,2865,3007,3116,3168,2817,2683,2555,2341,2353,2222,2113,2002,1857,1766,1648,1533,1391,1250,1124,1087,982,848,791,650,544,442,332,236,106,3,0,0,0,0
1104,0,Fake,3103,0,0,0,98,194,304,402,511,629,723,828,931,1041,1150,1249,1351,1455,1566,1666,1769,1870,1968,2083,2183,2269,2373,2478,2559,2683,2796,2883,2990,3103,2960,2826,2693,2559,2453,2335,2224,2106,1987,1881,1769,1655,1535,1428,1321,1202,1087,976,876,761,657,553,441,333,227,143,17,0,0,0,0
1105,0,Fake,3206,0,0,0,81,176,307,402,511,528,701,801,911,1041,1145,1214,1366,1441,1556,1616,1763,1817,1991,2143,2197,2289,2587,2482,2559,2671,2761,2896,2989,3206,2942,2844,2686,2467,2476,2362,2256,2119,1995,1857,1759,1648,1534,1433,1308,1200,1055,1182,958,704,883,532,439,324,224,128,44,0,0,0,0
1106,0,Fake,3111,0,0,47,117,140,299,409,528,609,723,832,944,1060,1128,1238,1264,1405,1649,1634,1771,1871,1957,2106,2138,2283,2349,2427,2606,2722,2798,2666,3007,3111,2949,2813,2686,2559,2458,2323,2225,2112,1985,1807,1711,1694,1489,1522,1340,1207,1088,1023,859,788,656,504,450,307,237,272,48,0,0,0,0
1107,0,Fake,3099,0,0,0,91,197,327,405,535,670,784,838,941,950,1166,1302,1211,1458,1579,1668,1824,1862,1957,2102,2161,2272,2286,2501,2655,2837,2783,2894,2992,3099,2959,2822,2733,2559,2416,2334,2223,2117,1968,1886,1766,1617,1535,1424,1325,1153,1072,963,887,710,656,399,400,446,259,368,27,0,0,0,0
1108,0,Fake,3151,0,0,0,84,171,290,426,507,592,721,916,927,1154,1095,1324,1394,1459,1565,1648,1761,1893,1986,2073,2226,2273,2331,2363,2499,2734,3125,2899,3003,3151,3006,2813,2711,2603,2459,2331,2279,2090,1980,1940,1787,1584,1521,1435,1387,1165,1086,967,891,783,678,523,569,304,260,59,18,0,0,0,0
1109,0,Fake,3104,0,0,0,0,288,320,471,511,624,735,876,912,1050,1157,1238,1360,1436,1534,1742,1875,1734,1967,2082,2171,2267,2383,2482,2558,2672,2771,2703,2973,3104,2934,2815,2972,2585,2455,2346,2222,2097,2002,1893,1760,1575,1555,1328,1283,1123,1347,986,870,752,608,563,439,323,225,134,42,0,0,0,0
1110,0,Fake,3123,0,0,15,0,327,327,285,528,670,720,844,892,1039,1155,1237,1360,1431,1535,1655,1767,1819,1982,2081,2190,2297,2365,2448,2590,2672,2771,3123,3004,3100,2935,2785,2655,2581,2463,2347,2227,2115,1997,1885,1788,1649,1535,1314,1293,1157,1153,976,864,754,671,541,426,321,237,114,17,0,0,0,0
1111,0,Fake,3102,0,0,10,108,203,306,406,544,626,820,761,924,1035,1142,1260,1360,1473,1573,1666,1700,1865,1974,2027,2210,2287,2383,2529,2591,2679,2780,2911,3007,3102,2928,2807,2703,2489,2416,2384,2335,2083,2096,1880,1767,1648,1573,1439,1320,1213,1057,977,830,624,675,577,373,335,231,136,0,0,0,0,0
1112,0,Fake,3093,0,0,5,123,189,319,431,432,624,591,1052,942,1046,1153,1232,1380,1479,1527,1679,1778,1973,2031,2047,2185,2165,2388,2487,2581,2675,2813,2886,2995,3093,2951,2832,2698,2401,2422,2411,2235,2122,2001,1869,1776,1600,1535,1427,1342,1183,1096,913,896,749,858,551,441,332,255,115,20,0,0,0,0
1113,0,Fake,3173,0,0,0,0,201,313,501,447,423,726,833,945,1019,1135,1255,1399,1472,1579,1531,1808,1979,1943,2090,2170,2271,2359,2468,2559,2714,2774,2896,3008,3173,2974,2809,2658,2582,2465,2333,2224,2093,1989,1919,1777,1639,1535,1424,1313,1235,1041,961,682,759,656,554,458,342,238,134,14,0,0,0,0
1114,0,Fake,3009,0,0,12,78,182,297,486,511,653,752,759,800,1005,1144,1247,1349,1435,1578,1645,1769,1936,1983,2288,2179,2063,2448,2480,2602,2675,2780,2883,3009,3009,2954,2822,2702,2592,2394,2190,2260,2182,1824,1902,1766,1655,1559,1443,1346,1193,1072,969,787,786,714,593,481,389,229,123,21,0,0,0,0
1115,0,Fake,3107,0,9,0,159,102,304,413,535,597,738,822,1008,1040,1143,1225,1283,1392,1581,1658,1770,1862,2000,2101,2176,2269,2371,2487,2587,2542,2827,3105,3043,3107,2946,2818,2693,2526,2464,2111,2241,2096,1994,1858,1765,1581,1534,1392,1422,1203,1079,1021,846,750,637,464,422,420,210,37,0,0,0,0,0
1116,0,Fake,3103,0,0,0,149,200,319,441,467,469,725,833,955,1063,1136,1247,1342,1471,1347,1636,1999,1725,1931,2322,2181,2265,2373,2494,2559,2695,2768,2897,2994,3103,2896,2739,2710,2300,2448,2341,2226,2073,1945,1887,1775,1679,1535,1367,1146,1303,1095,1124,883,761,656,550,447,354,227,132,0,0,0,0,0
1117,0,Fake,3109,0,0,0,91,199,304,415,526,618,725,828,938,1047,1139,1250,1359,1473,1571,1676,1774,1872,1971,2074,2173,2278,2377,2483,2591,2673,2777,2879,2995,3109,2960,2819,2694,2559,2468,2347,2223,2109,1991,1886,1772,1661,1535,1429,1318,1206,1087,975,864,765,656,544,438,330,224,122,16,0,0,0,0
1118,0,Fake,3122,0,0,0,144,176,316,407,511,647,717,879,921,1002,1153,1220,1358,1601,1525,1677,1592,1873,1968,2082,2160,2283,2380,2417,2559,2735,2786,3116,3006,3122,2764,2839,2702,2559,2410,2335,2231,2117,2032,1816,1743,1523,1647,1479,1376,1201,1099,985,706,698,657,544,447,333,358,61,4,0,0,0,0
1119,0,Fake,3107,0,0,0,65,217,292,405,521,626,681,824,865,1007,1147,1169,1406,1410,1520,1528,1781,1867,1972,2015,2183,2283,2407,2485,2559,2768,2743,3006,2962,3107,2946,2832,2688,2512,2449,2367,2237,2116,1985,1763,1785,1762,1456,1412,1297,1203,1095,940,848,747,643,523,445,368,227,42,127,0,0,0,0
1120,0,Fake,3095,0,0,0,87,167,292,400,538,592,719,804,828,963,1068,1246,1351,1456,1558,1674,1805,1859,1968,2064,2180,2499,2349,2483,2618,2665,2638,2884,2993,3095,2960,2823,2698,2597,2454,2326,2225,2137,1965,1885,1776,1661,1527,1456,1309,1200,1095,976,856,821,647,533,345,295,272,119,10,0,0,0,0
1121,0,Fake,3056,0,0,6,82,197,313,412,496,630,862,780,967,1023,1146,1247,1332,1449,1505,1670,1591,1873,1791,2096,2098,2285,2326,2559,2559,2679,2777,2921,2998,3056,2995,2853,2694,2593,2369,2242,2209,2079,1997,1867,1787,1653,1555,1432,1285,1269,1091,912,805,865,626,651,434,331,229,159,16,0,0,0,0
1122,0,Fake,3115,0,0,46,70,212,291,387,527,551,597,742,911,928,1130,1259,1347,1458,1579,1634,1723,1902,1983,2069,2199,2482,2387,2528,2626,2679,2781,2895,2995,3115,2958,2803,2691,2591,2455,2385,2320,2240,1999,1890,1776,1653,1487,1437,1324,1230,1099,983,881,806,755,539,258,337,230,121,27,0,0,0,0
1123,0,Fake,3113,0,0,0,133,191,315,432,543,649,779,911,941,1054,1131,1249,1360,1461,1595,1692,1612,1878,2005,2081,2196,2367,2370,2475,2583,2704,2782,2891,3026,3113,2983,2809,2702,2537,2455,2161,2223,2113,2004,1872,1788,1663,1603,1470,1330,1225,1122,968,926,782,659,554,432,314,247,128,9,0,0,0,0
1124,0,Fake,3116,0,0,0,85,261,340,404,414,611,723,831,947,1040,1168,1255,1328,1474,1645,1669,1699,1878,1974,2078,2179,2278,2378,2467,2591,2673,2784,2884,2777,3116,2923,2975,2701,2633,2458,2336,2251,2128,1998,1888,1751,1687,1535,1420,1296,1183,1039,1133,863,765,657,576,457,337,198,80,74,17,0,0,0
1125,0,Fake,3145,0,0,0,95,159,262,402,529,624,730,827,958,1044,1050,1230,1199,1488,1578,1677,1793,1878,1955,2078,2247,2275,2443,2451,2723,2671,2871,2887,2994,3145,2960,2842,2683,2559,2471,2355,2229,2103,1974,1966,1774,1787,1535,1425,1310,1216,1071,978,880,733,657,528,591,346,211,10,19,0,0,0,0
1126,0,Fake,3173,0,0,0,115,223,302,391,551,587,723,822,944,1043,1155,1217,1350,1459,1655,1716,1756,1803,1962,2096,2179,2270,2377,2466,2559,2686,2781,2881,3173,3098,2795,2819,2753,2583,2450,2347,2235,2126,1973,1883,1786,1663,1503,1426,1335,1194,1014,1008,860,755,630,538,452,336,237,117,32,0,0,0,0
1127,0,Fake,3120,0,0,0,100,165,208,384,527,645,732,838,973,1023,1137,1266,1364,1471,1559,1721,1750,1869,1970,2069,2192,2276,2382,2455,2445,2685,2828,2880,3003,3120,2950,2801,2741,2559,2499,2335,2223,2127,1990,1882,1762,1645,1535,1477,1318,1168,1101,959,831,759,657,557,397,325,214,115,20,0,0,0,0
1128,0,Fake,3090,0,0,5,64,169,311,419,490,592,712,829,933,1054,1136,1251,1343,1472,1570,1675,1746,2008,1991,2087,2289,2283,2368,2473,2559,2754,2787,2901,2993,3090,2899,2897,2697,2589,2470,2345,2235,2102,2005,1873,1775,1665,1561,1422,1231,1216,1180,906,833,781,654,545,419,343,207,126,0,0,0,0,0
1129,0,Fake,3125,0,0,0,89,200,304,434,530,628,726,827,952,1130,1141,1270,1381,1601,1564,1666,1771,1879,1969,2101,2170,2243,2302,2481,2599,2499,2785,2871,3125,3106,2949,2805,2683,2534,2459,2331,2149,2115,1981,1883,1699,1675,1577,1424,1325,1201,1065,967,854,777,650,545,464,313,189,152,52,0,0,0,0
1130,0,Fake,3091,0,0,0,94,176,298,407,495,625,688,832,930,1040,1141,1247,1345,1459,1589,1675,1761,1869,1969,2084,2178,2270,2368,2479,2587,2682,2772,2883,2997,3091,2963,2830,2690,2559,2448,2345,2230,2112,1990,1877,1772,1663,1535,1425,1312,1202,1097,968,865,757,658,551,432,326,222,124,18,0,0,0,0
1131,0,Fake,3046,0,0,9,99,149,313,320,534,667,725,823,926,1045,1139,1216,1351,1439,1569,1629,1750,1980,1984,2074,2174,2250,2368,2469,2559,2659,2770,2866,2985,3046,2954,2893,2671,2559,2442,2342,2225,2086,1987,1875,1774,1643,1535,1424,1314,1200,1099,978,807,751,655,560,368,316,224,138,49,0,0,0,0
1132,0,Fake,3113,0,0,0,0,144,209,426,478,619,731,823,942,1023,1150,1273,1356,1456,1534,1805,1740,1922,1909,2071,2172,2270,2387,2481,2591,2663,2800,2890,2937,3113,2903,2823,2673,2508,2463,2332,2287,2136,1995,1895,1762,1662,1509,1440,1290,1182,1082,991,858,762,656,560,409,320,213,112,30,0,0,0,0
1133,0,Fake,3089,0,0,0,89,196,322,418,531,628,728,839,987,1054,1089,1241,1367,1638,1568,1680,1765,1837,1968,2081,2165,2256,2367,2473,2559,2507,2805,2909,2992,3089,2969,2811,2651,2499,2463,2338,2226,2246,1999,1991,1755,1506,1520,1422,1312,1156,1091,980,861,753,656,502,443,375,218,131,43,0,0,0,0
1134,0,Fake,3120,0,0,0,99,200,309,413,543,688,742,839,975,1151,1113,1267,1353,1408,1582,1679,1762,1859,1957,2083,2160,2256,2171,2474,2437,2675,2620,2870,2995,3120,3040,2832,2691,2559,2457,2352,2237,2111,2011,1904,1766,1419,1535,1424,1299,1213,1101,973,844,775,657,558,427,287,247,126,24,0,0,0,0
1135,0,Fake,3143,0,0,0,93,218,299,385,593,609,813,831,935,1040,1121,1264,1359,1499,1597,1669,1685,2041,1839,2061,2161,2267,2369,2476,2608,2681,2794,2891,2999,3143,3003,2815,2753,2559,2720,2327,2218,2103,1982,1827,1768,1713,1520,1423,1267,1357,1162,960,874,733,652,540,454,341,238,103,34,0,0,0,0
1136,0,Fake,3095,0,0,0,114,246,233,482,511,631,726,834,905,1047,1143,1247,1334,1457,1663,1662,1727,1715,1965,2064,2176,2273,2421,2477,2559,2689,2778,2883,2945,3095,2998,2826,2751,2282,2439,2336,2211,2107,2003,1906,1763,1698,1481,1431,1233,1191,1107,1099,871,763,634,484,398,335,210,142,16,0,0,0,0
1137,0,Fake,3184,0,0,0,94,229,304,396,528,629,709,862,942,1057,903,1241,1355,1454,1527,1689,1783,1871,1987,2006,2157,2185,2384,2465,2633,2685,2787,2881,2995,3184,2954,2826,2704,2559,2468,2461,2240,2042,1931,1856,1776,1670,1526,1427,1296,1175,1091,967,751,712,627,564,432,323,221,48,53,0,0,0,0
1138,0,Fake,3168,0,0,0,72,239,310,391,511,615,723,849,928,1038,1152,1237,1350,1360,1570,1603,1781,1850,2016,2083,2182,2299,2354,2480,2610,2676,2785,3168,3088,3113,2946,2823,2686,2559,2463,2364,2224,2087,1986,1877,1784,1659,1535,1433,1270,1186,1105,976,869,736,645,549,432,290,234,16,17,0,0,0,0
1139,0,Fake,3088,0,0,0,67,189,304,411,511,651,767,856,862,1065,1127,1250,1359,1442,1561,1655,1774,1895,1950,2149,2170,2233,2349,2447,2481,2686,2786,2895,3008,3088,2951,2800,2715,2789,2448,2352,2096,2031,2047,1878,1763,1669,1535,1429,1313,1209,1104,944,865,822,506,471,354,331,224,119,31,0,0,0,0
1140,0,Fake,3109,0,0,0,95,196,304,406,508,619,721,828,930,1040,1138,1247,1350,1462,1568,1670,1744,1877,1977,2068,2166,2272,2371,2480,2585,2672,2772,2882,2998,3109,2951,2832,2694,2581,2462,2327,2222,2112,1997,1872,1762,1649,1535,1431,1318,1200,1087,974,865,759,638,544,433,333,229,112,15,0,0,0,0
1141,0,Fake,3163,0,0,0,81,224,299,422,527,669,720,795,957,1104,1152,1247,1347,1456,1578,1676,1759,1838,1986,2114,2197,2250,2411,2455,2559,2679,2787,2869,3025,3163,2950,2859,2675,2544,2429,2417,2258,2093,2071,1886,1775,1657,1532,1450,1318,1188,1023,975,817,750,649,567,448,320,220,124,2,0,0,0,0
1142,0,Fake,3091,0,0,0,111,341,274,461,540,614,726,831,928,1011,1134,1231,1350,1582,1564,1701,1769,1936,1991,2074,2170,2256,2378,2470,2559,2696,2768,2875,2998,3091,2858,2819,2814,2582,2448,2358,2206,2087,1999,1866,1749,1617,1535,1396,1458,1115,1197,977,864,811,706,533,437,349,84,118,12,0,0,0,0
1143,0,Fake,3097,0,0,0,97,205,308,411,523,625,720,832,933,1051,1152,1252,1353,1463,1579,1680,1774,1863,1968,2075,2185,2283,2373,2480,2559,2690,2800,2886,2992,3097,2962,2833,2694,2559,2454,2349,2229,2112,1993,1874,1766,1661,1535,1426,1315,1207,1096,976,866,754,659,550,433,329,231,128,21,0,0,0,0
1144,0,Fake,3107,0,0,0,0,213,207,429,528,624,723,842,953,1038,1100,1266,1405,1474,1608,1689,1755,1904,1973,2086,2167,2261,2374,2490,2605,2721,2778,2885,3027,3107,2958,2907,2698,2559,2467,2313,2224,2108,1990,1858,1752,1635,1475,1399,1289,1231,1082,973,861,756,643,527,489,333,227,66,0,0,0,0,0
1145,0,Fake,3110,0,0,0,56,196,301,368,527,625,720,835,946,1058,1148,1260,1344,1441,1507,1663,1805,1870,2042,2119,2183,2274,2365,2484,2595,2681,2770,2864,3022,3110,3091,2814,2679,2539,2465,2343,2232,2124,1977,1870,1802,1654,1535,1412,1341,1248,1105,797,865,757,651,503,423,333,248,80,0,0,0,0,0
1146,0,Fake,3109,0,0,0,82,196,286,362,464,611,735,834,940,1036,1179,1238,1338,1447,1597,1664,1800,1903,1862,2102,2342,2283,2359,2479,2604,2609,2768,2880,3049,3109,3023,2954,2683,2544,2523,2345,2224,2109,2107,1936,1785,1644,1527,1425,1517,1194,1124,997,1138,763,651,534,432,317,201,80,1,0,0,0,0
1147,0,Fake,3133,0,0,3,145,206,304,417,500,637,721,826,912,1001,1153,1255,1355,1429,1535,1679,1772,1877,1969,2097,2191,2241,2410,2478,2495,2709,2794,2893,3019,3133,2969,2819,2663,2559,2453,2333,2183,2112,1953,2011,1753,1642,1795,1417,1319,1206,1091,995,875,749,608,546,469,304,283,179,0,0,0,0,0
1148,0,Fake,3158,0,0,4,84,214,299,366,678,561,705,910,925,1041,1152,1247,1337,1473,1584,1669,1774,1904,1915,2054,2112,2161,2371,2473,2559,2736,2758,2882,3001,3158,2963,2811,2678,2637,2435,2288,2291,2110,1993,1874,1776,1662,1553,1414,1319,1182,1092,973,889,779,467,547,446,330,222,147,23,0,0,0,0
1149,0,Fake,3105,0,0,0,165,154,307,474,528,677,718,849,953,1023,1158,1317,1241,1393,1587,1653,1766,1813,1983,2085,2170,2289,2389,2471,2558,2672,2874,2897,2939,3105,2980,2823,2693,2607,2508,2362,2222,2160,2006,1882,1791,1793,1459,1463,1309,1230,1089,971,870,761,649,576,577,295,199,83,32,0,0,0,0
1150,0,Fake,3088,0,0,18,109,197,307,410,475,626,733,826,932,1042,1122,1104,1478,1616,1498,1665,1771,1869,2000,2087,2183,2321,2392,2492,2610,2689,2768,2815,2992,3088,2949,2815,2677,2586,2464,2342,2247,2113,1982,1877,1767,1707,1591,1456,1322,1201,1098,973,859,762,656,530,455,327,213,163,0,0,0,0,0
1151,0,Fake,3117,0,0,10,16,291,274,429,475,615,733,820,980,1071,1147,1276,1357,1676,1555,1660,1812,1858,1984,2086,2182,2263,2371,2480,2592,2675,2779,2896,2938,3117,2950,2893,2687,2559,2467,2370,2233,2113,2045,1954,1765,1646,1519,1391,1325,1250,1101,976,865,768,656,560,433,338,230,80,18,0,0,0,0
1152,0,Fake,3088,0,0,0,165,195,285,413,508,598,721,826,942,1040,1071,1156,1344,1535,1564,1673,1776,1869,1937,2071,2176,2271,2386,2491,2553,2692,2768,2863,3013,3088,2957,2819,2686,2589,2467,2319,2183,2109,1927,1872,1739,1616,1535,1434,1324,1200,1075,963,830,821,621,540,384,455,240,135,17,0,0,0,0
1153,0,Fake,3085,0,0,14,47,287,369,409,522,625,717,843,942,1084,1162,1200,1356,1489,1492,1650,1701,1882,1975,2081,2194,2285,2375,2501,2583,2674,2790,2891,3079,3085,2949,2821,2714,2592,2467,2358,2223,2123,1996,1879,1840,1679,1527,1361,1347,1232,1094,997,855,781,647,543,436,338,208,147,81,0,0,0,0
1154,0,Fake,3109,0,0,0,83,192,305,368,444,626,737,806,963,1008,1168,1262,1390,1467,1561,1681,1762,1872,2045,2079,2210,2265,2380,2512,2531,2677,2773,2889,3009,3109,2951,2812,2707,2559,2464,2348,2082,2187,1968,1886,1766,1675,1535,1449,1334,1114,1088,972,864,718,638,563,449,398,228,116,16,0,0,0,0
1155,0,Fake,3136,0,0,0,112,210,530,467,460,877,722,776,938,1065,1139,1264,1408,1452,1562,1643,1762,1843,1968,1984,2187,2281,2359,2512,2559,2688,2719,2856,3003,3136,2961,2815,2693,2559,2447,2343,2230,2101,2011,1904,1771,1616,1615,1424,1335,1263,1079,955,884,758,651,541,429,322,238,143,0,0,0,0,0
1156,0,Fake,3094,0,0,0,59,198,306,432,463,628,728,850,956,1106,1141,1217,1346,1617,1487,1677,1774,1888,1990,2006,2159,2249,2384,2480,2559,2665,2768,2909,2981,3094,2947,2816,2685,2614,2466,2352,2218,2172,1987,1837,1775,1631,1615,1434,1325,1161,1058,982,869,777,642,542,433,371,224,122,0,0,0,0,0
1157,0,Fake,3101,0,0,0,93,196,322,403,528,622,720,827,942,1023,1168,1273,1350,1458,1579,1653,1762,1871,1984,2092,2043,2308,2489,2525,2594,2672,2837,2883,2992,3101,2960,2832,2673,2552,2452,2300,2190,2125,2029,2006,1770,1663,1529,1424,1302,1209,1040,968,913,764,732,583,432,336,229,121,9,0,0,0,0
1158,0,Fake,3120,0,0,0,101,111,438,403,511,605,720,832,940,1078,1148,1259,1342,1392,1584,1668,1774,1866,1968,2086,2181,2310,2386,2477,2559,2667,2759,2864,2987,3120,2897,2843,2694,2559,2451,2323,2244,2096,1983,1818,1847,1603,1529,1419,1301,1206,1091,971,860,770,656,533,432,327,239,90,28,0,0,0,0
1159,0,Fake,3110,0,0,0,73,192,310,405,511,610,717,837,923,1072,1131,1314,1317,1470,1617,1663,1769,1834,1941,2096,2174,2265,2349,2448,2559,2631,2768,2881,3003,3110,2963,2768,2659,2559,2459,2307,2214,2074,2013,1909,1747,1649,1456,1423,1322,1201,1055,979,855,791,752,539,412,307,195,114,0,0,0,0,0
1160,0,Fake,3095,0,0,0,72,209,433,404,496,603,813,834,901,1051,1145,1297,1314,1476,1535,1679,1746,1899,1973,2070,2174,2270,2381,2473,2552,2704,2605,2897,3012,3095,2928,2835,2704,2559,2498,2320,2208,2085,1995,1809,1757,1694,1535,1455,1356,1232,1047,963,838,753,652,540,400,305,215,105,2,0,0,0,0
1161,0,Fake,3119,0,0,0,33,192,303,427,509,619,703,787,927,1049,1127,1291,1593,1462,1566,1598,1731,1871,1967,2028,2164,2254,2371,2341,2637,2803,2696,2882,3006,3119,2950,2803,2748,2633,2395,2345,2224,2109,1984,1874,1812,1573,1519,1472,1338,1201,1088,894,817,753,655,544,400,230,118,68,16,0,0,0,0
1162,0,Fake,3088,0,0,0,95,193,277,511,508,623,715,839,935,1082,1142,1376,1294,1520,1606,1689,1661,1871,1971,2065,2148,2273,2379,2480,2559,2656,2782,3084,2975,3088,2942,2812,2704,2559,2469,2367,2231,2120,1977,1680,1773,1652,1600,1282,1424,1178,1089,962,865,740,641,538,446,311,330,28,0,0,0,0,0
1163,0,Fake,3091,0,0,0,93,208,343,425,570,622,718,872,1104,1007,1161,1247,1457,1459,1570,1661,1776,1878,1939,2096,2189,2271,2365,2315,2411,2624,2730,2870,2987,3091,2944,2835,2688,2543,2447,2337,2357,2096,1957,1961,1776,1658,1534,1427,1319,1194,1105,972,863,752,607,505,435,321,291,122,15,0,0,0,0
1164,0,Fake,3088,0,0,0,73,176,339,400,482,618,725,842,881,1038,1159,1253,1341,1464,1619,1655,1762,1803,1892,2064,2172,2269,2395,2455,2534,2674,2787,2873,3021,3088,2983,2812,2760,2559,2448,2331,2241,2093,1999,1904,1699,1648,1535,1437,1328,1200,1093,1106,863,751,653,532,394,322,178,116,17,0,0,0,0
1165,0,Fake,3107,0,0,0,57,194,304,413,510,610,718,812,938,1038,1013,1264,1479,1413,1586,1701,1767,1872,1966,2094,2142,2278,2427,2516,2595,2688,2765,2862,3001,3107,2948,2816,2710,2585,2447,2336,2224,2112,2032,2037,1831,1663,1535,1467,1319,1199,1072,946,925,757,659,543,416,246,213,86,0,0,0,0,0
1166,0,Fake,3103,0,0,2,70,207,268,401,496,511,752,974,951,1309,1177,1239,1351,1517,1575,1661,1702,1876,1979,2064,2138,2317,2400,2347,2598,2672,2769,2883,3071,3103,2949,2803,2697,2467,2460,2352,2202,1919,1974,1883,1775,1671,1535,1414,1318,1207,1086,978,898,710,640,549,432,320,235,122,14,0,0,0,0
1167,0,Fake,3109,0,0,0,116,167,302,416,511,619,719,831,900,1043,1136,1286,1398,1499,1621,1742,1771,1858,2004,2082,2021,2293,2381,2427,2638,2705,2822,2989,3089,3109,2950,2815,2675,2559,2454,2277,2241,2108,2014,1890,1763,1650,1421,1430,1317,1192,1089,942,859,773,641,557,448,304,266,78,0,0,0,0,0
1168,0,Fake,3098,0,0,0,149,138,278,338,510,621,773,808,942,1040,1148,1219,1360,1477,1466,1682,1792,1867,1977,2077,2234,2279,2362,2502,2611,2670,2771,2877,3021,3098,2970,2786,2691,2590,2447,2352,2226,2113,1942,1946,1744,1619,1535,1442,1213,1194,1090,967,837,776,645,559,438,304,222,66,0,0,0,0,0
1169,0,Fake,3089,0,0,0,95,192,288,387,505,605,720,831,976,1023,1111,1193,1232,1462,1567,1655,1735,1842,1951,2053,2163,2267,2513,2634,2646,2769,2741,2881,3001,3089,2929,2814,2676,2559,2416,2340,2104,2143,1994,1872,1783,1654,1528,1421,1300,1170,1091,969,868,758,528,536,602,341,109,121,7,0,0,0,0
1170,0,Fake,3109,0,0,0,98,283,293,441,493,625,721,816,946,1040,1120,1228,1342,1461,1616,1690,1755,1873,2000,2074,2169,2265,2398,2448,2582,2681,2796,2800,3019,3109,2959,2817,2709,2559,2464,2295,2215,2086,2003,1899,1762,1667,1535,1421,1325,1159,1230,975,860,707,688,544,417,326,206,121,8,0,0,0,0
1171,0,Fake,3211,0,0,12,80,177,431,402,487,679,742,831,934,1051,1146,1239,1345,1454,1589,1651,1745,1862,1936,2273,2187,2267,2361,2496,2588,2678,2766,2890,2997,3211,2957,2833,2621,2601,2365,2341,2215,2097,1984,1879,1751,1660,1566,1419,1316,1134,1248,972,866,757,650,576,427,318,215,113,14,0,0,0,0
1172,0,Fake,3090,0,0,0,91,193,295,410,511,623,720,832,930,1044,1150,1249,1351,1457,1571,1674,1766,1870,1968,2071,2180,2279,2369,2465,2559,2681,2791,2880,2990,3090,2958,2825,2694,2559,2454,2347,2224,2106,1984,1876,1775,1661,1535,1423,1310,1201,1079,954,833,751,646,541,430,564,222,118,17,0,0,0,0
1173,0,Fake,3119,0,0,0,103,356,303,406,525,614,714,834,939,1038,1103,1341,1354,1488,1591,1663,1766,1872,1935,1995,2130,2300,2384,2453,2559,2716,2619,2881,2978,3119,2945,2814,2742,2559,2449,2334,2194,2101,1989,1826,1792,1643,1487,1410,1313,1201,1088,976,861,711,654,543,448,275,189,72,0,0,0,0,0
1174,0,Fake,3088,0,0,78,86,201,294,406,503,628,720,841,947,1035,1159,1262,1371,1427,1711,1650,1767,1838,1968,2065,2154,2288,2394,2459,2607,2688,2753,2896,3024,3088,2951,2821,2695,2597,2429,2327,2220,2118,1982,1864,1757,1616,1491,1392,1310,1190,1137,937,863,813,645,549,445,368,359,123,0,0,0,0,0
1175,0,Fake,3111,0,0,0,91,190,299,406,507,619,603,1072,893,1037,1145,1238,1349,1449,1579,1680,1758,1854,1958,2128,2150,2252,2285,2499,2559,2677,2771,2877,2959,3111,2956,2814,2682,2614,2450,2384,2227,2105,1881,1871,1757,1643,1531,1424,1319,1201,1108,970,877,755,581,559,279,327,223,155,28,0,0,0,0
1176,0,Fake,3085,0,0,0,105,314,324,379,363,621,720,829,944,1088,1136,1227,1344,1454,1610,1706,1797,1891,1916,2067,2165,2280,2415,2450,2559,2633,2755,2913,3005,3085,2850,2823,2722,2559,2451,2320,2235,2111,2001,1884,1732,1647,1621,1297,1305,1170,961,970,866,742,625,537,431,307,235,129,19,0,0,0,0
1177,0,Fake,3104,0,0,0,91,178,297,390,509,653,668,809,869,1007,1159,1100,1350,1456,1571,1607,1759,1907,1970,2079,2168,2321,2363,2509,2701,2672,2765,2865,2969,3104,2939,2836,2704,2640,2486,2322,2235,2081,2013,1879,1778,1656,1535,1422,1314,1206,1102,970,871,734,624,480,432,310,222,129,12,0,0,0,0
1178,0,Fake,3106,0,0,0,206,217,324,432,589,620,722,818,942,1067,1136,1213,1353,1456,1535,1673,1777,1919,1963,2083,2170,2277,2369,2465,2590,2693,2781,2867,2994,3106,2941,2767,2696,2559,2442,2354,2198,2127,1959,1873,1759,1658,1431,1398,1329,1168,1087,971,854,734,650,546,437,324,241,70,42,0,0,0,0
1179,0,Fake,3089,0,0,0,83,207,364,500,526,677,722,830,939,1074,1168,1247,1363,1446,1662,1689,1680,1855,1989,2023,2179,2288,2378,2480,2559,2697,2797,2861,3026,3089,2967,2807,2707,2449,2448,2339,2251,2105,1991,1904,1745,1648,1533,1411,1259,1216,1032,995,858,754,668,546,688,308,230,113,113,0,0,0,0
1180,0,Fake,3113,0,0,0,83,180,290,368,503,607,749,846,944,1013,1236,1281,1351,1456,1587,1733,1766,1852,1996,2086,2193,2449,2307,2451,2613,2681,2769,2886,2992,3113,2960,2837,2700,2559,2440,2417,2255,2189,1897,1895,1771,1615,1535,1414,1312,1174,1089,974,858,755,643,507,450,321,225,77,16,0,0,0,0
1181,0,Fake,3143,0,0,0,93,202,277,400,497,655,687,752,915,1041,1152,1225,1352,1446,1534,1712,1761,1872,1813,2082,2157,2272,2374,2485,2589,2698,2779,2955,3008,3143,2948,2835,2722,2559,2434,2346,2215,2109,2015,1855,1744,1660,1527,1414,1301,1215,1035,896,880,736,648,537,391,331,241,170,1,0,0,0,0
1182,0,Fake,3107,0,0,10,67,241,268,448,511,624,722,848,938,1074,1141,1263,1344,1344,1609,1669,1657,1899,1983,2087,1924,2233,2432,2468,2622,2674,2779,2864,2985,3107,2995,2674,2691,2546,2464,2330,2215,2102,1925,1877,1772,1728,1535,1427,1299,1153,1077,969,861,740,662,555,470,356,193,109,13,0,0,0,0
1183,0,Fake,3113,0,0,0,80,179,298,401,511,624,753,820,949,1007,1156,1239,1351,1431,1578,1674,1759,1936,2015,2086,2302,2331,2416,2463,2559,2685,2844,2901,2991,3113,2942,2816,2688,2592,2441,2347,2178,2234,1991,1877,1770,1645,1534,1424,1311,1175,1088,908,818,752,661,591,432,326,225,119,0,0,0,0,0
1184,0,Fake,3097,0,0,0,79,20,279,411,531,640,721,823,922,1022,1136,1255,1353,1463,1491,1666,1794,1881,1966,2051,2204,2271,2338,2463,2559,2666,2812,2874,3005,3097,2964,2803,2685,2677,2481,2349,2192,2125,2015,1867,1753,1638,1531,1454,1235,1183,1107,956,833,762,651,467,432,273,218,114,0,0,0,0,0
1185,0,Fake,3109,0,0,0,103,191,304,657,643,656,772,895,977,1047,1146,1248,1339,1489,1581,1667,1767,1783,1981,2034,2175,2260,2368,2475,2586,2655,2715,2874,2977,3109,2958,2807,2622,2553,2451,2304,2215,2106,1989,1846,1770,1646,1521,1440,1299,1218,1055,1031,907,752,650,545,443,305,269,112,29,0,0,0,0
1186,0,Fake,3091,0,0,0,83,191,292,439,576,662,723,823,934,1047,1139,1244,1327,1515,1605,1681,1771,2006,2016,2141,2127,2275,2430,2476,2592,2671,2838,2883,2975,3091,2945,2770,2704,2559,2450,2343,2215,2090,1971,1866,1797,1663,1509,1358,1325,1134,1342,993,858,754,656,527,432,328,224,125,4,21,0,0,0
1187,0,Fake,3106,0,0,107,78,179,307,447,477,656,718,838,933,1047,1131,1232,1241,1462,1519,1824,1767,1865,1968,2082,2158,2289,2377,2477,2592,2667,2778,2889,3061,3106,2955,2810,2685,2559,2453,2343,2235,2112,2010,1872,1827,1648,1451,1436,1201,1193,1199,929,867,784,677,541,426,325,229,99,0,16,0,0,0
1188,0,Fake,3104,0,0,0,87,190,299,404,511,619,717,816,929,1044,1144,1243,1347,1459,1573,1671,1763,1863,1965,2080,2178,2270,2366,2463,2584,2683,2770,2880,2989,3104,2954,2809,2688,2559,2459,2340,2216,2102,1988,1873,1763,1643,1535,1421,1310,1200,1088,971,855,752,649,541,427,329,220,118,16,0,0,0,0
1189,0,Fake,3104,0,0,0,81,189,259,399,511,598,714,834,925,1043,1147,1286,1274,1497,1535,1635,1759,1857,1965,2047,2170,2279,2384,2471,2544,2629,2791,2954,2836,3104,2966,2826,2687,2599,2387,2330,2229,2087,1984,1855,1837,1717,1535,1506,1331,1205,1089,986,799,739,641,536,448,363,171,78,17,0,0,0,0
1190,0,Fake,3106,0,0,0,80,180,304,368,528,625,656,847,992,923,1139,1142,1347,1458,1554,1664,1737,1869,1911,2085,2176,2256,2345,2442,2559,2678,2772,2908,2984,3106,2923,2812,2672,2512,2474,2336,2292,2096,1983,1871,1764,1637,1527,1418,1326,1249,1096,963,1005,783,605,596,425,324,220,109,19,0,0,0,0
1191,0,Fake,3117,0,0,0,66,192,294,371,494,638,719,846,950,1036,1137,1255,1354,1454,1571,1650,1763,1873,1883,2097,2314,2211,2413,2463,2559,2683,2768,2881,2994,3117,2960,2924,2635,2682,2431,2171,2079,2029,1979,1874,1783,1657,1526,1404,1448,1174,1081,944,858,732,740,537,425,311,245,114,9,0,0,0,0
1192,0,Fake,3117,0,0,0,119,181,302,402,499,663,721,826,928,1039,1138,1200,1347,1459,1570,1675,1761,1864,1942,2091,2224,2265,2406,2501,2648,2704,2768,2880,3009,3117,2945,2807,2709,2559,2459,2303,2222,2079,1982,1911,1762,1649,1526,1421,1287,1200,1072,945,829,749,617,636,425,313,221,115,10,0,0,0,0
1193,0,Fake,3093,0,0,0,87,198,303,351,528,569,722,827,915,1009,1201,1247,1339,1445,1565,1631,1717,1887,1959,2037,2119,2284,2411,2451,2581,2673,2778,2896,2991,3093,2986,2861,2709,2559,2455,2327,2217,2111,1999,1877,1741,1686,1802,1407,1353,1161,1162,913,854,751,656,551,421,320,218,118,0,0,0,0,0
1194,0,Fake,2991,0,0,0,80,198,314,433,501,624,688,991,947,1072,1168,1241,1357,1456,1613,1661,1787,1862,1969,2073,2330,2410,2416,2463,2654,2670,2769,2891,2991,2867,2938,2783,2701,2559,2448,2375,2163,2080,2046,1874,1760,1647,1535,1424,1319,1188,1073,976,857,736,623,540,449,331,217,105,0,0,0,0,0
1195,0,Fake,3109,0,0,0,90,145,241,407,539,642,757,849,1002,1023,1139,1243,1322,1478,1582,1675,1755,1859,2006,2205,2035,2330,2320,2479,2586,2676,2761,2863,3009,3109,2947,2813,2683,2663,2460,2323,2202,2110,1983,1874,1787,1619,1531,1426,1301,1201,947,957,806,700,926,496,432,324,194,106,1,0,0,0,0
1196,0,Fake,3109,0,0,0,68,192,297,406,497,586,722,820,939,1041,1177,1260,1314,1523,1571,1666,1765,1867,2021,2096,2167,2222,2331,2559,2591,2672,2703,2862,2982,3109,2955,2811,2683,2514,2461,2366,2194,2003,1974,1999,1730,1648,1611,1424,1319,1198,1105,975,851,778,653,528,421,295,193,108,3,0,0,0,0
1197,0,Fake,3088,0,0,0,85,167,290,401,475,619,720,786,948,1005,1197,1261,1344,1450,1522,1674,1759,1860,1948,2063,2178,2278,2393,2398,2551,2479,2636,2879,2995,3088,2907,2815,2679,2596,2448,2352,2193,2022,2034,1895,1757,1648,1519,1390,1328,1181,1088,965,848,704,673,560,387,320,226,117,0,0,0,0,0
1198,0,Fake,3155,0,0,0,114,195,324,337,494,656,710,794,954,1086,1129,1246,1351,1440,1558,1668,1744,1872,1969,2073,2123,2269,2370,2480,2559,2672,2774,2901,2976,3155,2942,2810,2700,2601,2394,2334,2204,2096,1999,1872,1746,1659,1503,1430,1316,1194,1084,976,845,737,651,599,429,325,214,128,41,0,0,0,0
1199,0,Fake,3101,0,0,0,116,251,400,384,458,620,705,826,902,1103,1083,1297,1332,1456,1570,1680,1788,1964,1979,2110,2179,2267,2395,2464,2559,2691,2789,2875,2991,3101,2889,2803,2684,2623,2448,2325,2187,2102,2004,1892,1743,1626,1797,1481,1373,1181,1118,960,860,751,681,540,440,322,227,114,0,0,0,0,0
1200,0,Fake,3096,0,0,0,71,181,294,402,527,667,716,773,1009,986,1181,1242,1355,1457,1524,1664,1758,1878,1983,2036,2203,2344,2307,2555,2559,2671,2775,2906,3008,3096,2935,2821,2641,2542,2457,2302,2200,2099,1999,1872,1761,1701,1557,1470,1314,1204,1096,947,854,719,686,656,427,321,158,80,7,0,0,0,0
1201,0,Fake,3102,0,0,0,86,190,291,406,509,613,719,821,935,1041,1139,1245,1349,1462,1573,1660,1771,1869,1969,2077,2173,2275,2368,2480,2559,2684,2768,2885,2995,3102,2944,2814,2683,2589,2462,2330,2215,2107,1988,1885,1771,1649,1534,1421,1318,1201,1084,966,855,762,647,532,431,325,222,115,8,0,0,0,0
1202,0,Fake,3110,0,0,66,163,191,306,401,463,626,752,823,918,944,1009,1241,1325,1478,1565,1659,1761,1872,1978,2105,2156,2295,2357,2510,2501,2672,2759,2845,2995,3110,2965,2821,2734,2559,2448,2326,2188,2115,1999,1977,1786,1601,1534,1424,1302,1181,1088,965,819,752,639,537,384,302,240,110,14,0,0,0,0
1203,0,Fake,3090,0,0,0,82,196,299,400,570,610,777,816,935,1046,1090,1125,1270,1485,1587,1724,1763,1836,1979,2067,2183,2290,2434,2426,2540,2729,2729,2878,2998,3090,2954,2819,2709,2551,2447,2332,2208,2103,1965,1874,1648,1670,1423,1423,1340,1198,1081,916,874,810,657,528,432,319,97,139,75,0,0,0,0
1204,0,Fake,3055,0,0,0,58,191,293,407,506,613,723,855,939,1040,1274,1239,1386,1436,1661,1642,1766,1854,1961,2065,2159,2255,2370,2485,2591,2799,2778,2908,3041,3055,2945,2813,2701,2559,2441,2311,2231,2074,1989,1863,1693,1675,1529,1427,1325,1193,1059,944,861,746,628,662,423,263,113,115,29,0,0,0,0
1205,0,Fake,3058,0,0,0,97,181,286,374,465,585,669,825,934,1039,1131,1216,1353,1447,1535,1700,1748,1843,1970,2127,2229,2262,2367,2477,2602,2668,2769,2892,3008,3058,2943,2802,2672,2401,2337,2321,2217,2097,1992,1863,1761,1648,1535,1423,1322,1177,1088,1023,896,747,646,534,432,335,210,83,3,0,0,0,0
1206,0,Fake,3099,0,0,0,75,143,277,304,511,622,745,858,930,1040,1121,1232,1350,1452,1521,1733,1824,1902,1790,2087,2180,2279,2355,2470,2607,2691,2887,2895,2848,3099,2957,2814,2693,2559,2470,2318,2215,2109,1970,1840,1761,1661,1569,1450,1242,1216,1087,961,842,742,643,538,425,307,200,137,64,0,0,0,0
1207,0,Fake,3088,0,0,0,86,183,260,407,501,634,703,832,880,1040,1168,1264,1391,1360,1559,1677,1789,1848,1968,2042,2167,2275,2355,2640,2621,2672,2757,2880,3001,3088,2960,2819,2668,2559,2451,2395,2209,2215,1921,1836,1737,1695,1513,1426,1265,1181,1092,983,853,800,687,589,462,375,208,121,12,0,0,0,0
1208,0,Fake,3095,0,0,0,87,206,291,410,528,625,724,880,991,1057,1124,1150,1360,1465,1571,1646,1777,1872,1951,2114,2170,2253,2262,2397,2548,2658,2769,2896,3002,3095,2907,2814,2686,2599,2435,2369,2237,2129,1971,1836,1762,1648,1535,1423,1316,1182,1126,963,861,766,657,557,433,365,224,115,16,0,0,0,0
1209,0,Fake,2933,0,0,0,80,181,281,387,493,593,690,794,886,980,1103,1200,1282,1389,1496,1597,1694,1783,1879,1977,2091,2176,2274,2365,2458,2559,2666,2767,2849,2933,2823,2694,2586,2459,2346,2224,2128,2019,1891,1793,1683,1584,1475,1354,1258,1145,1040,925,813,707,615,504,402,302,204,102,0,0,0,0,0
1210,0,Fake,2928,0,0,0,93,193,289,400,494,591,694,795,901,1002,1091,1191,1291,1397,1503,1596,1684,1783,1883,1975,2079,2169,2257,2368,2451,2541,2637,2741,2847,2928,2800,2677,2554,2453,2337,2211,2102,1986,1895,1776,1663,1559,1444,1343,1243,1114,1014,910,802,706,601,485,389,293,197,96,0,0,0,0,0
1211,0,Fake,2910,0,0,0,83,194,289,388,483,592,697,795,879,983,1088,1194,1287,1378,1482,1585,1682,1782,1872,1968,2065,2166,2256,2343,2437,2526,2627,2741,2832,2910,2788,2660,2538,2441,2313,2193,2097,1985,1876,1762,1649,1535,1438,1329,1216,1110,1006,906,794,691,579,479,381,289,176,80,0,0,0,0,0
1212,0,Fake,2899,0,0,0,87,185,271,391,495,582,687,784,880,974,1079,1186,1284,1389,1481,1579,1678,1776,1872,1966,2047,2149,2242,2346,2441,2519,2629,2720,2821,2899,2782,2650,2539,2416,2318,2191,2089,1973,1863,1757,1649,1535,1424,1317,1224,1104,983,880,784,683,576,478,368,271,167,69,0,0,0,0,0
1213,0,Fake,2892,0,0,0,83,180,286,382,476,582,688,781,875,974,1078,1178,1277,1378,1472,1577,1674,1749,1863,1958,2062,2154,2253,2347,2425,2515,2617,2717,2806,2892,2767,2640,2519,2414,2304,2181,2085,1968,1863,1749,1642,1521,1422,1311,1200,1095,975,881,765,669,569,470,368,261,170,71,0,0,0,0,0
1214,0,Fake,2896,0,0,0,83,192,284,387,485,597,688,784,881,976,1088,1185,1280,1392,1485,1584,1675,1775,1855,1954,2063,2160,2239,2327,2426,2537,2634,2711,2807,2896,2787,2665,2531,2409,2303,2192,2082,1962,1853,1741,1646,1529,1424,1307,1207,1094,983,874,779,686,579,469,366,270,158,71,0,0,0,0,0
1215,0,Fake,2896,0,0,0,94,204,296,395,485,592,702,789,895,994,1083,1188,1280,1389,1481,1591,1678,1770,1867,1957,2064,2157,2254,2345,2424,2529,2623,2715,2810,2896,2783,2650,2522,2416,2303,2183,2088,1966,1853,1743,1638,1524,1424,1311,1200,1098,983,878,781,672,565,473,367,263,160,71,0,0,0,0,0
1216,0,Fake,2900,0,0,0,81,188,275,377,481,595,683,784,880,977,1089,1169,1265,1379,1486,1583,1668,1770,1857,1949,2059,2138,2233,2327,2431,2529,2609,2701,2803,2900,2774,2637,2517,2401,2298,2186,2065,1959,1849,1743,1642,1513,1413,1311,1200,1089,976,865,770,671,560,449,359,257,158,64,0,0,0,0,0
1217,0,Fake,2887,0,0,0,90,181,285,387,489,591,686,789,882,976,1085,1171,1282,1379,1483,1570,1666,1758,1857,1951,2039,2139,2238,2336,2418,2507,2608,2704,2814,2887,2767,2633,2514,2403,2285,2177,2067,1951,1850,1737,1631,1523,1412,1304,1199,1080,978,866,767,670,560,455,352,257,155,55,0,0,0,0,0
1218,0,Fake,2891,0,0,0,89,187,288,385,478,590,690,784,883,981,1087,1173,1269,1367,1477,1583,1676,1759,1857,1952,2064,2142,2231,2329,2418,2515,2623,2707,2799,2891,2768,2651,2515,2396,2286,2188,2075,1949,1847,1733,1638,1520,1399,1303,1193,1095,976,855,758,661,560,453,340,261,156,53,0,0,0,0,0
1219,0,Fake,2882,0,0,0,88,190,285,388,481,578,684,783,881,971,1087,1185,1271,1377,1477,1581,1664,1758,1858,1957,2041,2132,2238,2324,2429,2514,2605,2704,2797,2882,2763,2638,2512,2406,2288,2172,2065,1947,1840,1733,1620,1518,1410,1296,1186,1088,976,869,763,656,560,450,347,249,158,48,0,0,0,0,0
1220,0,Fake,2897,0,0,0,96,197,293,398,490,600,688,791,896,985,1087,1194,1282,1382,1482,1595,1684,1767,1866,1957,2063,2160,2242,2337,2425,2532,2624,2705,2811,2897,2769,2642,2530,2407,2302,2183,2068,1968,1850,1744,1622,1520,1418,1311,1195,1081,976,876,761,670,561,463,369,259,155,58,0,0,0,0,0
1221,0,Fake,2878,0,0,0,85,185,291,385,482,590,686,788,857,981,1083,1184,1282,1379,1474,1572,1666,1776,1871,1945,2047,2146,2245,2331,2423,2512,2608,2711,2819,2878,2763,2640,2526,2411,2287,2176,2070,1963,1856,1734,1627,1518,1402,1307,1203,1080,969,862,763,665,564,450,352,261,159,51,0,0,0,0,0
1222,0,Fake,2886,0,0,0,80,185,289,386,480,589,686,784,880,975,1087,1174,1270,1379,1477,1567,1667,1766,1866,1952,2035,2139,2234,2331,2415,2512,2610,2704,2795,2886,2752,2638,2513,2407,2288,2175,2074,1965,1840,1731,1616,1507,1406,1287,1191,1083,961,863,757,658,555,453,347,257,151,54,0,0,0,0,0
1223,0,Fake,2879,0,0,0,81,187,286,386,491,585,686,796,880,972,1079,1187,1279,1374,1477,1583,1664,1763,1869,1953,2046,2137,2238,2337,2426,2510,2611,2721,2817,2879,2759,2634,2525,2404,2292,2175,2063,1955,1844,1721,1617,1507,1422,1306,1208,1075,970,866,766,655,556,455,353,259,146,54,0,0,0,0,0
1224,0,Fake,2896,0,0,0,81,183,283,392,490,591,684,781,879,976,1085,1176,1277,1374,1472,1567,1665,1754,1856,1953,2037,2135,2230,2327,2432,2512,2610,2704,2795,2896,2749,2633,2514,2404,2288,2167,2064,1938,1841,1727,1617,1514,1399,1292,1200,1072,960,859,761,659,550,447,342,250,149,49,0,0,0,0,0
1225,0,Fake,2884,0,0,0,86,182,282,383,490,592,678,784,879,968,1088,1170,1264,1367,1466,1573,1673,1745,1862,1943,2046,2137,2227,2326,2419,2509,2609,2703,2795,2884,2769,2629,2501,2397,2288,2176,2056,1943,1840,1726,1624,1513,1407,1298,1184,1081,976,854,758,657,555,443,341,240,143,52,0,0,0,0,0
1226,0,Fake,2870,0,0,0,80,182,290,379,489,579,681,791,889,970,1078,1178,1278,1378,1462,1569,1660,1761,1857,1935,2043,2128,2240,2337,2419,2506,2607,2695,2810,2870,2747,2630,2501,2402,2293,2171,2064,1943,1840,1731,1616,1501,1401,1293,1196,1071,962,863,752,663,555,445,346,252,154,53,0,0,0,0,0
1227,0,Fake,2896,0,0,0,79,178,286,379,487,586,688,783,885,976,1085,1169,1278,1376,1474,1575,1659,1762,1857,1945,2032,2135,2233,2320,2416,2512,2609,2693,2800,2896,2762,2640,2510,2394,2281,2170,2058,1951,1839,1719,1615,1517,1405,1286,1189,1090,965,860,752,655,547,441,343,246,146,49,0,0,0,0,0
1228,0,Fake,2892,0,0,0,78,187,281,390,483,579,688,785,884,976,1075,1172,1265,1386,1479,1579,1659,1762,1866,1961,2044,2136,2222,2326,2427,2503,2605,2704,2800,2892,2746,2629,2499,2397,2293,2164,2055,1941,1841,1743,1618,1505,1408,1296,1194,1088,960,853,753,657,560,439,340,239,144,46,0,0,0,0,0
1229,0,Fake,2885,0,0,0,79,186,286,379,480,579,683,782,880,976,1087,1172,1274,1382,1471,1584,1667,1751,1851,1953,2044,2137,2230,2317,2427,2510,2595,2704,2797,2885,2766,2641,2500,2393,2287,2180,2064,1949,1837,1729,1617,1520,1392,1293,1172,1075,974,856,754,655,557,448,340,240,145,49,0,0,0,0,0
1230,0,Fake,2871,0,0,0,82,180,279,377,480,579,679,774,873,971,1074,1162,1273,1364,1461,1568,1671,1751,1844,1940,2042,2135,2231,2318,2416,2510,2617,2693,2800,2871,2759,2637,2512,2397,2288,2174,2068,1941,1838,1717,1627,1520,1379,1283,1174,1073,962,850,745,654,548,447,342,240,144,48,0,0,0,0,0
1231,0,Fake,2873,0,0,0,80,175,287,379,486,580,679,780,880,966,1072,1169,1271,1376,1462,1569,1670,1765,1858,1952,2040,2128,2240,2325,2415,2509,2598,2695,2802,2873,2746,2624,2515,2403,2285,2171,2060,1943,1838,1716,1616,1517,1406,1297,1187,1074,963,859,750,656,556,445,350,240,146,50,0,0,0,0,0
1232,0,Fake,2878,0,0,0,80,181,282,384,474,579,688,780,881,976,1077,1170,1275,1380,1471,1565,1668,1751,1846,1942,2039,2133,2226,2320,2419,2520,2608,2704,2791,2878,2763,2631,2502,2397,2274,2183,2054,1939,1840,1731,1616,1510,1391,1297,1185,1067,966,855,751,652,557,441,346,245,146,46,0,0,0,0,0
1233,0,Fake,2881,0,0,0,86,187,277,384,485,581,675,784,867,974,1074,1170,1275,1371,1466,1553,1675,1767,1856,1946,2033,2125,2225,2321,2407,2509,2606,2699,2787,2881,2751,2634,2514,2390,2281,2167,2047,1951,1830,1715,1611,1505,1399,1284,1181,1072,960,851,746,642,555,447,354,240,153,48,0,0,0,0,0
1234,0,Fake,2874,0,0,0,86,183,290,383,490,588,685,784,885,971,1072,1179,1286,1391,1463,1577,1660,1756,1865,1943,2036,2128,2243,2336,2413,2506,2602,2704,2803,2874,2747,2629,2502,2405,2288,2171,2055,1939,1839,1731,1616,1501,1403,1293,1196,1074,964,848,752,653,555,436,342,253,146,39,0,0,0,0,0
1235,0,Fake,2884,0,0,0,79,178,277,388,484,584,675,786,881,972,1079,1169,1271,1378,1471,1567,1655,1762,1846,1950,2035,2139,2225,2329,2425,2497,2595,2693,2800,2884,2752,2619,2512,2401,2288,2160,2053,1936,1840,1728,1607,1498,1398,1294,1185,1065,955,848,739,651,542,438,341,242,147,43,0,0,0,0,0
1236,0,Fake,2871,0,0,0,76,180,284,371,469,576,678,784,877,975,1075,1173,1277,1381,1457,1566,1665,1754,1857,1945,2037,2135,2226,2319,2423,2499,2608,2701,2785,2871,2746,2624,2503,2402,2288,2160,2047,1941,1840,1725,1615,1507,1392,1285,1181,1081,959,852,745,654,553,446,346,240,146,48,0,0,0,0,0
1237,0,Fake,2880,0,0,0,78,181,286,386,481,590,677,781,886,974,1074,1170,1277,1382,1476,1568,1670,1767,1862,1940,2033,2135,2233,2336,2419,2499,2607,2702,2805,2880,2753,2624,2509,2410,2297,2165,2052,1945,1847,1735,1616,1504,1397,1296,1187,1065,955,859,758,657,550,451,359,252,145,44,0,0,0,0,0
1238,0,Fake,2890,0,0,0,81,187,292,381,474,576,683,775,886,982,1072,1174,1274,1374,1470,1571,1665,1751,1851,1952,2033,2128,2224,2328,2416,2503,2608,2695,2806,2890,2752,2624,2507,2400,2292,2165,2062,1947,1829,1729,1621,1503,1392,1281,1189,1081,959,854,747,657,560,447,349,247,139,43,0,0,0,0,0
1239,0,Fake,2873,0,0,0,77,174,276,371,489,579,683,781,872,962,1073,1177,1274,1372,1467,1577,1667,1757,1851,1938,2047,2142,2224,2317,2411,2513,2608,2694,2795,2873,2765,2628,2507,2384,2272,2175,2064,1935,1827,1719,1616,1505,1394,1294,1171,1079,962,844,748,642,546,434,340,240,141,47,0,0,0,0,0
1240,0,Fake,2885,0,0,0,86,179,279,384,478,577,674,772,882,975,1082,1173,1275,1375,1478,1569,1665,1745,1844,1947,2032,2135,2220,2322,2417,2507,2609,2694,2790,2885,2757,2621,2512,2390,2285,2174,2045,1944,1833,1733,1627,1503,1391,1287,1188,1077,956,850,750,651,551,439,345,239,145,42,0,0,0,0,0
1241,0,Fake,2880,0,0,0,79,176,283,387,475,576,683,784,879,966,1072,1179,1280,1375,1477,1583,1671,1758,1851,1950,2034,2150,2237,2321,2416,2506,2608,2714,2798,2880,2752,2635,2515,2388,2283,2174,2064,1958,1828,1726,1615,1519,1404,1294,1179,1071,965,862,752,655,551,442,350,249,144,48,0,0,0,0,0
1242,0,Fake,2885,0,0,0,80,186,272,377,478,590,679,770,871,972,1072,1167,1269,1374,1466,1572,1653,1748,1841,1946,2047,2128,2226,2315,2428,2511,2597,2698,2787,2885,2755,2640,2499,2395,2285,2178,2064,1942,1833,1732,1618,1497,1393,1295,1181,1072,960,860,753,642,557,448,338,243,144,41,0,0,0,0,0
1243,0,Fake,2883,0,0,0,70,176,272,385,479,585,666,779,875,974,1071,1168,1264,1373,1465,1571,1655,1754,1850,1952,2027,2133,2220,2322,2416,2496,2596,2695,2802,2883,2752,2630,2502,2384,2273,2172,2059,1936,1835,1728,1615,1503,1405,1290,1187,1071,951,861,745,655,547,446,348,240,144,45,0,0,0,0,0
1244,0,Fake,2879,0,0,0,78,174,275,379,483,579,674,774,869,973,1083,1165,1261,1374,1467,1571,1667,1755,1843,1941,2042,2134,2219,2320,2410,2513,2609,2695,2789,2879,2763,2640,2503,2393,2283,2179,2070,1936,1832,1715,1621,1517,1401,1281,1174,1078,960,848,742,644,555,445,340,240,145,47,0,0,0,0,0
1245,0,Fake,2885,0,0,0,75,176,272,381,484,576,677,775,873,979,1074,1168,1271,1374,1473,1570,1659,1749,1850,1951,2031,2128,2229,2326,2425,2503,2602,2695,2802,2885,2751,2629,2505,2405,2281,2166,2057,1947,1844,1722,1607,1493,1393,1293,1185,1072,947,843,752,656,557,447,341,240,144,42,0,0,0,0,0
1246,0,Fake,2886,0,0,0,75,173,272,378,479,576,677,769,878,961,1072,1172,1264,1371,1473,1571,1650,1757,1859,1955,2042,2131,2219,2322,2425,2502,2606,2689,2802,2886,2757,2629,2506,2403,2288,2160,2062,1936,1843,1728,1606,1505,1394,1292,1183,1069,955,848,748,652,546,444,336,240,141,48,0,0,0,0,0
1247,0,Fake,2892,0,0,0,84,176,273,373,475,586,671,777,874,976,1072,1177,1271,1361,1472,1567,1653,1754,1844,1942,2047,2129,2222,2320,2419,2506,2598,2704,2789,2892,2761,2624,2510,2386,2277,2160,2057,1943,1830,1715,1618,1494,1392,1289,1178,1072,958,848,749,654,558,439,337,240,139,41,0,0,0,0,0
1248,0,Fake,2885,0,0,0,70,178,277,381,487,576,684,771,877,974,1069,1169,1266,1375,1466,1561,1655,1748,1858,1948,2037,2128,2226,2329,2426,2499,2594,2695,2795,2885,2752,2626,2502,2386,2290,2173,2054,1941,1839,1726,1620,1498,1395,1280,1193,1071,957,855,752,653,551,448,335,238,144,43,0,0,0,0,0
1249,0,Fake,2875,0,0,0,81,180,283,371,482,589,685,782,875,974,1087,1168,1264,1363,1473,1571,1651,1761,1847,1943,2046,2148,2227,2320,2407,2510,2619,2689,2796,2875,2758,2640,2503,2391,2279,2176,2069,1940,1827,1719,1616,1520,1398,1291,1180,1073,973,848,752,646,552,449,337,240,143,49,0,0,0,0,0
1250,0,Fake,2877,0,0,0,80,176,285,372,483,582,681,775,870,960,1072,1169,1273,1358,1459,1571,1670,1749,1846,1943,2047,2139,2221,2317,2409,2513,2610,2699,2797,2877,2757,2640,2506,2395,2288,2176,2060,1936,1839,1718,1618,1510,1409,1290,1185,1072,966,847,752,648,539,442,336,242,144,47,0,0,0,0,0
1251,0,Fake,2885,0,0,0,80,180,283,388,475,576,684,777,870,971,1072,1166,1279,1377,1467,1567,1659,1753,1850,1940,2032,2130,2225,2331,2416,2511,2595,2701,2797,2885,2752,2623,2499,2389,2281,2174,2061,1941,1846,1733,1611,1500,1394,1296,1196,1070,960,852,752,657,541,446,344,241,150,48,0,0,0,0,0
1252,0,Fake,2875,0,0,0,80,180,274,369,485,587,669,769,880,961,1073,1168,1274,1367,1456,1577,1661,1751,1845,1943,2051,2139,2223,2316,2407,2517,2611,2701,2793,2875,2759,2640,2497,2385,2282,2174,2062,1943,1829,1718,1618,1504,1392,1281,1184,1071,960,851,752,642,545,448,337,241,141,46,0,0,0,0,0
1253,0,Fake,2882,0,0,0,79,175,282,384,469,576,671,777,881,967,1072,1172,1264,1371,1477,1568,1666,1754,1858,1943,2031,2128,2224,2335,2425,2507,2598,2688,2800,2882,2742,2630,2506,2390,2290,2166,2058,1936,1838,1735,1616,1501,1391,1299,1194,1073,964,848,755,651,554,435,343,240,141,49,0,0,0,0,0
1254,0,Fake,2895,0,0,0,80,176,272,374,480,585,680,778,875,969,1075,1167,1271,1375,1474,1574,1659,1747,1842,1947,2047,2123,2225,2320,2418,2513,2599,2689,2785,2895,2755,2625,2496,2384,2283,2171,2066,1942,1827,1726,1619,1515,1391,1293,1179,1072,959,854,747,647,542,445,336,240,150,49,0,0,0,0,0
1255,0,Fake,2875,0,0,0,70,176,272,372,486,576,675,770,877,965,1072,1172,1264,1360,1466,1569,1656,1745,1840,1937,2043,2128,2224,2318,2406,2512,2608,2700,2796,2875,2758,2636,2507,2396,2277,2170,2069,1939,1823,1727,1623,1513,1397,1290,1173,1071,957,849,746,651,555,448,340,245,135,51,0,0,0,0,0
1256,0,Fake,2875,0,0,0,75,173,272,381,475,575,676,774,867,975,1080,1181,1278,1363,1470,1563,1665,1759,1840,1936,2037,2138,2240,2315,2415,2498,2618,2704,2791,2875,2747,2621,2512,2398,2283,2162,2055,1946,1840,1725,1611,1483,1408,1286,1175,1072,955,861,753,650,549,435,341,247,139,41,0,0,0,0,0
1257,0,Fake,2873,0,0,0,83,178,275,375,474,578,676,772,871,969,1072,1171,1275,1360,1459,1571,1669,1760,1849,1939,2033,2141,2229,2313,2401,2491,2599,2705,2800,2873,2753,2625,2508,2391,2277,2169,2055,1951,1841,1726,1611,1495,1407,1293,1176,1067,965,851,749,655,551,441,345,243,145,48,0,0,0,0,0
1258,0,Fake,2885,0,0,0,77,181,279,379,475,587,675,781,879,975,1078,1168,1266,1376,1472,1561,1652,1752,1850,1950,2039,2138,2228,2323,2417,2511,2599,2695,2785,2885,2763,2619,2509,2390,2288,2174,2047,1942,1838,1734,1616,1497,1392,1281,1182,1077,960,846,747,655,552,423,342,240,143,45,0,0,0,0,0
1259,0,Fake,2885,0,0,0,80,175,287,382,475,592,690,787,880,975,1081,1184,1269,1366,1461,1565,1668,1765,1843,1941,2036,2145,2245,2319,2414,2505,2611,2698,2790,2885,2751,2641,2522,2400,2282,2171,2074,1953,1835,1721,1618,1500,1404,1299,1179,1071,955,864,752,649,560,439,339,240,144,48,0,0,0,0,0
1260,0,Fake,2876,0,0,0,75,176,284,382,482,575,684,781,878,976,1075,1168,1270,1375,1463,1571,1661,1763,1858,1947,2032,2129,2233,2333,2411,2509,2594,2714,2805,2876,2747,2625,2515,2403,2276,2173,2061,1952,1837,1728,1616,1494,1407,1296,1174,1074,961,848,750,656,550,445,348,240,149,39,0,0,0,0,0
1261,0,Fake,2896,0,0,0,77,192,279,381,490,580,678,785,882,978,1079,1171,1265,1377,1476,1566,1663,1758,1847,1963,2054,2143,2231,2320,2430,2519,2598,2702,2800,2896,2763,2633,2503,2386,2290,2183,2064,1942,1840,1740,1627,1508,1399,1295,1191,1074,972,858,758,658,553,442,339,239,155,47,0,0,0,0,0
1262,0,Fake,2874,0,0,0,75,176,279,384,486,581,673,771,869,979,1085,1167,1264,1366,1465,1571,1663,1754,1840,1945,2042,2145,2225,2318,2409,2517,2609,2698,2790,2874,2765,2641,2510,2391,2276,2185,2063,1939,1838,1725,1627,1513,1403,1286,1187,1070,971,855,749,653,551,447,336,240,146,43,0,0,0,0,0
1263,0,Fake,2892,0,0,0,78,176,284,377,484,576,672,784,875,976,1070,1168,1265,1380,1463,1568,1655,1749,1847,1951,2039,2140,2224,2325,2419,2508,2595,2699,2795,2892,2762,2624,2503,2387,2290,2177,2062,1936,1831,1735,1617,1495,1404,1284,1196,1081,955,848,752,656,550,434,346,244,148,42,0,0,0,0,0
1264,0,Fake,2879,0,0,0,80,183,278,379,481,592,687,784,884,976,1083,1172,1261,1362,1465,1569,1669,1757,1856,1941,2047,2151,2222,2324,2415,2512,2618,2698,2793,2879,2762,2634,2511,2393,2277,2186,2067,1946,1824,1730,1625,1517,1377,1287,1186,1075,975,864,752,659,547,441,349,240,144,47,0,0,0,0,0
1265,0,Fake,2891,0,0,0,80,178,282,386,485,576,678,767,880,981,1072,1171,1266,1364,1467,1567,1664,1750,1855,1953,2039,2135,2221,2316,2417,2512,2598,2701,2799,2891,2765,2625,2507,2385,2293,2178,2057,1941,1830,1733,1618,1505,1401,1293,1187,1078,946,859,752,649,553,437,343,246,147,48,0,0,0,0,0
1266,0,Fake,2894,0,0,0,80,178,281,384,477,586,686,784,874,981,1079,1175,1271,1381,1485,1584,1663,1762,1855,1965,2047,2124,2233,2315,2427,2512,2608,2704,2796,2894,2769,2632,2515,2391,2288,2187,2072,1951,1837,1725,1625,1516,1403,1295,1198,1072,960,861,754,655,560,455,338,245,149,54,0,0,0,0,0
1267,0,Fake,2878,0,0,0,75,176,273,379,478,578,683,784,867,971,1078,1174,1266,1375,1462,1574,1658,1761,1856,1948,2032,2131,2237,2325,2415,2501,2607,2710,2801,2878,2750,2625,2511,2403,2272,2171,2054,1951,1839,1702,1612,1502,1402,1301,1178,1072,954,849,757,653,555,437,336,249,146,48,0,0,0,0,0
1268,0,Fake,2891,0,0,0,80,175,274,380,475,572,672,771,880,977,1076,1169,1274,1374,1471,1559,1663,1760,1853,1951,2034,2128,2221,2332,2417,2507,2603,2695,2807,2891,2746,2622,2503,2385,2286,2174,2059,1942,1823,1729,1619,1511,1405,1275,1193,1071,951,848,745,658,559,448,340,243,146,44,0,0,0,0,0
1269,0,Fake,2875,0,0,0,78,185,283,384,473,577,674,783,879,975,1076,1168,1270,1378,1463,1563,1667,1765,1867,1951,2038,2139,2231,2331,2414,2502,2608,2703,2809,2875,2750,2625,2510,2402,2288,2160,2064,1938,1849,1741,1613,1500,1392,1292,1193,1070,959,861,754,656,556,446,347,253,144,38,0,0,0,0,0
1270,0,Fake,2889,0,0,0,80,183,274,384,484,575,684,775,882,976,1072,1169,1269,1383,1481,1573,1665,1753,1853,1954,2032,2134,2224,2333,2430,2503,2594,2693,2794,2889,2761,2624,2512,2385,2291,2176,2064,1950,1831,1731,1631,1499,1395,1280,1184,1081,958,859,750,657,560,438,344,248,149,52,0,0,0,0,0
1271,0,Fake,2887,0,0,0,78,171,275,383,474,576,682,782,882,963,1072,1171,1268,1383,1480,1562,1664,1749,1850,1956,2035,2132,2227,2324,2417,2501,2603,2698,2801,2887,2751,2631,2506,2407,2297,2166,2064,1947,1847,1728,1614,1499,1399,1302,1191,1072,959,857,753,649,550,448,339,245,145,51,0,0,0,0,0
1272,0,Fake,2895,0,0,0,64,177,270,379,477,581,671,783,886,978,1072,1170,1264,1375,1469,1583,1662,1753,1850,1951,2043,2131,2226,2315,2429,2518,2601,2704,2800,2895,2762,2628,2510,2401,2291,2184,2055,1937,1835,1739,1622,1503,1391,1290,1193,1085,954,860,752,647,546,439,339,241,142,43,0,0,0,0,0
1273,0,Fake,2881,0,0,0,78,185,272,378,484,577,683,784,870,973,1079,1171,1269,1367,1468,1574,1664,1757,1853,1939,2042,2154,2224,2320,2414,2512,2611,2702,2800,2881,2761,2641,2511,2399,2279,2180,2065,1939,1830,1729,1619,1515,1392,1290,1184,1073,964,859,753,652,558,448,351,246,141,48,0,0,0,0,0
1274,0,Fake,2890,0,0,0,75,172,274,379,482,576,677,783,868,970,1071,1168,1266,1369,1468,1577,1663,1757,1840,1948,2037,2142,2230,2320,2417,2513,2599,2699,2789,2890,2758,2619,2511,2394,2292,2167,2059,1942,1831,1738,1627,1504,1397,1289,1181,1077,962,848,755,641,550,442,338,240,144,47,0,0,0,0,0
1275,0,Fake,2877,0,0,0,80,176,274,381,477,582,684,773,872,974,1083,1171,1270,1362,1465,1571,1671,1754,1853,1947,2047,2143,2228,2327,2420,2512,2615,2704,2791,2877,2765,2640,2512,2388,2279,2182,2073,1936,1836,1731,1631,1515,1399,1295,1191,1082,965,851,753,654,561,447,349,250,144,48,0,0,0,0,0
1276,0,Fake,2879,0,0,0,71,171,278,381,477,579,676,774,878,960,1063,1174,1277,1367,1459,1566,1655,1763,1856,1936,2038,2128,2231,2331,2407,2497,2607,2707,2813,2879,2748,2628,2518,2397,2272,2163,2059,1942,1840,1737,1617,1501,1392,1290,1194,1067,965,860,753,653,550,439,338,246,145,44,0,0,0,0,0
1277,0,Fake,2893,0,0,0,77,170,272,373,483,577,666,777,869,966,1066,1166,1264,1380,1463,1563,1665,1751,1847,1943,2060,2128,2221,2320,2423,2515,2609,2702,2799,2893,2756,2623,2506,2395,2285,2169,2063,1942,1829,1728,1627,1499,1392,1296,1186,1073,950,855,747,650,548,446,339,243,144,52,0,0,0,0,0
1278,0,Fake,2876,0,0,0,78,176,272,378,485,576,671,779,869,976,1081,1171,1264,1372,1475,1578,1659,1744,1845,1938,2032,2135,2222,2320,2419,2513,2603,2694,2790,2876,2755,2633,2499,2384,2282,2173,2065,1942,1829,1728,1617,1516,1393,1283,1186,1072,958,852,747,648,549,446,336,249,144,46,0,0,0,0,0
1279,0,Fake,2875,0,0,0,84,183,282,368,475,578,683,778,880,973,1073,1172,1267,1376,1470,1574,1667,1758,1851,1947,2054,2155,2226,2320,2416,2512,2621,2704,2797,2875,2762,2640,2503,2402,2286,2173,2069,1949,1837,1726,1616,1503,1398,1296,1180,1076,965,858,749,647,555,447,348,243,144,48,0,0,0,0,0
1280,0,Fake,2893,0,0,0,80,177,277,383,473,577,674,784,880,974,1071,1169,1264,1386,1471,1570,1661,1750,1855,1949,2032,2142,2227,2324,2427,2497,2599,2704,2811,2893,2752,2625,2511,2400,2295,2161,2059,1942,1847,1730,1615,1501,1397,1293,1183,1075,962,859,751,655,556,435,346,240,144,48,0,0,0,0,0
1281,0,Fake,2877,0,0,0,78,175,274,372,475,576,675,784,876,965,1072,1169,1278,1371,1462,1568,1661,1760,1861,1941,2033,2135,2237,2334,2416,2510,2603,2708,2803,2877,2751,2625,2513,2410,2259,2171,2061,1959,1845,1729,1613,1509,1406,1294,1187,1070,958,852,748,643,560,441,342,240,146,38,0,0,0,0,0
1282,0,Fake,2878,0,0,0,80,176,279,383,480,586,675,786,877,964,1072,1178,1281,1380,1475,1573,1670,1767,1859,1951,2037,2143,2246,2335,2420,2507,2608,2714,2814,2878,2751,2631,2508,2415,2294,2166,2059,1951,1851,1735,1618,1500,1399,1306,1186,1074,963,855,757,653,555,443,351,252,150,46,0,0,0,0,0
1283,0,Fake,2891,0,0,0,72,177,277,374,475,579,673,775,880,976,1077,1168,1267,1380,1482,1566,1659,1754,1854,1955,2043,2134,2227,2330,2418,2499,2599,2704,2806,2891,2761,2624,2512,2411,2288,2171,2060,1944,1847,1729,1616,1508,1406,1296,1190,1072,961,859,754,656,560,438,336,241,146,47,0,0,0,0,0
1284,0,Fake,2893,0,0,0,80,176,281,380,469,576,677,774,880,976,1072,1173,1263,1378,1472,1567,1659,1753,1851,1947,2047,2133,2235,2326,2419,2502,2603,2699,2809,2893,2752,2627,2501,2386,2288,2175,2061,1941,1831,1721,1623,1500,1395,1294,1178,1072,949,851,747,656,559,437,340,247,143,42,0,0,0,0,0
1285,0,Fake,2891,0,0,0,76,176,272,379,485,571,672,773,882,976,1078,1168,1269,1375,1473,1563,1663,1751,1856,1952,2043,2134,2233,2325,2429,2523,2599,2697,2800,2891,2762,2638,2509,2391,2293,2185,2061,1948,1837,1730,1623,1514,1393,1296,1186,1077,957,849,750,651,557,434,348,247,151,48,0,0,0,0,0
1286,0,Fake,2882,0,0,0,80,176,283,381,478,584,681,773,880,969,1074,1173,1265,1376,1460,1567,1661,1765,1856,1945,2037,2135,2239,2333,2410,2509,2609,2706,2803,2882,2754,2637,2512,2406,2291,2163,2064,1936,1846,1732,1617,1503,1392,1296,1190,1074,960,855,755,653,549,446,339,241,144,48,0,0,0,0,0
1287,0,Fake,2887,0,0,0,77,176,275,378,479,574,677,784,878,962,1071,1180,1254,1383,1473,1563,1659,1762,1856,1953,2039,2134,2226,2327,2421,2499,2608,2704,2803,2887,2747,2628,2509,2402,2295,2173,2062,1942,1844,1729,1616,1515,1402,1301,1190,1066,959,851,758,660,547,447,347,240,146,47,0,0,0,0,0
1288,0,Fake,2883,0,0,0,71,178,273,371,471,582,684,782,878,973,1075,1178,1275,1372,1469,1563,1677,1761,1852,1950,2038,2135,2235,2314,2416,2509,2605,2701,2800,2883,2743,2629,2511,2402,2278,2164,2056,1954,1846,1724,1620,1515,1408,1295,1182,1072,959,852,757,647,544,447,342,252,141,43,0,0,0,0,0
1289,0,Fake,2885,0,0,0,79,162,282,386,481,576,669,780,873,967,1067,1178,1265,1378,1472,1562,1667,1753,1851,1946,2042,2139,2229,2336,2417,2512,2608,2694,2802,2885,2752,2627,2508,2405,2293,2162,2058,1941,1844,1726,1614,1502,1401,1291,1195,1072,966,856,761,656,555,442,343,249,145,46,0,0,0,0,0
1290,0,Fake,2882,0,0,0,80,170,271,379,475,589,673,779,870,973,1086,1170,1271,1367,1460,1563,1648,1751,1846,1957,2044,2141,2232,2328,2432,2512,2609,2704,2800,2882,2763,2641,2507,2395,2281,2182,2075,1948,1838,1734,1621,1503,1406,1295,1184,1087,962,850,752,656,555,448,343,240,144,51,0,0,0,0,0
1291,0,Fake,2889,0,0,0,81,177,284,375,471,574,675,779,880,972,1071,1168,1273,1378,1457,1563,1665,1765,1859,1947,2032,2130,2232,2326,2417,2502,2607,2695,2806,2889,2755,2627,2508,2401,2288,2174,2064,1952,1846,1734,1614,1502,1405,1301,1196,1077,960,859,753,656,546,448,342,241,146,47,0,0,0,0,0
1292,0,Fake,2895,0,0,0,73,177,277,373,479,583,673,779,880,960,1072,1167,1267,1375,1466,1559,1658,1750,1861,1945,2035,2138,2228,2321,2418,2512,2599,2701,2795,2895,2759,2632,2512,2391,2287,2162,2047,1939,1837,1729,1607,1499,1392,1296,1183,1070,960,854,747,658,556,439,337,240,147,49,0,0,0,0,0
1293,0,Fake,2883,0,0,0,82,181,283,384,486,587,686,775,869,976,1085,1167,1266,1375,1479,1584,1666,1762,1854,1949,2055,2144,2231,2323,2432,2524,2602,2706,2798,2883,2766,2647,2507,2390,2290,2185,2067,1954,1842,1719,1631,1513,1401,1286,1196,1081,976,868,753,656,559,449,343,244,152,48,0,0,0,0,0
1294,0,Fake,2877,0,0,0,81,176,275,382,473,585,674,779,874,976,1083,1169,1275,1362,1462,1580,1665,1759,1856,1936,2043,2151,2235,2320,2410,2512,2624,2703,2800,2877,2768,2640,2512,2402,2283,2187,2067,1943,1841,1730,1617,1519,1393,1283,1182,1082,967,848,751,652,555,449,340,240,144,41,0,0,0,0,0
1295,0,Fake,2884,0,0,0,77,187,272,376,475,588,669,774,866,976,1072,1172,1275,1365,1466,1562,1667,1759,1856,1951,2044,2149,2234,2320,2417,2525,2619,2699,2795,2884,2765,2645,2511,2393,2288,2177,2071,1947,1837,1732,1621,1507,1396,1296,1187,1086,973,848,752,656,560,444,341,240,144,43,0,0,0,0,0
1296,0,Fake,2886,0,0,0,80,188,284,387,471,578,681,784,881,976,1082,1178,1279,1374,1474,1567,1655,1766,1861,1935,2047,2142,2233,2320,2415,2511,2609,2715,2813,2886,2760,2625,2516,2416,2291,2167,2064,1945,1842,1735,1619,1507,1406,1300,1190,1077,965,857,754,659,558,442,352,251,144,46,0,0,0,0,0
1297,0,Fake,2881,0,0,0,78,173,288,371,474,574,678,784,880,976,1074,1177,1274,1363,1470,1571,1672,1769,1847,1940,2032,2146,2239,2322,2413,2509,2619,2708,2795,2881,2758,2645,2512,2400,2288,2169,2063,1953,1838,1730,1612,1520,1404,1296,1184,1074,964,857,757,655,545,444,353,249,149,45,0,0,0,0,0
1298,0,Fake,2881,0,0,0,79,177,274,374,482,576,673,771,880,967,1074,1167,1264,1363,1471,1575,1659,1746,1843,1950,2047,2128,2228,2317,2432,2512,2602,2694,2790,2881,2768,2640,2509,2395,2286,2173,2056,1957,1840,1718,1621,1515,1399,1283,1183,1073,969,853,752,653,551,446,338,247,144,41,0,0,0,0,0
1299,0,Fake,2890,0,0,0,80,179,289,386,489,583,685,791,885,976,1088,1189,1280,1373,1478,1588,1673,1763,1854,1945,2058,2146,2229,2320,2419,2510,2625,2713,2800,2890,2763,2653,2521,2406,2288,2181,2071,1960,1843,1734,1625,1520,1407,1299,1196,1075,970,870,752,654,562,448,359,250,153,48,0,0,0,0,0
1300,0,Fake,2884,0,0,0,80,176,274,384,476,578,682,778,880,975,1079,1155,1265,1370,1475,1579,1658,1761,1854,1963,2047,2134,2226,2322,2413,2518,2614,2698,2799,2884,2771,2644,2509,2389,2287,2183,2074,1949,1841,1731,1626,1516,1401,1282,1198,1077,971,855,751,651,563,451,342,247,149,48,0,0,0,0,0
1301,0,Fake,2897,0,0,0,81,185,273,379,478,583,683,787,885,971,1083,1181,1273,1378,1486,1570,1664,1759,1860,1961,2042,2144,2237,2333,2431,2507,2608,2706,2816,2897,2762,2638,2511,2415,2298,2169,2062,1953,1854,1737,1615,1517,1393,1297,1196,1084,961,855,758,658,546,443,349,255,146,49,0,0,0,0,0
1302,0,Fake,2893,0,0,0,71,173,278,386,477,576,682,784,881,979,1074,1174,1278,1388,1471,1574,1660,1759,1862,1947,2035,2135,2224,2338,2413,2512,2607,2700,2801,2893,2758,2629,2510,2408,2289,2173,2063,1951,1841,1737,1616,1508,1396,1298,1187,1073,967,859,757,656,560,442,346,252,147,46,0,0,0,0,0
1303,0,Fake,2881,0,0,0,75,174,279,385,487,580,671,771,884,978,1072,1168,1264,1380,1471,1584,1663,1759,1853,1963,2053,2138,2231,2327,2425,2513,2608,2698,2799,2881,2758,2640,2515,2394,2298,2182,2058,1945,1841,1742,1626,1501,1411,1298,1194,1072,957,859,747,654,557,447,338,251,143,47,0,0,0,0,0
1304,0,Fake,2880,0,0,0,77,176,289,369,465,577,671,779,877,973,1076,1168,1276,1376,1463,1582,1674,1756,1853,1943,2061,2155,2224,2323,2417,2522,2620,2702,2802,2880,2768,2644,2508,2387,2279,2189,2062,1939,1828,1730,1627,1517,1397,1290,1182,1083,965,855,756,641,560,439,342,240,144,48,0,0,0,0,0
1305,0,Fake,2882,0,0,0,73,176,276,382,465,576,670,769,884,975,1072,1177,1264,1377,1473,1563,1660,1790,1860,1959,2038,2134,2242,2336,2432,2512,2626,2698,2829,2882,2751,2634,2503,2407,2291,2176,2058,1949,1847,1725,1620,1506,1397,1288,1187,1072,960,852,757,656,554,448,339,241,147,39,0,0,0,0,0
1306,0,Fake,2894,0,0,0,71,175,277,385,473,581,667,777,871,972,1061,1168,1264,1367,1479,1575,1663,1750,1850,1955,2057,2130,2222,2309,2427,2512,2601,2699,2793,2894,2767,2633,2507,2391,2299,2181,2053,1951,1835,1733,1607,1501,1401,1296,1186,1077,951,860,757,652,560,442,341,241,144,50,0,0,0,0,0
1307,0,Fake,2895,0,0,0,73,178,272,377,473,576,672,781,874,966,1075,1168,1279,1374,1466,1567,1662,1774,1853,1942,2043,2129,2224,2335,2423,2509,2605,2704,2810,2895,2752,2624,2510,2402,2288,2176,2065,1943,1840,1729,1616,1503,1399,1293,1199,1067,960,863,752,656,554,437,338,252,153,47,0,0,0,0,0
1308,0,Fake,2880,0,0,0,73,176,281,378,475,587,676,768,869,974,1074,1173,1265,1375,1469,1569,1661,1744,1844,1939,2045,2138,2226,2327,2413,2515,2615,2695,2803,2880,2768,2640,2512,2385,2275,2183,2065,1938,1827,1722,1617,1517,1392,1294,1179,1068,965,858,757,650,546,441,336,244,144,48,0,0,0,0,0
1309,0,Fake,2895,0,0,0,69,176,266,370,481,579,669,769,869,970,1077,1173,1275,1371,1473,1569,1661,1765,1849,1945,2045,2132,2225,2320,2417,2512,2605,2698,2800,2895,2765,2627,2511,2390,2278,2175,2065,1939,1834,1725,1628,1513,1392,1290,1177,1085,972,855,753,655,554,442,345,240,146,51,0,0,0,0,0
1310,0,Fake,2881,0,0,0,81,174,277,368,467,584,685,779,866,972,1071,1177,1267,1374,1459,1563,1663,1762,1841,1947,2033,2147,2237,2313,2416,2509,2611,2717,2799,2881,2752,2644,2517,2386,2279,2171,2068,1951,1839,1722,1617,1518,1403,1285,1182,1072,961,863,743,656,558,447,339,238,141,36,0,0,0,0,0
1311,0,Fake,2889,0,0,0,70,170,279,374,469,578,673,768,875,973,1075,1169,1267,1378,1467,1568,1657,1749,1847,1951,2034,2135,2224,2336,2428,2498,2598,2704,2813,2889,2747,2626,2507,2390,2288,2174,2058,1946,1831,1733,1621,1498,1401,1283,1193,1073,969,851,751,653,558,433,335,239,150,43,0,0,0,0,0
1312,0,Fake,2877,0,0,0,67,176,275,373,479,585,680,773,878,965,1075,1178,1262,1372,1458,1577,1666,1746,1840,1942,2047,2138,2224,2321,2413,2514,2614,2699,2791,2877,2763,2635,2511,2391,2286,2174,2071,1938,1834,1719,1630,1510,1400,1289,1177,1085,963,851,760,647,551,449,342,240,143,49,0,0,0,0,0
1313,0,Fake,2889,0,0,0,69,168,272,377,482,571,667,770,878,975,1072,1173,1265,1370,1474,1567,1662,1747,1861,1949,2033,2132,2225,2320,2422,2499,2607,2699,2790,2889,2768,2630,2506,2395,2298,2176,2062,1948,1826,1738,1617,1506,1391,1296,1185,1074,961,849,752,653,559,439,343,240,147,48,0,0,0,0,0
1314,0,Fake,2881,0,0,0,69,176,283,374,473,579,685,779,877,976,1066,1173,1271,1366,1458,1567,1664,1765,1843,1942,2037,2140,2234,2311,2413,2503,2602,2704,2800,2881,2752,2635,2522,2398,2285,2167,2045,1947,1842,1716,1621,1503,1402,1301,1187,1072,957,863,751,647,548,438,352,246,140,48,0,0,0,0,0
1315,0,Fake,2896,0,0,0,73,176,272,384,472,578,675,770,868,973,1072,1172,1259,1370,1471,1581,1665,1751,1841,1959,2045,2131,2224,2320,2419,2512,2603,2701,2795,2896,2765,2624,2512,2388,2288,2188,2054,1945,1840,1727,1628,1519,1398,1291,1186,1074,973,849,751,651,550,450,338,251,139,47,0,0,0,0,0
1316,0,Fake,2879,0,0,0,80,174,278,369,476,586,679,775,867,971,1081,1166,1267,1374,1459,1571,1677,1754,1846,1941,2038,2139,2222,2325,2416,2518,2610,2701,2800,2879,2759,2641,2502,2391,2281,2187,2070,1934,1840,1723,1616,1514,1392,1287,1178,1074,963,861,754,651,555,445,347,246,139,43,0,0,0,0,0
1317,0,Fake,2879,0,0,0,80,175,284,379,468,571,682,773,880,969,1072,1161,1274,1377,1470,1565,1663,1767,1856,1946,2033,2139,2240,2325,2410,2502,2607,2717,2809,2879,2741,2635,2521,2409,2287,2171,2057,1953,1840,1719,1616,1502,1399,1295,1198,1075,954,848,749,656,551,449,335,251,144,40,0,0,0,0,0
1318,0,Fake,2894,0,0,0,67,167,278,373,486,577,670,773,877,975,1074,1168,1271,1380,1472,1535,1663,1753,1857,1954,2032,2131,2226,2315,2428,2499,2597,2702,2800,2894,2761,2634,2508,2387,2299,2176,2064,1943,1830,1733,1621,1503,1406,1287,1185,1078,960,851,756,658,550,459,354,246,130,56,0,0,0,0,0
1319,0,Fake,2895,0,0,0,67,175,275,374,474,581,679,770,870,978,1080,1168,1265,1372,1474,1575,1657,1748,1845,1952,2053,2128,2228,2319,2429,2518,2608,2695,2794,2895,2768,2631,2503,2398,2281,2175,2064,1951,1840,1723,1628,1509,1395,1289,1179,1073,974,853,752,652,550,447,336,240,144,49,0,0,0,0,0
1320,0,Fake,2882,0,0,0,81,169,278,384,471,576,681,773,875,969,1081,1169,1267,1363,1472,1578,1659,1747,1847,1949,2047,2118,2224,2320,2422,2513,2597,2699,2794,2882,2763,2629,2503,2387,2279,2176,2060,1943,1840,1723,1626,1511,1393,1290,1188,1084,966,860,752,655,553,448,336,244,147,51,0,0,0,0,0
1321,0,Fake,2894,0,0,0,78,167,272,372,475,586,672,769,867,976,1069,1168,1264,1374,1471,1570,1663,1755,1856,1955,2039,2128,2225,2322,2420,2519,2601,2699,2800,2894,2759,2627,2506,2387,2288,2183,2064,1947,1840,1719,1623,1512,1399,1292,1183,1085,959,858,751,657,548,448,345,246,135,41,0,0,0,0,0
1322,0,Fake,2882,0,0,0,86,179,274,378,485,589,682,784,882,976,1072,1173,1277,1365,1473,1570,1680,1761,1855,1953,2054,2133,2233,2324,2399,2522,2611,2699,2800,2882,2765,2644,2507,2402,2282,2191,2070,1940,1841,1726,1626,1520,1402,1287,1182,1088,976,863,753,656,561,458,342,250,148,45,0,0,0,0,0
1323,0,Fake,2874,0,0,0,80,176,283,378,471,586,671,784,878,975,1078,1168,1278,1383,1469,1570,1674,1764,1862,1941,2044,2133,2239,2339,2411,2511,2609,2717,2811,2874,2759,2634,2510,2410,2293,2167,2063,1954,1845,1743,1617,1505,1403,1293,1196,1074,959,858,766,655,553,449,350,256,144,46,0,0,0,0,0
1324,0,Fake,2892,0,0,0,77,185,272,379,484,576,674,777,871,976,1072,1175,1264,1383,1477,1571,1662,1758,1857,1955,2039,2129,2229,2336,2427,2506,2608,2706,2805,2892,2752,2635,2513,2389,2281,2175,2064,1946,1840,1743,1627,1505,1402,1298,1195,1073,961,850,752,655,554,448,347,251,144,46,0,0,0,0,0
1325,0,Fake,2877,0,0,0,76,176,272,382,465,577,674,784,880,965,1076,1179,1273,1363,1466,1568,1674,1769,1856,1951,2032,2143,2238,2331,2420,2511,2604,2707,2807,2877,2759,2634,2524,2413,2288,2171,2059,1963,1839,1727,1615,1520,1407,1301,1188,1073,963,865,752,649,546,450,339,245,144,62,0,0,0,0,0
1326,0,Fake,2887,0,0,0,80,174,271,371,474,577,677,778,878,970,1075,1175,1259,1372,1478,1571,1664,1755,1849,1943,2045,2144,2231,2325,2416,2523,2620,2704,2796,2887,2768,2642,2512,2395,2286,2177,2073,1946,1835,1732,1623,1510,1399,1294,1185,1075,951,847,752,648,560,443,342,246,144,47,0,0,0,0,0
1327,0,Fake,2875,0,0,0,71,179,275,382,479,576,663,769,867,979,1086,1175,1266,1363,1479,1580,1662,1756,1849,1940,2055,2148,2226,2322,2411,2512,2615,2694,2800,2875,2770,2640,2511,2387,2279,2182,2071,1949,1837,1725,1611,1507,1395,1288,1190,1079,967,869,757,647,545,447,346,239,144,44,0,0,0,0,0
1328,0,Fake,2882,0,0,0,80,176,282,376,482,578,678,774,882,963,1072,1180,1271,1377,1473,1583,1680,1762,1853,1947,2059,2153,2231,2320,2418,2522,2624,2709,2800,2882,2758,2638,2512,2397,2285,2177,2071,1949,1841,1723,1621,1521,1403,1296,1185,1078,972,862,762,651,554,446,347,245,150,44,0,0,0,0,0
1329,0,Fake,2879,0,0,0,72,176,277,379,475,583,673,777,866,976,1077,1185,1264,1371,1472,1580,1668,1764,1856,1943,2046,2137,2224,2326,2415,2519,2621,2704,2797,2879,2770,2646,2506,2393,2283,2183,2072,1947,1838,1727,1632,1509,1404,1294,1179,1078,959,863,754,659,555,450,359,240,143,48,0,0,0,0,0
1330,0,Fake,2895,0,0,0,81,180,285,387,492,585,688,783,879,982,1088,1185,1269,1382,1475,1585,1673,1766,1865,1954,2064,2159,2235,2332,2430,2531,2625,2711,2803,2895,2770,2654,2520,2410,2289,2186,2075,1958,1849,1744,1622,1507,1407,1297,1195,1089,974,864,756,668,573,451,346,258,145,56,0,0,0,0,0
1331,0,Fake,2902,0,0,0,80,176,278,384,480,589,676,784,879,976,1078,1180,1274,1380,1474,1582,1665,1755,1856,1954,2047,2140,2234,2325,2430,2521,2608,2706,2801,2902,2768,2640,2513,2409,2303,2192,2072,1955,1852,1729,1635,1520,1404,1298,1191,1087,974,854,759,646,565,448,347,250,147,50,0,0,0,0,0
1332,0,Fake,2882,0,0,0,74,177,283,379,473,571,687,779,882,976,1075,1177,1279,1381,1472,1569,1666,1773,1867,1953,2037,2146,2244,2335,2419,2510,2613,2722,2815,2882,2755,2633,2521,2411,2278,2171,2064,1947,1845,1735,1620,1503,1395,1298,1200,1081,958,854,755,655,551,446,352,255,147,47,0,0,0,0,0
1333,0,Fake,2891,0,0,0,80,186,273,379,487,578,694,777,870,974,1087,1179,1274,1374,1474,1579,1670,1759,1856,1958,2054,2142,2234,2336,2428,2513,2619,2708,2810,2891,2767,2646,2517,2416,2297,2186,2064,1952,1837,1738,1631,1516,1408,1287,1191,1073,971,866,755,662,556,456,354,243,153,46,0,0,0,0,0
1334,0,Fake,2895,0,0,0,77,176,272,379,471,575,663,777,879,974,1067,1168,1266,1383,1470,1565,1664,1753,1865,1951,2032,2138,2230,2338,2418,2487,2605,2704,2806,2895,2753,2634,2509,2410,2288,2169,2059,1946,1837,1744,1626,1502,1392,1281,1182,1072,961,854,755,649,560,446,336,247,146,48,0,0,0,0,0
1335,0,Fake,2880,0,0,0,79,157,281,377,481,579,667,776,880,968,1073,1175,1271,1362,1472,1584,1675,1763,1852,1941,2060,2141,2224,2321,2418,2519,2622,2699,2803,2880,2765,2639,2509,2402,2287,2179,2065,1945,1840,1731,1618,1516,1403,1294,1184,1082,965,862,749,654,562,447,351,250,145,45,0,0,0,0,0
1336,0,Fake,2901,0,0,0,82,176,285,380,490,592,687,784,877,976,1081,1183,1280,1391,1470,1577,1661,1763,1855,1955,2064,2143,2238,2332,2429,2526,2608,2705,2801,2901,2772,2636,2515,2411,2293,2187,2070,1954,1841,1731,1621,1518,1411,1300,1181,1088,967,857,754,656,563,450,346,257,146,62,0,0,0,0,0
1337,0,Fake,2893,0,0,0,90,190,280,393,494,591,688,784,878,967,1088,1187,1277,1383,1471,1594,1675,1776,1857,1962,2066,2151,2238,2334,2431,2531,2624,2704,2811,2893,2771,2646,2513,2413,2295,2193,2086,1955,1847,1740,1642,1522,1408,1299,1196,1085,975,863,764,658,566,462,350,252,159,50,0,0,0,0,0
1338,0,Fake,2881,0,0,0,80,177,278,379,480,585,686,784,880,981,1073,1171,1273,1371,1483,1583,1663,1752,1863,1966,2047,2141,2237,2331,2415,2517,2609,2704,2802,2881,2768,2640,2509,2403,2304,2190,2067,1948,1840,1735,1633,1521,1399,1293,1193,1077,973,861,749,658,555,451,340,253,155,55,0,0,0,0,0
1339,0,Fake,2897,0,0,0,75,174,274,384,485,574,677,784,874,976,1069,1173,1264,1373,1472,1581,1666,1762,1854,1974,2061,2131,2238,2321,2433,2515,2610,2704,2798,2897,2771,2635,2507,2395,2298,2189,2059,1947,1843,1731,1633,1515,1397,1293,1195,1081,973,854,762,661,561,445,346,242,145,48,0,0,0,0,0
1340,0,Fake,2884,0,0,0,70,177,273,379,484,574,682,775,879,974,1072,1172,1267,1378,1473,1571,1662,1755,1850,1947,2039,2135,2224,2337,2429,2503,2602,2699,2797,2884,2759,2640,2512,2401,2300,2171,2063,1940,1840,1731,1621,1510,1401,1296,1213,1083,970,863,753,654,560,445,341,246,147,45,0,0,0,0,0
1341,0,Fake,2885,0,0,0,76,183,279,384,483,575,667,783,880,965,1074,1175,1269,1378,1467,1559,1661,1746,1865,1957,2036,2135,2221,2335,2426,2510,2608,2698,2807,2885,2754,2636,2512,2401,2295,2166,2046,1951,1846,1739,1616,1513,1403,1305,1191,1065,967,850,752,651,560,435,347,253,154,49,0,0,0,0,0
1342,0,Fake,2891,0,0,0,80,178,274,389,473,583,673,779,880,976,1092,1175,1266,1381,1473,1573,1670,1755,1862,1959,2045,2133,2230,2325,2433,2521,2608,2701,2799,2891,2771,2638,2509,2402,2293,2178,2058,1952,1840,1742,1631,1505,1409,1296,1198,1077,958,862,759,662,559,440,342,239,147,43,0,0,0,0,0
1343,0,Fake,2874,0,0,0,83,176,274,382,477,585,678,778,880,979,1073,1171,1275,1377,1475,1573,1655,1751,1847,1946,2054,2139,2228,2320,2432,2520,2605,2701,2798,2874,2764,2615,2513,2408,2279,2183,2075,1951,1837,1731,1634,1514,1396,1296,1180,1086,967,854,758,653,556,448,346,242,140,49,0,0,0,0,0
1344,0,Fake,2876,0,0,0,79,176,276,386,472,577,669,781,885,969,1072,1166,1270,1383,1463,1577,1664,1766,1863,1950,2035,2138,2240,2335,2418,2507,2608,2713,2806,2876,2754,2640,2526,2415,2289,2176,2063,1963,1849,1724,1613,1507,1403,1303,1191,1074,960,853,755,656,549,444,349,242,143,44,0,0,0,0,0
1345,0,Fake,2890,0,0,0,71,183,272,373,480,574,677,773,874,976,1071,1171,1267,1375,1473,1571,1664,1749,1855,1959,2039,2128,2224,2331,2417,2499,2603,2698,2810,2890,2758,2628,2507,2411,2299,2164,2061,1953,1847,1735,1614,1498,1393,1287,1189,1068,968,851,751,656,558,444,343,251,147,50,0,0,0,0,0
1346,0,Fake,2893,0,0,0,83,179,281,384,478,581,675,784,886,975,1073,1171,1264,1369,1475,1580,1653,1761,1853,1961,2055,2130,2235,2324,2430,2523,2605,2692,2801,2893,2761,2629,2507,2400,2295,2186,2058,1942,1847,1738,1633,1501,1407,1296,1191,1088,967,855,752,657,556,447,343,249,147,54,0,0,0,0,0
1347,0,Fake,2882,0,0,0,77,172,272,374,475,586,688,775,874,976,1085,1169,1274,1366,1472,1579,1669,1758,1845,1940,2045,2149,2229,2327,2416,2512,2620,2704,2800,2882,2768,2646,2513,2403,2288,2187,2065,1947,1835,1725,1626,1519,1406,1298,1183,1084,969,850,756,659,550,446,342,248,147,43,0,0,0,0,0
1348,0,Fake,2880,0,0,0,80,177,272,369,482,576,675,770,875,976,1073,1155,1266,1374,1475,1571,1665,1753,1844,1936,2042,2135,2230,2323,2413,2512,2613,2694,2800,2880,2766,2637,2511,2394,2282,2181,2070,1942,1838,1724,1627,1511,1397,1295,1179,1085,965,853,754,647,551,448,340,247,141,46,0,0,0,0,0
1349,0,Fake,2897,0,0,0,74,178,277,381,465,575,679,778,870,974,1078,1172,1264,1375,1473,1574,1661,1763,1866,1954,2031,2138,2231,2319,2419,2510,2602,2705,2801,2897,2768,2631,2512,2401,2294,2175,2064,1949,1836,1731,1625,1509,1393,1294,1195,1074,963,860,750,662,560,450,350,244,153,48,0,0,0,0,0
1350,0,Fake,2880,0,0,0,73,180,275,370,474,581,682,784,867,970,1075,1177,1264,1375,1470,1573,1679,1762,1856,1945,2039,2150,2244,2321,2411,2505,2608,2714,2811,2880,2753,2625,2516,2416,2288,2167,2064,1951,1842,1731,1635,1511,1401,1305,1181,1077,961,867,762,656,549,447,347,246,141,48,0,0,0,0,0
1351,0,Fake,2898,0,0,0,80,175,283,382,486,587,686,774,880,976,1088,1168,1274,1374,1479,1573,1661,1759,1853,1952,2052,2128,2227,2321,2431,2516,2608,2712,2799,2898,2765,2637,2511,2402,2288,2181,2064,1946,1834,1730,1635,1520,1395,1293,1187,1085,965,849,752,659,551,449,348,242,153,48,0,0,0,0,0
1352,0,Fake,2886,0,0,0,70,176,275,373,475,581,677,771,880,976,1072,1175,1277,1377,1472,1575,1669,1756,1842,1953,2047,2137,2224,2330,2417,2507,2613,2705,2800,2886,2757,2633,2512,2396,2298,2186,2067,1951,1841,1738,1623,1503,1403,1298,1199,1074,971,864,757,664,549,441,343,244,144,45,0,0,0,0,0
1353,0,Fake,2883,0,0,0,77,167,272,371,475,579,669,778,880,969,1072,1173,1274,1374,1471,1573,1678,1750,1845,1942,2045,2141,2235,2320,2410,2522,2625,2704,2798,2883,2768,2645,2515,2405,2283,2165,2066,1938,1831,1727,1626,1518,1397,1292,1182,1081,975,853,759,656,560,447,338,242,153,50,0,0,0,0,0
1354,0,Fake,2894,0,0,0,79,167,276,387,471,580,671,777,879,971,1078,1171,1263,1374,1467,1566,1653,1759,1861,1954,2032,2128,2225,2333,2421,2510,2607,2698,2811,2894,2751,2629,2509,2385,2290,2175,2045,1941,1840,1730,1619,1497,1401,1293,1193,1076,968,850,752,656,545,450,343,250,144,48,0,0,0,0,0
1355,0,Fake,2882,0,0,0,71,174,273,382,469,579,671,772,880,976,1072,1165,1265,1366,1458,1562,1663,1766,1847,1939,2033,2137,2237,2333,2411,2509,2606,2719,2811,2882,2752,2635,2516,2400,2278,2169,2061,1943,1840,1738,1619,1500,1401,1296,1189,1073,960,860,752,662,555,445,343,247,147,36,0,0,0,0,0
1356,0,Fake,2875,0,0,0,77,164,278,370,479,576,671,775,867,971,1074,1172,1276,1365,1459,1582,1667,1759,1856,1938,2045,2144,2225,2320,2414,2511,2608,2704,2797,2875,2766,2643,2514,2397,2275,2182,2069,1949,1834,1725,1623,1511,1396,1289,1184,1077,975,857,752,647,560,451,342,242,144,46,0,0,0,0,0
1357,0,Fake,2880,0,0,0,68,175,276,379,478,586,681,766,879,971,1076,1169,1263,1360,1477,1573,1657,1751,1845,1955,2056,2139,2224,2320,2416,2515,2612,2704,2800,2880,2761,2666,2513,2387,2288,2177,2066,1947,1843,1728,1631,1509,1404,1293,1187,1072,961,857,751,654,549,438,342,243,149,46,0,0,0,0,0
1358,0,Fake,2882,0,0,0,80,184,278,374,476,581,684,783,880,983,1081,1169,1274,1377,1479,1584,1664,1761,1861,1947,2039,2145,2237,2329,2416,2528,2624,2704,2800,2882,2765,2642,2512,2399,2289,2187,2067,1942,1843,1743,1636,1520,1408,1293,1185,1081,966,862,750,656,555,455,356,245,151,53,0,0,0,0,0
1359,0,Fake,2898,0,0,0,73,176,272,368,479,578,678,775,873,973,1086,1171,1263,1366,1463,1579,1662,1748,1856,1955,2046,2129,2227,2320,2426,2517,2611,2702,2796,2898,2768,2627,2509,2401,2290,2187,2064,1949,1835,1727,1631,1520,1392,1293,1184,1081,964,853,751,657,561,452,338,247,141,43,0,0,0,0,0
1360,0,Fake,2879,0,0,0,74,176,268,370,471,585,670,782,877,976,1078,1162,1260,1375,1468,1584,1660,1755,1853,1943,2055,2133,2226,2325,2416,2512,2610,2702,2800,2879,2763,2641,2512,2400,2282,2177,2064,1943,1839,1719,1626,1520,1405,1293,1185,1072,963,864,749,655,557,449,360,238,144,53,0,0,0,0,0
1361,0,Fake,2896,0,0,0,71,176,272,383,479,578,663,772,877,965,1072,1168,1267,1380,1465,1569,1665,1762,1861,1956,2041,2138,2229,2323,2422,2498,2606,2697,2802,2896,2748,2634,2509,2405,2288,2165,2068,1948,1844,1740,1618,1502,1405,1296,1200,1066,958,848,752,655,551,447,339,243,144,47,0,0,0,0,0
1362,0,Fake,2891,0,0,0,69,167,280,374,480,581,671,774,872,978,1068,1166,1271,1377,1472,1570,1668,1746,1862,1950,2025,2139,2228,2331,2422,2500,2605,2699,2805,2891,2748,2626,2512,2395,2288,2172,2062,1937,1832,1728,1622,1505,1392,1285,1193,1082,960,855,750,656,550,435,345,242,146,46,0,0,0,0,0
1363,0,Fake,2895,0,0,0,77,169,282,380,479,578,674,771,868,975,1072,1173,1268,1365,1478,1577,1664,1760,1854,1949,2058,2132,2233,2325,2421,2513,2611,2704,2796,2895,2761,2627,2512,2401,2282,2179,2068,1943,1840,1732,1615,1502,1392,1286,1187,1079,971,860,751,649,557,445,352,240,145,48,0,0,0,0,0
1364,0,Fake,2896,0,0,0,68,177,270,384,468,584,682,770,877,961,1071,1163,1263,1365,1463,1571,1662,1770,1854,1937,2027,2129,2245,2329,2409,2512,2599,2697,2803,2896,2756,2624,2512,2410,2291,2161,2061,1950,1841,1741,1619,1509,1403,1301,1191,1070,956,863,753,658,552,446,338,251,145,42,0,0,0,0,0
1365,0,Fake,2880,0,0,0,70,171,270,368,486,576,674,780,865,976,1071,1166,1265,1372,1460,1568,1664,1753,1845,1947,2043,2138,2229,2316,2416,2512,2617,2689,2800,2880,2768,2640,2508,2397,2276,2176,2064,1955,1840,1725,1617,1507,1395,1287,1181,1074,959,859,749,646,559,445,350,240,142,48,0,0,0,0,0
1366,0,Fake,2887,0,0,0,81,177,277,380,473,577,696,780,880,976,1077,1171,1279,1385,1478,1574,1669,1762,1847,1952,2046,2144,2237,2332,2423,2512,2624,2705,2801,2887,2765,2640,2509,2399,2286,2187,2074,1947,1845,1729,1625,1520,1402,1301,1190,1084,969,854,753,655,547,446,346,248,152,43,0,0,0,0,0
1367,0,Fake,2896,0,0,0,75,178,297,377,478,579,680,785,881,971,1072,1173,1267,1388,1477,1572,1666,1755,1870,1956,2033,2141,2230,2336,2432,2505,2614,2702,2816,2896,2753,2640,2521,2416,2289,2169,2060,1943,1841,1732,1623,1514,1408,1293,1193,1076,969,864,759,659,555,444,336,256,154,49,0,0,0,0,0
1368,0,Fake,2879,0,0,0,80,175,281,379,472,576,674,779,871,971,1087,1169,1263,1364,1472,1573,1655,1753,1854,1951,2059,2140,2234,2319,2416,2505,2604,2704,2800,2879,2769,2624,2502,2401,2288,2177,2071,1947,1840,1723,1628,1509,1393,1287,1185,1072,963,865,756,650,550,453,341,242,148,48,0,0,0,0,0
1369,0,Fake,2880,0,0,0,80,176,279,383,469,576,675,774,875,975,1072,1166,1269,1370,1457,1582,1659,1755,1847,1945,2037,2143,2226,2329,2408,2512,2622,2705,2797,2880,2768,2640,2511,2401,2288,2176,2069,1941,1840,1733,1632,1511,1405,1288,1183,1075,976,856,758,654,557,444,344,242,144,54,0,0,0,0,0
1370,0,Fake,2876,0,0,0,80,179,272,385,479,590,678,779,879,972,1087,1154,1264,1367,1477,1573,1664,1750,1851,1940,2046,2132,2224,2320,2416,2522,2613,2699,2800,2876,2763,2644,2511,2397,2278,2177,2066,1947,1840,1723,1631,1515,1406,1297,1190,1075,971,854,758,651,560,450,346,242,144,48,0,0,0,0,0
1371,0,Fake,2880,0,0,0,80,171,279,368,475,587,673,774,877,976,1083,1174,1266,1375,1463,1580,1657,1759,1853,1946,2043,2148,2227,2321,2411,2519,2613,2699,2795,2880,2768,2645,2511,2396,2285,2175,2069,1947,1838,1722,1630,1518,1396,1289,1179,1079,973,852,748,647,543,443,341,249,147,49,0,0,0,0,0
1372,0,Fake,2875,0,0,0,66,176,273,371,479,579,679,782,868,976,1073,1161,1266,1368,1461,1582,1650,1758,1841,1942,2058,2142,2223,2316,2413,2522,2621,2697,2803,2875,2768,2645,2512,2394,2283,2174,2077,1946,1833,1726,1634,1510,1405,1297,1189,1079,967,864,758,658,548,454,352,241,144,44,0,0,0,0,0
1373,0,Fake,2896,0,0,0,75,167,272,384,477,576,665,770,880,973,1066,1167,1261,1369,1472,1552,1658,1751,1851,1958,2034,2128,2224,2318,2428,2504,2602,2704,2791,2896,2768,2624,2510,2397,2291,2181,2061,1936,1828,1731,1627,1509,1403,1285,1184,1085,967,848,750,655,548,451,346,245,141,51,0,0,0,0,0
1374,0,Fake,2878,0,0,0,66,166,270,370,474,585,668,781,878,974,1069,1163,1266,1370,1463,1559,1653,1757,1858,1948,2034,2131,2240,2330,2413,2507,2601,2713,2814,2878,2749,2627,2512,2399,2279,2176,2058,1940,1842,1740,1614,1497,1398,1296,1185,1069,956,858,752,659,557,447,337,241,141,48,0,0,0,0,0
1375,0,Fake,2873,0,0,0,76,177,271,382,478,577,669,778,880,966,1069,1167,1265,1365,1469,1573,1651,1764,1853,1936,2044,2128,2239,2325,2411,2501,2602,2713,2801,2873,2750,2627,2512,2397,2278,2167,2058,1939,1846,1717,1611,1511,1401,1292,1185,1073,965,857,752,650,551,443,350,247,151,36,0,0,0,0,0
1376,0,Fake,2884,0,0,0,77,176,272,382,473,576,672,783,877,970,1085,1168,1276,1369,1472,1570,1678,1759,1856,1943,2057,2143,2233,2321,2410,2518,2620,2704,2800,2884,2769,2640,2506,2401,2290,2180,2065,1938,1830,1718,1621,1517,1408,1296,1190,1079,963,848,752,656,561,451,341,243,144,45,0,0,0,0,0
1377,0,Fake,2893,0,0,0,69,176,272,373,467,578,669,784,873,960,1065,1170,1264,1370,1459,1569,1668,1761,1854,1955,2031,2130,2226,2337,2427,2508,2609,2704,2802,2893,2751,2626,2503,2410,2288,2170,2064,1941,1849,1728,1616,1504,1402,1289,1183,1069,966,860,745,650,554,445,342,254,144,39,0,0,0,0,0
1378,0,Fake,2882,0,0,0,73,177,282,375,482,580,684,778,876,973,1073,1169,1264,1373,1468,1577,1657,1759,1849,1940,2057,2147,2227,2320,2422,2512,2609,2698,2800,2882,2769,2636,2513,2385,2287,2176,2065,1951,1838,1727,1627,1520,1403,1296,1185,1081,961,873,754,656,560,448,337,251,145,44,0,0,0,0,0
1379,0,Fake,2887,0,0,0,66,175,272,382,472,576,673,772,878,959,1067,1166,1265,1381,1467,1562,1657,1751,1850,1941,2031,2137,2229,2331,2421,2503,2608,2697,2806,2887,2753,2627,2512,2413,2288,2165,2063,1939,1838,1739,1614,1499,1402,1291,1184,1073,963,852,749,659,550,435,338,246,144,47,0,0,0,0,0
1380,0,Fake,2873,0,0,0,67,160,272,383,470,582,678,771,869,973,1072,1165,1278,1375,1468,1563,1663,1763,1858,1939,2031,2131,2239,2332,2407,2497,2608,2695,2806,2873,2758,2629,2504,2410,2288,2165,2058,1947,1840,1742,1627,1500,1399,1295,1190,1070,958,848,759,657,554,449,337,249,147,40,0,0,0,0,0
1381,0,Fake,2881,0,0,0,78,176,273,371,479,569,667,768,873,976,1072,1168,1259,1363,1472,1575,1665,1747,1852,1950,2043,2129,2225,2311,2425,2509,2603,2701,2793,2881,2761,2631,2509,2399,2287,2176,2061,1941,1840,1734,1619,1495,1392,1289,1195,1075,960,855,758,656,549,439,345,239,145,49,0,0,0,0,0
1382,0,Fake,2887,0,0,0,73,166,276,381,473,561,670,773,870,976,1075,1162,1264,1372,1470,1566,1653,1747,1848,1953,2022,2130,2224,2318,2422,2514,2594,2703,2794,2887,2763,2630,2512,2390,2286,2179,2059,1949,1835,1728,1630,1509,1404,1294,1195,1082,957,847,751,653,551,434,339,240,144,48,0,0,0,0,0
1383,0,Fake,2877,0,0,0,77,171,263,375,465,573,667,779,865,968,1072,1172,1283,1360,1460,1571,1654,1757,1850,1934,2035,2145,2229,2320,2405,2498,2610,2710,2789,2877,2752,2641,2518,2387,2281,2170,2072,1957,1840,1723,1619,1521,1397,1290,1186,1075,963,863,743,645,544,436,339,249,136,48,0,0,0,0,0
1384,0,Fake,2877,0,0,0,70,177,272,375,480,576,677,768,873,965,1082,1171,1275,1365,1468,1568,1667,1757,1847,1943,2047,2147,2229,2320,2411,2512,2615,2698,2799,2877,2762,2637,2512,2397,2276,2185,2064,1941,1837,1715,1631,1509,1403,1296,1187,1085,964,861,750,656,555,442,346,239,138,50,0,0,0,0,0
1385,0,Fake,2886,0,0,0,70,176,272,384,483,576,670,771,880,972,1079,1171,1264,1373,1462,1566,1659,1749,1841,1957,2055,2145,2222,2323,2419,2512,2607,2687,2800,2886,2767,2622,2512,2402,2294,2176,2064,1949,1846,1735,1619,1511,1399,1293,1191,1072,966,865,761,657,554,442,342,247,143,39,0,0,0,0,0
1386,0,Fake,2888,0,0,0,85,185,282,374,484,587,686,771,880,979,1081,1187,1264,1373,1467,1584,1673,1764,1854,1951,2039,2144,2239,2330,2416,2512,2615,2718,2805,2888,2753,2650,2531,2401,2290,2177,2074,1962,1840,1733,1615,1522,1406,1289,1193,1072,971,862,765,654,555,459,357,243,146,48,0,0,0,0,0
1387,0,Fake,2897,0,0,0,73,182,275,386,479,581,674,771,874,978,1073,1173,1263,1376,1475,1572,1659,1757,1845,1953,2047,2137,2233,2321,2421,2521,2608,2705,2799,2897,2767,2627,2506,2401,2285,2178,2073,1946,1843,1722,1631,1521,1398,1294,1200,1077,962,852,754,656,554,449,350,240,138,47,0,0,0,0,0
1388,0,Fake,2890,0,0,0,78,165,281,384,474,589,678,778,879,971,1075,1167,1270,1381,1471,1564,1666,1759,1853,1955,2034,2129,2229,2339,2432,2502,2607,2700,2795,2890,2750,2630,2507,2400,2295,2162,2064,1945,1830,1734,1627,1510,1394,1297,1193,1079,961,863,758,651,560,435,342,252,143,48,0,0,0,0,0
1389,0,Fake,2883,0,0,0,79,175,275,387,476,585,674,784,881,977,1078,1173,1266,1375,1472,1574,1665,1757,1870,1951,2042,2143,2224,2330,2432,2510,2605,2711,2805,2883,2758,2639,2507,2406,2302,2186,2061,1945,1842,1722,1623,1513,1403,1291,1200,1088,970,854,753,667,564,439,349,251,157,51,0,0,0,0,0
1390,0,Fake,2892,0,0,0,75,175,282,385,485,580,675,783,878,969,1067,1168,1273,1386,1461,1574,1662,1751,1855,1954,2044,2135,2227,2337,2425,2508,2610,2704,2807,2892,2757,2631,2503,2407,2294,2167,2054,1943,1840,1738,1616,1506,1404,1303,1199,1070,958,855,756,656,558,448,336,248,149,42,0,0,0,0,0
1391,0,Fake,2894,0,0,0,70,176,272,375,483,575,673,772,866,977,1072,1167,1264,1378,1475,1568,1663,1758,1845,1946,2055,2135,2231,2321,2397,2510,2597,2690,2793,2894,2759,2630,2509,2397,2288,2186,2064,1939,1833,1716,1623,1506,1395,1292,1187,1078,971,853,752,652,560,441,346,242,143,48,0,0,0,0,0
1392,0,Fake,2885,0,0,0,71,176,277,377,467,576,673,767,870,976,1071,1161,1270,1366,1470,1571,1674,1756,1840,1949,2054,2139,2225,2320,2413,2510,2613,2701,2800,2885,2765,2639,2512,2390,2277,2188,2066,1948,1840,1722,1629,1520,1392,1283,1182,1076,973,853,752,656,545,453,340,240,146,44,0,0,0,0,0
1393,0,Fake,2893,0,0,0,72,176,272,369,471,576,675,768,871,974,1070,1165,1266,1366,1469,1567,1653,1745,1860,1945,2037,2130,2218,2327,2422,2507,2597,2693,2800,2893,2747,2626,2506,2402,2287,2176,2063,1936,1840,1740,1612,1509,1398,1294,1195,1072,963,848,747,659,548,439,347,241,147,47,0,0,0,0,0
1394,0,Fake,2883,0,0,0,67,180,282,368,484,582,672,773,875,972,1076,1164,1269,1371,1465,1568,1669,1750,1851,1937,2035,2147,2225,2324,2416,2514,2611,2704,2791,2883,2759,2640,2507,2397,2279,2178,2064,1951,1839,1721,1632,1515,1409,1291,1178,1083,974,861,752,651,549,454,350,235,143,43,0,0,0,0,0
1395,0,Fake,2878,0,0,0,75,167,278,375,478,578,668,782,868,973,1072,1162,1270,1367,1470,1567,1671,1753,1842,1936,2055,2141,2234,2320,2412,2513,2614,2704,2791,2878,2759,2643,2499,2391,2273,2177,2064,1947,1833,1718,1627,1517,1394,1295,1189,1079,975,861,753,655,559,448,337,241,147,48,0,0,0,0,0
1396,0,Fake,2892,0,0,0,74,176,278,382,477,573,667,773,873,965,1070,1170,1273,1385,1465,1569,1663,1749,1860,1954,2033,2129,2231,2333,2419,2503,2608,2704,2803,2892,2752,2624,2509,2412,2298,2170,2043,1946,1838,1741,1626,1504,1398,1290,1179,1072,964,858,742,655,555,443,339,243,142,48,0,0,0,0,0
1397,0,Fake,2896,0,0,0,80,182,284,385,469,575,663,773,880,966,1079,1169,1264,1371,1470,1575,1662,1747,1842,1936,2043,2139,2235,2323,2423,2512,2599,2698,2799,2896,2763,2629,2512,2397,2288,2174,2058,1938,1841,1739,1623,1511,1406,1295,1190,1079,961,867,751,650,561,445,345,255,145,45,0,0,0,0,0
1398,0,Fake,2884,0,0,0,77,178,272,374,478,576,670,778,867,963,1075,1162,1264,1371,1472,1568,1669,1747,1841,1947,2059,2141,2226,2321,2415,2516,2609,2697,2786,2884,2768,2639,2508,2397,2282,2173,2071,1947,1840,1717,1619,1506,1396,1287,1182,1074,971,853,754,655,553,449,341,247,149,48,0,0,0,0,0
1399,0,Fake,2881,0,0,0,76,176,277,368,478,577,675,782,866,965,1067,1170,1274,1370,1463,1566,1666,1770,1857,1949,2044,2147,2241,2320,2413,2503,2610,2707,2795,2881,2751,2639,2519,2391,2285,2161,2070,1952,1839,1725,1617,1509,1403,1290,1187,1073,967,855,749,656,554,443,348,249,148,47,0,0,0,0,0
1400,0,Fake,2883,0,0,0,67,176,272,371,474,575,675,763,868,966,1079,1173,1269,1371,1470,1582,1654,1758,1849,1953,2055,2131,2224,2315,2413,2517,2615,2698,2795,2883,2757,2637,2513,2390,2278,2174,2063,1939,1830,1720,1621,1519,1395,1286,1186,1072,962,857,751,650,555,441,334,245,137,50,0,0,0,0,0
1401,0,Fake,2881,0,0,0,76,176,265,368,467,577,666,755,866,976,1071,1167,1264,1362,1463,1570,1658,1753,1840,1952,2043,2128,2226,2315,2410,2514,2598,2698,2795,2881,2758,2634,2512,2398,2288,2176,2071,1937,1837,1721,1621,1506,1398,1293,1181,1072,959,848,748,655,554,439,340,252,139,48,0,0,0,0,0
1402,0,Fake,2884,0,0,0,79,176,278,373,482,582,681,784,880,971,1074,1181,1269,1374,1463,1571,1678,1762,1850,1944,2061,2144,2229,2324,2415,2512,2624,2707,2799,2884,2767,2640,2519,2397,2285,2187,2066,1943,1840,1723,1622,1523,1393,1298,1183,1088,970,859,751,647,555,449,350,254,149,48,0,0,0,0,0
1403,0,Fake,2895,0,0,0,76,176,272,382,471,576,671,775,881,981,1072,1168,1265,1369,1471,1569,1668,1757,1854,1959,2041,2139,2229,2325,2419,2509,2602,2693,2815,2895,2757,2626,2506,2405,2299,2165,2054,1947,1840,1725,1624,1505,1403,1283,1191,1073,960,851,747,655,556,452,339,239,148,50,0,0,0,0,0
1404,0,Fake,2896,0,0,0,78,176,276,383,477,584,674,780,867,976,1069,1174,1273,1367,1469,1574,1665,1758,1855,1953,2054,2131,2224,2319,2433,2518,2587,2703,2794,2896,2768,2635,2514,2398,2302,2180,2063,1948,1833,1717,1617,1495,1395,1283,1178,1073,969,850,755,656,553,454,337,240,147,48,0,0,0,0,0
